nodes,carriers,timesteps,shadow_price_system_balance
NLD,power,2024-01-01 00:00:00,0.007627272149546954
NLD,power,2024-01-01 01:00:00,0.007627272160856509
NLD,power,2024-01-01 02:00:00,0.007627267286653465
NLD,power,2024-01-01 03:00:00,-1.0018257479891152e-10
NLD,power,2024-01-01 04:00:00,-1.0136422318726414e-10
NLD,power,2024-01-01 05:00:00,-1.0167054492485681e-10
NLD,power,2024-01-01 06:00:00,-1.0141664831380454e-10
NLD,power,2024-01-01 07:00:00,-1.0130792916883033e-10
NLD,power,2024-01-01 08:00:00,-1.0602569588109154e-10
NLD,power,2024-01-01 09:00:00,-1.1881943347938548e-10
NLD,power,2024-01-01 10:00:00,-1.3871096622759547e-10
NLD,power,2024-01-01 11:00:00,-1.622881283305477e-10
NLD,power,2024-01-01 12:00:00,0.0
NLD,power,2024-01-01 13:00:00,0.0
NLD,power,2024-01-01 14:00:00,-1.5531965697358103e-10
NLD,power,2024-01-01 15:00:00,-1.26863762042679e-10
NLD,power,2024-01-01 16:00:00,-1.041586535133547e-10
NLD,power,2024-01-01 17:00:00,0.0
NLD,power,2024-01-01 18:00:00,0.007627270620312356
NLD,power,2024-01-01 19:00:00,0.0076272687459157
NLD,power,2024-01-01 20:00:00,0.0076272714706150085
NLD,power,2024-01-01 21:00:00,0.007627288820710374
NLD,power,2024-01-01 22:00:00,0.0
NLD,power,2024-01-01 23:00:00,-1.07275135002343e-10
NLD,power,2024-01-02 00:00:00,-1.1382155791525365e-10
NLD,power,2024-01-02 01:00:00,-1.1959791188604963e-10
NLD,power,2024-01-02 02:00:00,-1.2335747766254519e-10
NLD,power,2024-01-02 03:00:00,-1.2606785452010167e-10
NLD,power,2024-01-02 04:00:00,-1.2887379988279157e-10
NLD,power,2024-01-02 05:00:00,-1.2845533233018874e-10
NLD,power,2024-01-02 06:00:00,-1.197815463241672e-10
NLD,power,2024-01-02 07:00:00,-1.1000011469592906e-10
NLD,power,2024-01-02 08:00:00,-1.1037874316828906e-10
NLD,power,2024-01-02 09:00:00,-1.1050465336841368e-10
NLD,power,2024-01-02 10:00:00,-1.1879204095035975e-10
NLD,power,2024-01-02 11:00:00,-1.304580993800761e-10
NLD,power,2024-01-02 12:00:00,-1.3804014476104592e-10
NLD,power,2024-01-02 13:00:00,-1.3750836780732664e-10
NLD,power,2024-01-02 14:00:00,-1.2901749693727927e-10
NLD,power,2024-01-02 15:00:00,-1.1477058741540319e-10
NLD,power,2024-01-02 16:00:00,-1.0300686301997946e-10
NLD,power,2024-01-02 17:00:00,0.007627223549448079
NLD,power,2024-01-02 18:00:00,0.007627312597053872
NLD,power,2024-01-02 19:00:00,0.007627274084997648
NLD,power,2024-01-02 20:00:00,0.0076272753701200945
NLD,power,2024-01-02 21:00:00,0.015254558186466509
NLD,power,2024-01-02 22:00:00,4.62048754593991e-09
NLD,power,2024-01-02 23:00:00,-1.0525436246432305e-10
NLD,power,2024-01-03 00:00:00,-1.1276226143855091e-10
NLD,power,2024-01-03 01:00:00,-1.193979952594182e-10
NLD,power,2024-01-03 02:00:00,-1.2391731317293944e-10
NLD,power,2024-01-03 03:00:00,-1.242448904333122e-10
NLD,power,2024-01-03 04:00:00,-1.221607257592134e-10
NLD,power,2024-01-03 05:00:00,-1.182055778136722e-10
NLD,power,2024-01-03 06:00:00,-1.0976754027762738e-10
NLD,power,2024-01-03 07:00:00,0.0
NLD,power,2024-01-03 08:00:00,0.00762727606507193
NLD,power,2024-01-03 09:00:00,0.007627270227697774
NLD,power,2024-01-03 10:00:00,-1.0357020828311652e-10
NLD,power,2024-01-03 11:00:00,-1.1448373774683975e-10
NLD,power,2024-01-03 12:00:00,-1.2024292051280066e-10
NLD,power,2024-01-03 13:00:00,-1.1460595532027643e-10
NLD,power,2024-01-03 14:00:00,-1.0949817496900091e-10
NLD,power,2024-01-03 15:00:00,3.258187597902894e-09
NLD,power,2024-01-03 16:00:00,0.022881845191921785
NLD,power,2024-01-03 17:00:00,0.007627348940851525
NLD,power,2024-01-03 18:00:00,0.049768417891426574
NLD,power,2024-01-03 19:00:00,0.04976841894893998
NLD,power,2024-01-03 20:00:00,0.0497684196003277
NLD,power,2024-01-03 21:00:00,0.04976841964214254
NLD,power,2024-01-03 22:00:00,0.049768415175357766
NLD,power,2024-01-03 23:00:00,0.007627276795082595
NLD,power,2024-01-04 00:00:00,0.007627275017494877
NLD,power,2024-01-04 01:00:00,0.007627265637576513
NLD,power,2024-01-04 02:00:00,0.0076272668722938254
NLD,power,2024-01-04 03:00:00,0.0076272608884207825
NLD,power,2024-01-04 04:00:00,0.0
NLD,power,2024-01-04 05:00:00,1.051038216877816e-08
NLD,power,2024-01-04 06:00:00,5.566133091841709e-09
NLD,power,2024-01-04 07:00:00,0.022881792385033618
NLD,power,2024-01-04 08:00:00,0.007627276424847532
NLD,power,2024-01-04 09:00:00,0.015254966261752137
NLD,power,2024-01-04 10:00:00,1.4631791725705064e-08
NLD,power,2024-01-04 11:00:00,0.007626830303060283
NLD,power,2024-01-04 12:00:00,4.054592935294463e-09
NLD,power,2024-01-04 13:00:00,4.736130814030458e-09
NLD,power,2024-01-04 14:00:00,0.022881813092932267
NLD,power,2024-01-04 15:00:00,0.0497684195244083
NLD,power,2024-01-04 16:00:00,0.04976842042419757
NLD,power,2024-01-04 17:00:00,0.04976842039759103
NLD,power,2024-01-04 18:00:00,0.04976842050794832
NLD,power,2024-01-04 19:00:00,0.049768420522009416
NLD,power,2024-01-04 20:00:00,0.04976842056410481
NLD,power,2024-01-04 21:00:00,0.049768420441332034
NLD,power,2024-01-04 22:00:00,0.04976841950067058
NLD,power,2024-01-04 23:00:00,0.022881837389828057
NLD,power,2024-01-05 00:00:00,8.099950184503923e-09
NLD,power,2024-01-05 01:00:00,8.950475522116733e-09
NLD,power,2024-01-05 02:00:00,0.007627239153817544
NLD,power,2024-01-05 03:00:00,-1.0322141800322085e-10
NLD,power,2024-01-05 04:00:00,-1.0691659805835815e-10
NLD,power,2024-01-05 05:00:00,-1.0811279548507783e-10
NLD,power,2024-01-05 06:00:00,-1.0481070163918907e-10
NLD,power,2024-01-05 07:00:00,0.007627267780735238
NLD,power,2024-01-05 08:00:00,-1.0017789647566684e-10
NLD,power,2024-01-05 09:00:00,-1.1073233518177754e-10
NLD,power,2024-01-05 10:00:00,-1.3373738304574923e-10
NLD,power,2024-01-05 11:00:00,-1.5889254587579414e-10
NLD,power,2024-01-05 12:00:00,0.0
NLD,power,2024-01-05 13:00:00,0.0
NLD,power,2024-01-05 14:00:00,-1.4800948086199866e-10
NLD,power,2024-01-05 15:00:00,-1.2847246756481286e-10
NLD,power,2024-01-05 16:00:00,-1.1206688905219185e-10
NLD,power,2024-01-05 17:00:00,-1.0685319925559916e-10
NLD,power,2024-01-05 18:00:00,-1.030895569467221e-10
NLD,power,2024-01-05 19:00:00,-1.0142896634980136e-10
NLD,power,2024-01-05 20:00:00,-1.0024431254327994e-10
NLD,power,2024-01-05 21:00:00,-1.0030038362493084e-10
NLD,power,2024-01-05 22:00:00,-1.0470478933484122e-10
NLD,power,2024-01-05 23:00:00,-1.1012793249411436e-10
NLD,power,2024-01-06 00:00:00,-1.1357727324770917e-10
NLD,power,2024-01-06 01:00:00,-1.1735557876149685e-10
NLD,power,2024-01-06 02:00:00,-1.196062851737628e-10
NLD,power,2024-01-06 03:00:00,-1.2395339505846502e-10
NLD,power,2024-01-06 04:00:00,-1.272083711746283e-10
NLD,power,2024-01-06 05:00:00,-1.2835548780958637e-10
NLD,power,2024-01-06 06:00:00,-1.2771348007271637e-10
NLD,power,2024-01-06 07:00:00,-1.2556643043234438e-10
NLD,power,2024-01-06 08:00:00,-1.342874347268325e-10
NLD,power,2024-01-06 09:00:00,-1.5518810536789922e-10
NLD,power,2024-01-06 10:00:00,0.0
NLD,power,2024-01-06 11:00:00,0.0
NLD,power,2024-01-06 12:00:00,0.0
NLD,power,2024-01-06 13:00:00,0.0
NLD,power,2024-01-06 14:00:00,-1.839093112173378e-10
NLD,power,2024-01-06 15:00:00,-1.4579506449114278e-10
NLD,power,2024-01-06 16:00:00,-1.1567625442034938e-10
NLD,power,2024-01-06 17:00:00,-1.0806300032851609e-10
NLD,power,2024-01-06 18:00:00,-1.0127299079320943e-10
NLD,power,2024-01-06 19:00:00,0.0076272690530682806
NLD,power,2024-01-06 20:00:00,0.007627272523019318
NLD,power,2024-01-06 21:00:00,0.007627276407057771
NLD,power,2024-01-06 22:00:00,0.007627268387436762
NLD,power,2024-01-06 23:00:00,-1.0166375813448173e-10
NLD,power,2024-01-07 00:00:00,-1.0682080434774515e-10
NLD,power,2024-01-07 01:00:00,-1.1238700047302937e-10
NLD,power,2024-01-07 02:00:00,-1.1613123900077723e-10
NLD,power,2024-01-07 03:00:00,-1.1807306851164277e-10
NLD,power,2024-01-07 04:00:00,-1.1838142013177926e-10
NLD,power,2024-01-07 05:00:00,-1.172050204042289e-10
NLD,power,2024-01-07 06:00:00,-1.1451157747008677e-10
NLD,power,2024-01-07 07:00:00,-1.108049347810021e-10
NLD,power,2024-01-07 08:00:00,-1.2142702984577307e-10
NLD,power,2024-01-07 09:00:00,-1.4752287555353232e-10
NLD,power,2024-01-07 10:00:00,0.0
NLD,power,2024-01-07 11:00:00,0.0
NLD,power,2024-01-07 12:00:00,0.0
NLD,power,2024-01-07 13:00:00,0.0
NLD,power,2024-01-07 14:00:00,-1.7583036154439268e-10
NLD,power,2024-01-07 15:00:00,-1.3735290622264322e-10
NLD,power,2024-01-07 16:00:00,-1.0722459911569428e-10
NLD,power,2024-01-07 17:00:00,7.0479176202024354e-09
NLD,power,2024-01-07 18:00:00,0.015254526772708527
NLD,power,2024-01-07 19:00:00,0.007627274605191519
NLD,power,2024-01-07 20:00:00,0.007627280024322083
NLD,power,2024-01-07 21:00:00,0.0076273018481244495
NLD,power,2024-01-07 22:00:00,0.01525458043533902
NLD,power,2024-01-07 23:00:00,7.246493286022511e-09
NLD,power,2024-01-08 00:00:00,-1.0132203893811806e-10
NLD,power,2024-01-08 01:00:00,-1.056473277559155e-10
NLD,power,2024-01-08 02:00:00,-1.081832898484265e-10
NLD,power,2024-01-08 03:00:00,-1.078990880015977e-10
NLD,power,2024-01-08 04:00:00,-1.0771584651491937e-10
NLD,power,2024-01-08 05:00:00,-1.0933579046510465e-10
NLD,power,2024-01-08 06:00:00,2.1312330869219313e-09
NLD,power,2024-01-08 07:00:00,0.04976841753906199
NLD,power,2024-01-08 08:00:00,0.04976841686082901
NLD,power,2024-01-08 09:00:00,1.6752715901281692e-09
NLD,power,2024-01-08 10:00:00,-1.1719163933900282e-10
NLD,power,2024-01-08 11:00:00,-1.1931079692830607e-10
NLD,power,2024-01-08 12:00:00,-1.185923217447552e-10
NLD,power,2024-01-08 13:00:00,-1.1859452668725664e-10
NLD,power,2024-01-08 14:00:00,8.82034652543254e-10
NLD,power,2024-01-08 15:00:00,0.04976841410631899
NLD,power,2024-01-08 16:00:00,0.049768420640571055
NLD,power,2024-01-08 17:00:00,0.049768420728821726
NLD,power,2024-01-08 18:00:00,0.04976842083440209
NLD,power,2024-01-08 19:00:00,0.04976842090407942
NLD,power,2024-01-08 20:00:00,0.049768420972560845
NLD,power,2024-01-08 21:00:00,0.04976842098524889
NLD,power,2024-01-08 22:00:00,0.04976842082159882
NLD,power,2024-01-08 23:00:00,0.049768420520739355
NLD,power,2024-01-09 00:00:00,0.04976841993987098
NLD,power,2024-01-09 01:00:00,0.04976841798935615
NLD,power,2024-01-09 02:00:00,0.04976840364816326
NLD,power,2024-01-09 03:00:00,0.007627527814653959
NLD,power,2024-01-09 04:00:00,0.049768403227152404
NLD,power,2024-01-09 05:00:00,0.04976841648153995
NLD,power,2024-01-09 06:00:00,0.04976842010626365
NLD,power,2024-01-09 07:00:00,0.049768420767556464
NLD,power,2024-01-09 08:00:00,0.04976842074176611
NLD,power,2024-01-09 09:00:00,0.04976842043286057
NLD,power,2024-01-09 10:00:00,0.04976841950093657
NLD,power,2024-01-09 11:00:00,0.049768416036757274
NLD,power,2024-01-09 12:00:00,0.04976841846542524
NLD,power,2024-01-09 13:00:00,0.049768420240525135
NLD,power,2024-01-09 14:00:00,0.04976842067467231
NLD,power,2024-01-09 15:00:00,0.04976842086263937
NLD,power,2024-01-09 16:00:00,0.04976842094281541
NLD,power,2024-01-09 17:00:00,0.04976842094287346
NLD,power,2024-01-09 18:00:00,0.04976842098581468
NLD,power,2024-01-09 19:00:00,0.0497684210007765
NLD,power,2024-01-09 20:00:00,0.04976842101702211
NLD,power,2024-01-09 21:00:00,0.04976842099921304
NLD,power,2024-01-09 22:00:00,0.0497684208403594
NLD,power,2024-01-09 23:00:00,0.04976842056379119
NLD,power,2024-01-10 00:00:00,0.0497684201219954
NLD,power,2024-01-10 01:00:00,0.049768418280480446
NLD,power,2024-01-10 02:00:00,0.0076272834794028485
NLD,power,2024-01-10 03:00:00,0.007627274364870276
NLD,power,2024-01-10 04:00:00,0.007627273441964106
NLD,power,2024-01-10 05:00:00,0.007627279923677967
NLD,power,2024-01-10 06:00:00,0.049768419396693235
NLD,power,2024-01-10 07:00:00,0.049768420655621246
NLD,power,2024-01-10 08:00:00,0.04976842077440335
NLD,power,2024-01-10 09:00:00,0.0497684206458156
NLD,power,2024-01-10 10:00:00,0.049768420251284265
NLD,power,2024-01-10 11:00:00,0.049768419380792524
NLD,power,2024-01-10 12:00:00,0.04976841676822106
NLD,power,2024-01-10 13:00:00,0.04976841790072666
NLD,power,2024-01-10 14:00:00,0.049768419820904845
NLD,power,2024-01-10 15:00:00,0.04976842057848804
NLD,power,2024-01-10 16:00:00,0.04976842077809866
NLD,power,2024-01-10 17:00:00,0.04976842077535847
NLD,power,2024-01-10 18:00:00,0.049768420835626125
NLD,power,2024-01-10 19:00:00,0.049768420869312255
NLD,power,2024-01-10 20:00:00,0.04976842089780132
NLD,power,2024-01-10 21:00:00,0.04976842083882474
NLD,power,2024-01-10 22:00:00,0.049768420558098776
NLD,power,2024-01-10 23:00:00,0.04976841955105093
NLD,power,2024-01-11 00:00:00,0.007627357034049723
NLD,power,2024-01-11 01:00:00,0.007627248284811836
NLD,power,2024-01-11 02:00:00,0.007627269591585339
NLD,power,2024-01-11 03:00:00,0.007627271921294185
NLD,power,2024-01-11 04:00:00,0.007627266949672891
NLD,power,2024-01-11 05:00:00,5.957629655358269e-09
NLD,power,2024-01-11 06:00:00,0.049768412826387484
NLD,power,2024-01-11 07:00:00,0.04976842046819531
NLD,power,2024-01-11 08:00:00,0.04976842047913843
NLD,power,2024-01-11 09:00:00,0.030509130922256083
NLD,power,2024-01-11 10:00:00,9.474621583584907e-10
NLD,power,2024-01-11 11:00:00,-1.1864184623890435e-10
NLD,power,2024-01-11 12:00:00,-1.1617537679761638e-10
NLD,power,2024-01-11 13:00:00,-1.1377590460226101e-10
NLD,power,2024-01-11 14:00:00,9.884863723176545e-10
NLD,power,2024-01-11 15:00:00,0.022881817902167784
NLD,power,2024-01-11 16:00:00,0.049768420452632016
NLD,power,2024-01-11 17:00:00,0.049768420617564584
NLD,power,2024-01-11 18:00:00,0.049768420696529585
NLD,power,2024-01-11 19:00:00,0.04976842074269785
NLD,power,2024-01-11 20:00:00,0.049768420796680646
NLD,power,2024-01-11 21:00:00,0.049768420751232195
NLD,power,2024-01-11 22:00:00,0.04976842044315057
NLD,power,2024-01-11 23:00:00,0.04976841910000758
NLD,power,2024-01-12 00:00:00,0.007627453557635156
NLD,power,2024-01-12 01:00:00,0.007627269357122522
NLD,power,2024-01-12 02:00:00,0.007627272605193714
NLD,power,2024-01-12 03:00:00,0.007627273543316058
NLD,power,2024-01-12 04:00:00,0.007627272192193992
NLD,power,2024-01-12 05:00:00,3.4689073280919245e-08
NLD,power,2024-01-12 06:00:00,0.04976841509474514
NLD,power,2024-01-12 07:00:00,0.04976842050794476
NLD,power,2024-01-12 08:00:00,0.04976841991232097
NLD,power,2024-01-12 09:00:00,5.732707130619427e-09
NLD,power,2024-01-12 10:00:00,-1.1212333582053969e-10
NLD,power,2024-01-12 11:00:00,-1.1675567172039987e-10
NLD,power,2024-01-12 12:00:00,-1.1758889519060903e-10
NLD,power,2024-01-12 13:00:00,-1.1940192780389414e-10
NLD,power,2024-01-12 14:00:00,7.987477191556253e-10
NLD,power,2024-01-12 15:00:00,0.03050907420635028
NLD,power,2024-01-12 16:00:00,0.04976842065313274
NLD,power,2024-01-12 17:00:00,0.04976842078129824
NLD,power,2024-01-12 18:00:00,0.049768420817221125
NLD,power,2024-01-12 19:00:00,0.04976842081741206
NLD,power,2024-01-12 20:00:00,0.049768420791495835
NLD,power,2024-01-12 21:00:00,0.049768420688122796
NLD,power,2024-01-12 22:00:00,0.04976842013396201
NLD,power,2024-01-12 23:00:00,0.04976840823983172
NLD,power,2024-01-13 00:00:00,0.007598800376913729
NLD,power,2024-01-13 01:00:00,0.007627235318538135
NLD,power,2024-01-13 02:00:00,0.007627268945114179
NLD,power,2024-01-13 03:00:00,0.0076272666101118635
NLD,power,2024-01-13 04:00:00,0.0076272645522803
NLD,power,2024-01-13 05:00:00,0.0076272465076485125
NLD,power,2024-01-13 06:00:00,0.007627264457397852
NLD,power,2024-01-13 07:00:00,0.007627276839360605
NLD,power,2024-01-13 08:00:00,-1.0155185998246205e-10
NLD,power,2024-01-13 09:00:00,-1.0406139706124502e-10
NLD,power,2024-01-13 10:00:00,-1.0782552298924765e-10
NLD,power,2024-01-13 11:00:00,-1.152840720458602e-10
NLD,power,2024-01-13 12:00:00,-1.1689832708942365e-10
NLD,power,2024-01-13 13:00:00,-1.1092596710973849e-10
NLD,power,2024-01-13 14:00:00,1.935442112210305e-09
NLD,power,2024-01-13 15:00:00,1.768095858324986e-08
NLD,power,2024-01-13 16:00:00,0.04976837154585696
NLD,power,2024-01-13 17:00:00,0.04976839085581195
NLD,power,2024-01-13 18:00:00,0.049768417721532926
NLD,power,2024-01-13 19:00:00,0.049768418824562066
NLD,power,2024-01-13 20:00:00,0.04976841932083592
NLD,power,2024-01-13 21:00:00,0.04976841880590662
NLD,power,2024-01-13 22:00:00,0.030509044761297427
NLD,power,2024-01-13 23:00:00,7.765615060175204e-09
NLD,power,2024-01-14 00:00:00,6.0315752903965945e-09
NLD,power,2024-01-14 01:00:00,-1.0206419535723256e-10
NLD,power,2024-01-14 02:00:00,-1.063383400452866e-10
NLD,power,2024-01-14 03:00:00,-1.0903827876482605e-10
NLD,power,2024-01-14 04:00:00,-1.1005661534974587e-10
NLD,power,2024-01-14 05:00:00,-1.1019016569483525e-10
NLD,power,2024-01-14 06:00:00,-1.1082770424389109e-10
NLD,power,2024-01-14 07:00:00,-1.0964241595219133e-10
NLD,power,2024-01-14 08:00:00,-1.1421871876452586e-10
NLD,power,2024-01-14 09:00:00,-1.126257802880984e-10
NLD,power,2024-01-14 10:00:00,-1.1324619962997381e-10
NLD,power,2024-01-14 11:00:00,-1.1891623340009096e-10
NLD,power,2024-01-14 12:00:00,-1.2293518678845914e-10
NLD,power,2024-01-14 13:00:00,-1.202060748271682e-10
NLD,power,2024-01-14 14:00:00,-1.1501672319563254e-10
NLD,power,2024-01-14 15:00:00,-1.119946847373067e-10
NLD,power,2024-01-14 16:00:00,-1.0810677857941333e-10
NLD,power,2024-01-14 17:00:00,-1.072670926327474e-10
NLD,power,2024-01-14 18:00:00,-1.0259176818737077e-10
NLD,power,2024-01-14 19:00:00,0.0076272628713466425
NLD,power,2024-01-14 20:00:00,0.007627272950077706
NLD,power,2024-01-14 21:00:00,0.007627272530556708
NLD,power,2024-01-14 22:00:00,0.007627260371520529
NLD,power,2024-01-14 23:00:00,-1.0416011929144794e-10
NLD,power,2024-01-15 00:00:00,-1.0918357258568347e-10
NLD,power,2024-01-15 01:00:00,-1.1201107282014276e-10
NLD,power,2024-01-15 02:00:00,-1.1310085201294693e-10
NLD,power,2024-01-15 03:00:00,-1.1319525622350398e-10
NLD,power,2024-01-15 04:00:00,-1.1155280666383004e-10
NLD,power,2024-01-15 05:00:00,-1.1157006979367506e-10
NLD,power,2024-01-15 06:00:00,1.3943299726295945e-09
NLD,power,2024-01-15 07:00:00,0.02288181279937078
NLD,power,2024-01-15 08:00:00,0.04976841630984199
NLD,power,2024-01-15 09:00:00,0.04976840959078566
NLD,power,2024-01-15 10:00:00,6.13558229377744e-07
NLD,power,2024-01-15 11:00:00,1.933617703804847e-09
NLD,power,2024-01-15 12:00:00,-1.0634744294777384e-10
NLD,power,2024-01-15 13:00:00,-1.0505819617740927e-10
NLD,power,2024-01-15 14:00:00,-1.0583078532516358e-10
NLD,power,2024-01-15 15:00:00,3.851684999179049e-09
NLD,power,2024-01-15 16:00:00,0.022881821847568345
NLD,power,2024-01-15 17:00:00,0.007627284868867014
NLD,power,2024-01-15 18:00:00,0.049768416894533554
NLD,power,2024-01-15 19:00:00,0.04976841908378884
NLD,power,2024-01-15 20:00:00,0.04976841933323999
NLD,power,2024-01-15 21:00:00,0.04976841786508018
NLD,power,2024-01-15 22:00:00,0.022881740061466732
NLD,power,2024-01-15 23:00:00,3.2271187812227465e-09
NLD,power,2024-01-16 00:00:00,-1.0210379063893335e-10
NLD,power,2024-01-16 01:00:00,-1.0477041395335899e-10
NLD,power,2024-01-16 02:00:00,-1.0746625642757064e-10
NLD,power,2024-01-16 03:00:00,-1.0792197934155628e-10
NLD,power,2024-01-16 04:00:00,-1.0724568985459183e-10
NLD,power,2024-01-16 05:00:00,-1.0874420291599558e-10
NLD,power,2024-01-16 06:00:00,1.6131432081304727e-09
NLD,power,2024-01-16 07:00:00,0.022881819999829633
NLD,power,2024-01-16 08:00:00,0.03050906686747695
NLD,power,2024-01-16 09:00:00,1.319573956679902e-08
NLD,power,2024-01-16 10:00:00,-1.0800910985097358e-10
NLD,power,2024-01-16 11:00:00,-1.1460654098320629e-10
NLD,power,2024-01-16 12:00:00,-1.1946945129080132e-10
NLD,power,2024-01-16 13:00:00,-1.1528104599528754e-10
NLD,power,2024-01-16 14:00:00,-1.0536533025657147e-10
NLD,power,2024-01-16 15:00:00,0.007627269776633078
NLD,power,2024-01-16 16:00:00,0.007627272201678998
NLD,power,2024-01-16 17:00:00,-1.0126968304011625e-10
NLD,power,2024-01-16 18:00:00,-1.0128867296819891e-10
NLD,power,2024-01-16 19:00:00,-1.0152542214487191e-10
NLD,power,2024-01-16 20:00:00,-1.0187145893296769e-10
NLD,power,2024-01-16 21:00:00,-1.0510872133045172e-10
NLD,power,2024-01-16 22:00:00,-1.1530780675459828e-10
NLD,power,2024-01-16 23:00:00,-1.2602146655086103e-10
NLD,power,2024-01-17 00:00:00,-1.3199174686632015e-10
NLD,power,2024-01-17 01:00:00,-1.3667122592687023e-10
NLD,power,2024-01-17 02:00:00,-1.389131472254235e-10
NLD,power,2024-01-17 03:00:00,-1.3763628704285802e-10
NLD,power,2024-01-17 04:00:00,-1.365273414371445e-10
NLD,power,2024-01-17 05:00:00,-1.33484554185773e-10
NLD,power,2024-01-17 06:00:00,-1.250073236342991e-10
NLD,power,2024-01-17 07:00:00,-1.1326064471296022e-10
NLD,power,2024-01-17 08:00:00,-1.1470570615539007e-10
NLD,power,2024-01-17 09:00:00,-1.3341743479823492e-10
NLD,power,2024-01-17 10:00:00,-1.7046126125575165e-10
NLD,power,2024-01-17 11:00:00,0.0
NLD,power,2024-01-17 12:00:00,0.0
NLD,power,2024-01-17 13:00:00,0.0
NLD,power,2024-01-17 14:00:00,0.0
NLD,power,2024-01-17 15:00:00,-1.5971235516571437e-10
NLD,power,2024-01-17 16:00:00,-1.3832514660087e-10
NLD,power,2024-01-17 17:00:00,-1.2997757691956076e-10
NLD,power,2024-01-17 18:00:00,-1.2299516427851896e-10
NLD,power,2024-01-17 19:00:00,-1.1669666739429677e-10
NLD,power,2024-01-17 20:00:00,-1.1381643226238565e-10
NLD,power,2024-01-17 21:00:00,-1.1603419424020156e-10
NLD,power,2024-01-17 22:00:00,-1.2753392616821506e-10
NLD,power,2024-01-17 23:00:00,-1.4065201189160075e-10
NLD,power,2024-01-18 00:00:00,-1.505266033164492e-10
NLD,power,2024-01-18 01:00:00,0.0
NLD,power,2024-01-18 02:00:00,0.0
NLD,power,2024-01-18 03:00:00,0.0
NLD,power,2024-01-18 04:00:00,0.0
NLD,power,2024-01-18 05:00:00,-1.5049931478797106e-10
NLD,power,2024-01-18 06:00:00,-1.313555537299318e-10
NLD,power,2024-01-18 07:00:00,-1.136035188838894e-10
NLD,power,2024-01-18 08:00:00,-1.1417545389135323e-10
NLD,power,2024-01-18 09:00:00,-1.2914631861901934e-10
NLD,power,2024-01-18 10:00:00,-1.582581798099693e-10
NLD,power,2024-01-18 11:00:00,0.0
NLD,power,2024-01-18 12:00:00,0.0
NLD,power,2024-01-18 13:00:00,-1.7442098432480602e-10
NLD,power,2024-01-18 14:00:00,-1.392469441868718e-10
NLD,power,2024-01-18 15:00:00,-1.1557237010783318e-10
NLD,power,2024-01-18 16:00:00,2.6788984125318906e-08
NLD,power,2024-01-18 17:00:00,0.02288183640370098
NLD,power,2024-01-18 18:00:00,0.04976841898512611
NLD,power,2024-01-18 19:00:00,0.049768420140075924
NLD,power,2024-01-18 20:00:00,0.04976842046698303
NLD,power,2024-01-18 21:00:00,0.049768420441189225
NLD,power,2024-01-18 22:00:00,0.049768419400241216
NLD,power,2024-01-18 23:00:00,0.015254505102834201
NLD,power,2024-01-19 00:00:00,6.621003437829346e-08
NLD,power,2024-01-19 01:00:00,0.0076272530447680665
NLD,power,2024-01-19 02:00:00,0.007627266858299616
NLD,power,2024-01-19 03:00:00,0.007627234586379213
NLD,power,2024-01-19 04:00:00,-1.0122548823761213e-10
NLD,power,2024-01-19 05:00:00,-1.043595167062834e-10
NLD,power,2024-01-19 06:00:00,2.4861027489034054e-09
NLD,power,2024-01-19 07:00:00,0.022881816951534403
NLD,power,2024-01-19 08:00:00,0.022881804262794334
NLD,power,2024-01-19 09:00:00,1.0026946559992729e-08
NLD,power,2024-01-19 10:00:00,-1.0346367678185551e-10
NLD,power,2024-01-19 11:00:00,-1.0725354457933646e-10
NLD,power,2024-01-19 12:00:00,-1.1014352067866008e-10
NLD,power,2024-01-19 13:00:00,-1.0878760473926665e-10
NLD,power,2024-01-19 14:00:00,-1.06780560982006e-10
NLD,power,2024-01-19 15:00:00,2.867225624550523e-09
NLD,power,2024-01-19 16:00:00,0.02288181713248122
NLD,power,2024-01-19 17:00:00,0.04976840980159682
NLD,power,2024-01-19 18:00:00,0.049768419081132095
NLD,power,2024-01-19 19:00:00,0.04976841991443145
NLD,power,2024-01-19 20:00:00,0.049768419921061034
NLD,power,2024-01-19 21:00:00,0.0497684190701583
NLD,power,2024-01-19 22:00:00,0.01525459383189901
NLD,power,2024-01-19 23:00:00,7.4161037572291855e-09
NLD,power,2024-01-20 00:00:00,0.007627225515430751
NLD,power,2024-01-20 01:00:00,0.007627138852355879
NLD,power,2024-01-20 02:00:00,-1.0168500380689895e-10
NLD,power,2024-01-20 03:00:00,-1.011379818526869e-10
NLD,power,2024-01-20 04:00:00,0.0076271924557776765
NLD,power,2024-01-20 05:00:00,0.007627266570912338
NLD,power,2024-01-20 06:00:00,0.007627271629237023
NLD,power,2024-01-20 07:00:00,0.015254553592422159
NLD,power,2024-01-20 08:00:00,-1.0633749291507387e-10
NLD,power,2024-01-20 09:00:00,-1.0950760054761903e-10
NLD,power,2024-01-20 10:00:00,-1.1652781121554643e-10
NLD,power,2024-01-20 11:00:00,-1.246936235388378e-10
NLD,power,2024-01-20 12:00:00,-1.2812250345605339e-10
NLD,power,2024-01-20 13:00:00,-1.2484227271017408e-10
NLD,power,2024-01-20 14:00:00,-1.209694625239422e-10
NLD,power,2024-01-20 15:00:00,8.446976226143419e-10
NLD,power,2024-01-20 16:00:00,0.030509072989254746
NLD,power,2024-01-20 17:00:00,0.049768419394365014
NLD,power,2024-01-20 18:00:00,0.0497684200320266
NLD,power,2024-01-20 19:00:00,0.0497684203238345
NLD,power,2024-01-20 20:00:00,0.04976842030484022
NLD,power,2024-01-20 21:00:00,0.04976842016029322
NLD,power,2024-01-20 22:00:00,0.049768418158189574
NLD,power,2024-01-20 23:00:00,0.007627292125627232
NLD,power,2024-01-21 00:00:00,0.007627257751542277
NLD,power,2024-01-21 01:00:00,0.007627268354488596
NLD,power,2024-01-21 02:00:00,0.00762726860483318
NLD,power,2024-01-21 03:00:00,0.007627268969998218
NLD,power,2024-01-21 04:00:00,0.007627267840048694
NLD,power,2024-01-21 05:00:00,0.00762726528165714
NLD,power,2024-01-21 06:00:00,0.007627267679519952
NLD,power,2024-01-21 07:00:00,0.007627272043487559
NLD,power,2024-01-21 08:00:00,-1.0787938882130404e-10
NLD,power,2024-01-21 09:00:00,-1.2463476022367741e-10
NLD,power,2024-01-21 10:00:00,-1.4300285511152775e-10
NLD,power,2024-01-21 11:00:00,-1.628809928514378e-10
NLD,power,2024-01-21 12:00:00,0.0
NLD,power,2024-01-21 13:00:00,-1.5396675059782352e-10
NLD,power,2024-01-21 14:00:00,-1.3217505105422135e-10
NLD,power,2024-01-21 15:00:00,-1.1419913482596498e-10
NLD,power,2024-01-21 16:00:00,5.968696928733485e-09
NLD,power,2024-01-21 17:00:00,0.022881807020667333
NLD,power,2024-01-21 18:00:00,0.007627274363305335
NLD,power,2024-01-21 19:00:00,0.007627277933236062
NLD,power,2024-01-21 20:00:00,0.00762728037578473
NLD,power,2024-01-21 21:00:00,0.02288254222302358
NLD,power,2024-01-21 22:00:00,7.103422524273063e-08
NLD,power,2024-01-21 23:00:00,4.817830605568566e-09
NLD,power,2024-01-22 00:00:00,-1.0321174078335823e-10
NLD,power,2024-01-22 01:00:00,-1.083266995918039e-10
NLD,power,2024-01-22 02:00:00,-1.115544574851746e-10
NLD,power,2024-01-22 03:00:00,-1.1290209383899909e-10
NLD,power,2024-01-22 04:00:00,-1.1300263901579641e-10
NLD,power,2024-01-22 05:00:00,-1.1099656097226593e-10
NLD,power,2024-01-22 06:00:00,-1.0472537436450245e-10
NLD,power,2024-01-22 07:00:00,0.015254544611689872
NLD,power,2024-01-22 08:00:00,0.015254441672339534
NLD,power,2024-01-22 09:00:00,-1.0325328584206023e-10
NLD,power,2024-01-22 10:00:00,-1.2136788431344108e-10
NLD,power,2024-01-22 11:00:00,-1.3685104069969686e-10
NLD,power,2024-01-22 12:00:00,-1.3992557762858476e-10
NLD,power,2024-01-22 13:00:00,-1.3131820882491509e-10
NLD,power,2024-01-22 14:00:00,-1.2323396357299886e-10
NLD,power,2024-01-22 15:00:00,9.797043111447528e-10
NLD,power,2024-01-22 16:00:00,0.022881821009015684
NLD,power,2024-01-22 17:00:00,0.007627298500975871
NLD,power,2024-01-22 18:00:00,0.04976841686064596
NLD,power,2024-01-22 19:00:00,0.04976841975189054
NLD,power,2024-01-22 20:00:00,0.04976842032906263
NLD,power,2024-01-22 21:00:00,0.04976842038187893
NLD,power,2024-01-22 22:00:00,0.049768418755958777
NLD,power,2024-01-22 23:00:00,0.007627274674921206
NLD,power,2024-01-23 00:00:00,0.0076272708464253415
NLD,power,2024-01-23 01:00:00,0.00762726915316296
NLD,power,2024-01-23 02:00:00,0.0076272679589910065
NLD,power,2024-01-23 03:00:00,0.007627267756274846
NLD,power,2024-01-23 04:00:00,8.368908787635739e-09
NLD,power,2024-01-23 05:00:00,2.609855618077518e-09
NLD,power,2024-01-23 06:00:00,0.022881806429111334
NLD,power,2024-01-23 07:00:00,0.04976841993808972
NLD,power,2024-01-23 08:00:00,0.04976841973022253
NLD,power,2024-01-23 09:00:00,0.02288182171406562
NLD,power,2024-01-23 10:00:00,1.0881245664353529e-09
NLD,power,2024-01-23 11:00:00,-1.1788965485197966e-10
NLD,power,2024-01-23 12:00:00,-1.19639748209333e-10
NLD,power,2024-01-23 13:00:00,-1.184141013134353e-10
NLD,power,2024-01-23 14:00:00,-1.1355663466308579e-10
NLD,power,2024-01-23 15:00:00,4.37225701985788e-09
NLD,power,2024-01-23 16:00:00,0.04976842023194701
NLD,power,2024-01-23 17:00:00,0.049768420659582424
NLD,power,2024-01-23 18:00:00,0.04976842072834875
NLD,power,2024-01-23 19:00:00,0.04976842081646364
NLD,power,2024-01-23 20:00:00,0.049768420834184056
NLD,power,2024-01-23 21:00:00,0.04976842079365934
NLD,power,2024-01-23 22:00:00,0.04976842040407633
NLD,power,2024-01-23 23:00:00,0.04976841870812771
NLD,power,2024-01-24 00:00:00,0.007627286716943382
NLD,power,2024-01-24 01:00:00,0.007627266882690347
NLD,power,2024-01-24 02:00:00,0.0076272702141807185
NLD,power,2024-01-24 03:00:00,0.007627271508461495
NLD,power,2024-01-24 04:00:00,0.007627267408127974
NLD,power,2024-01-24 05:00:00,5.2136186306935065e-09
NLD,power,2024-01-24 06:00:00,0.015254547734945917
NLD,power,2024-01-24 07:00:00,0.04976841980105746
NLD,power,2024-01-24 08:00:00,0.030508936280161915
NLD,power,2024-01-24 09:00:00,1.1900950122208457e-09
NLD,power,2024-01-24 10:00:00,-1.182491091157872e-10
NLD,power,2024-01-24 11:00:00,-1.2283299564422013e-10
NLD,power,2024-01-24 12:00:00,-1.2737772160598233e-10
NLD,power,2024-01-24 13:00:00,-1.2417991676102618e-10
NLD,power,2024-01-24 14:00:00,-1.1931412462154227e-10
NLD,power,2024-01-24 15:00:00,1.4236998567520581e-09
NLD,power,2024-01-24 16:00:00,0.049768419823867385
NLD,power,2024-01-24 17:00:00,0.04976842063635261
NLD,power,2024-01-24 18:00:00,0.04976842067836638
NLD,power,2024-01-24 19:00:00,0.04976842073591321
NLD,power,2024-01-24 20:00:00,0.04976842070562354
NLD,power,2024-01-24 21:00:00,0.04976842057590001
NLD,power,2024-01-24 22:00:00,0.04976841967096668
NLD,power,2024-01-24 23:00:00,0.007627384487728528
NLD,power,2024-01-25 00:00:00,0.0076271842333749534
NLD,power,2024-01-25 01:00:00,0.007627257850453956
NLD,power,2024-01-25 02:00:00,0.007627267560876909
NLD,power,2024-01-25 03:00:00,0.007627266705910103
NLD,power,2024-01-25 04:00:00,0.007627232808741361
NLD,power,2024-01-25 05:00:00,2.417349524489845e-09
NLD,power,2024-01-25 06:00:00,4.375216992752843e-09
NLD,power,2024-01-25 07:00:00,0.045763643758070724
NLD,power,2024-01-25 08:00:00,1.2751597277122606e-09
NLD,power,2024-01-25 09:00:00,-1.1214881624666734e-10
NLD,power,2024-01-25 10:00:00,-1.170564532935982e-10
NLD,power,2024-01-25 11:00:00,-1.2670478767508194e-10
NLD,power,2024-01-25 12:00:00,-1.3008482488964802e-10
NLD,power,2024-01-25 13:00:00,-1.260569886563213e-10
NLD,power,2024-01-25 14:00:00,-1.197804201157424e-10
NLD,power,2024-01-25 15:00:00,1.4647032047290692e-09
NLD,power,2024-01-25 16:00:00,0.0497684196872827
NLD,power,2024-01-25 17:00:00,0.049768420587397534
NLD,power,2024-01-25 18:00:00,0.04976842068437031
NLD,power,2024-01-25 19:00:00,0.04976842078447064
NLD,power,2024-01-25 20:00:00,0.04976842080052224
NLD,power,2024-01-25 21:00:00,0.049768420740041376
NLD,power,2024-01-25 22:00:00,0.04976842034183469
NLD,power,2024-01-25 23:00:00,0.049768418656445684
NLD,power,2024-01-26 00:00:00,0.007627287542617753
NLD,power,2024-01-26 01:00:00,0.00762726957260418
NLD,power,2024-01-26 02:00:00,0.0076272720415492875
NLD,power,2024-01-26 03:00:00,0.0076272719303775195
NLD,power,2024-01-26 04:00:00,0.007627270683460008
NLD,power,2024-01-26 05:00:00,1.4169841608093191e-08
NLD,power,2024-01-26 06:00:00,0.04976841239357601
NLD,power,2024-01-26 07:00:00,0.04976842019120544
NLD,power,2024-01-26 08:00:00,0.04976841396506099
NLD,power,2024-01-26 09:00:00,2.3631443465392698e-09
NLD,power,2024-01-26 10:00:00,-1.0988325205931394e-10
NLD,power,2024-01-26 11:00:00,-1.1308318567856811e-10
NLD,power,2024-01-26 12:00:00,-1.1402651142574963e-10
NLD,power,2024-01-26 13:00:00,-1.115451046885269e-10
NLD,power,2024-01-26 14:00:00,-1.0803084856317957e-10
NLD,power,2024-01-26 15:00:00,0.022881762482146357
NLD,power,2024-01-26 16:00:00,0.0497684198084037
NLD,power,2024-01-26 17:00:00,0.04976842034167174
NLD,power,2024-01-26 18:00:00,0.049768420452654526
NLD,power,2024-01-26 19:00:00,0.04976842059737072
NLD,power,2024-01-26 20:00:00,0.04976842061738885
NLD,power,2024-01-26 21:00:00,0.04976842054449487
NLD,power,2024-01-26 22:00:00,0.04976841997842647
NLD,power,2024-01-26 23:00:00,0.049768417677056975
NLD,power,2024-01-27 00:00:00,0.007627518025776235
NLD,power,2024-01-27 01:00:00,0.007627273877304617
NLD,power,2024-01-27 02:00:00,0.007627272564431394
NLD,power,2024-01-27 03:00:00,0.0076272720417579366
NLD,power,2024-01-27 04:00:00,0.007627271978219004
NLD,power,2024-01-27 05:00:00,0.007627270727611038
NLD,power,2024-01-27 06:00:00,0.007627271482653005
NLD,power,2024-01-27 07:00:00,0.015254544886112732
NLD,power,2024-01-27 08:00:00,-1.036372326327599e-10
NLD,power,2024-01-27 09:00:00,-1.0884784062365674e-10
NLD,power,2024-01-27 10:00:00,-1.2029445807262142e-10
NLD,power,2024-01-27 11:00:00,-1.3511063316823893e-10
NLD,power,2024-01-27 12:00:00,-1.3863797080272657e-10
NLD,power,2024-01-27 13:00:00,-1.2953848413282264e-10
NLD,power,2024-01-27 14:00:00,-1.1530611220165631e-10
NLD,power,2024-01-27 15:00:00,-1.0434129150765602e-10
NLD,power,2024-01-27 16:00:00,0.015254537292952682
NLD,power,2024-01-27 17:00:00,0.0076272728265932175
NLD,power,2024-01-27 18:00:00,0.00762727376587349
NLD,power,2024-01-27 19:00:00,0.0497684057630093
NLD,power,2024-01-27 20:00:00,0.04976841674298558
NLD,power,2024-01-27 21:00:00,0.04976841578961503
NLD,power,2024-01-27 22:00:00,0.015254504620940176
NLD,power,2024-01-27 23:00:00,6.02278782198008e-08
NLD,power,2024-01-28 00:00:00,0.007627254993358582
NLD,power,2024-01-28 01:00:00,0.007627250642920024
NLD,power,2024-01-28 02:00:00,-1.0242173593173657e-10
NLD,power,2024-01-28 03:00:00,-1.0405825152885974e-10
NLD,power,2024-01-28 04:00:00,-1.0501880794097477e-10
NLD,power,2024-01-28 05:00:00,-1.0543903595167061e-10
NLD,power,2024-01-28 06:00:00,-1.048735588496939e-10
NLD,power,2024-01-28 07:00:00,-1.0512522120357202e-10
NLD,power,2024-01-28 08:00:00,-1.1530037072017322e-10
NLD,power,2024-01-28 09:00:00,-1.2484366614441787e-10
NLD,power,2024-01-28 10:00:00,-1.4434534383461488e-10
NLD,power,2024-01-28 11:00:00,-1.673773858553694e-10
NLD,power,2024-01-28 12:00:00,0.0
NLD,power,2024-01-28 13:00:00,-1.5796879209054743e-10
NLD,power,2024-01-28 14:00:00,-1.3471564588426048e-10
NLD,power,2024-01-28 15:00:00,-1.1571383941062363e-10
NLD,power,2024-01-28 16:00:00,-1.0249373589723321e-10
NLD,power,2024-01-28 17:00:00,3.638462680856506e-08
NLD,power,2024-01-28 18:00:00,1.197111471051748e-08
NLD,power,2024-01-28 19:00:00,0.022881761832478538
NLD,power,2024-01-28 20:00:00,0.0076272820493711166
NLD,power,2024-01-28 21:00:00,0.007627289444461243
NLD,power,2024-01-28 22:00:00,0.015254526729746384
NLD,power,2024-01-28 23:00:00,2.045423718224048e-08
NLD,power,2024-01-29 00:00:00,0.00762725496656641
NLD,power,2024-01-29 01:00:00,-1.0055509487190103e-10
NLD,power,2024-01-29 02:00:00,-1.0181669712637801e-10
NLD,power,2024-01-29 03:00:00,-1.0173988785605542e-10
NLD,power,2024-01-29 04:00:00,-1.028639890007079e-10
NLD,power,2024-01-29 05:00:00,1.621880716014911e-09
NLD,power,2024-01-29 06:00:00,3.256269131393388e-09
NLD,power,2024-01-29 07:00:00,0.049768415830943206
NLD,power,2024-01-29 08:00:00,0.04976840824508185
NLD,power,2024-01-29 09:00:00,3.070590816990313e-09
NLD,power,2024-01-29 10:00:00,-1.0901337807226321e-10
NLD,power,2024-01-29 11:00:00,-1.1090855162299447e-10
NLD,power,2024-01-29 12:00:00,-1.1101359427831304e-10
NLD,power,2024-01-29 13:00:00,-1.1242276034779202e-10
NLD,power,2024-01-29 14:00:00,1.4026339045412019e-09
NLD,power,2024-01-29 15:00:00,0.030509092704933925
NLD,power,2024-01-29 16:00:00,0.049768419680225086
NLD,power,2024-01-29 17:00:00,0.049768420032467744
NLD,power,2024-01-29 18:00:00,0.04976842027875271
NLD,power,2024-01-29 19:00:00,0.049768420599136345
NLD,power,2024-01-29 20:00:00,0.04976842071935163
NLD,power,2024-01-29 21:00:00,0.04976842065906168
NLD,power,2024-01-29 22:00:00,0.049768420104039014
NLD,power,2024-01-29 23:00:00,0.049768414729136096
NLD,power,2024-01-30 00:00:00,0.007627277107902446
NLD,power,2024-01-30 01:00:00,0.007627272107639091
NLD,power,2024-01-30 02:00:00,0.007627272162435083
NLD,power,2024-01-30 03:00:00,0.007627272431477022
NLD,power,2024-01-30 04:00:00,0.0076272719320865665
NLD,power,2024-01-30 05:00:00,0.007627259750740332
NLD,power,2024-01-30 06:00:00,0.049768417971807005
NLD,power,2024-01-30 07:00:00,0.04976842041696882
NLD,power,2024-01-30 08:00:00,0.04976841901318275
NLD,power,2024-01-30 09:00:00,2.926639200442483e-09
NLD,power,2024-01-30 10:00:00,-1.1059506348591625e-10
NLD,power,2024-01-30 11:00:00,-1.1356067195215912e-10
NLD,power,2024-01-30 12:00:00,-1.1419723137757227e-10
NLD,power,2024-01-30 13:00:00,-1.1174204134899081e-10
NLD,power,2024-01-30 14:00:00,-1.0859890798339914e-10
NLD,power,2024-01-30 15:00:00,5.7737562966924515e-08
NLD,power,2024-01-30 16:00:00,0.04976842010169085
NLD,power,2024-01-30 17:00:00,0.04976842061735516
NLD,power,2024-01-30 18:00:00,0.049768420656389624
NLD,power,2024-01-30 19:00:00,0.049768420779637126
NLD,power,2024-01-30 20:00:00,0.04976842082231971
NLD,power,2024-01-30 21:00:00,0.049768420787910266
NLD,power,2024-01-30 22:00:00,0.049768420484838184
NLD,power,2024-01-30 23:00:00,0.04976841968249283
NLD,power,2024-01-31 00:00:00,0.049768417610822756
NLD,power,2024-01-31 01:00:00,0.007627291472710986
NLD,power,2024-01-31 02:00:00,0.007627273505621224
NLD,power,2024-01-31 03:00:00,0.00762727425912029
NLD,power,2024-01-31 04:00:00,0.007627273663408918
NLD,power,2024-01-31 05:00:00,0.00762727733610039
NLD,power,2024-01-31 06:00:00,0.04976841927268015
NLD,power,2024-01-31 07:00:00,0.04976842048754937
NLD,power,2024-01-31 08:00:00,0.04976841830600691
NLD,power,2024-01-31 09:00:00,1.695334228376332e-09
NLD,power,2024-01-31 10:00:00,-1.1371144513795216e-10
NLD,power,2024-01-31 11:00:00,-1.176463259349496e-10
NLD,power,2024-01-31 12:00:00,-1.187614705422612e-10
NLD,power,2024-01-31 13:00:00,-1.1623187776599012e-10
NLD,power,2024-01-31 14:00:00,-1.1336340100824875e-10
NLD,power,2024-01-31 15:00:00,2.79351700009144e-09
NLD,power,2024-01-31 16:00:00,0.04976842000637648
NLD,power,2024-01-31 17:00:00,0.04976842068023241
NLD,power,2024-01-31 18:00:00,0.04976842073904479
NLD,power,2024-01-31 19:00:00,0.04976842084786683
NLD,power,2024-01-31 20:00:00,0.04976842085850968
NLD,power,2024-01-31 21:00:00,0.04976842078353938
NLD,power,2024-01-31 22:00:00,0.049768420370187826
NLD,power,2024-01-31 23:00:00,0.049768416952516485
NLD,power,2024-02-01 00:00:00,0.015254518906856637
NLD,power,2024-02-01 01:00:00,3.716211025839357e-08
NLD,power,2024-02-01 02:00:00,0.0076272616580984
NLD,power,2024-02-01 03:00:00,0.007627267845824447
NLD,power,2024-02-01 04:00:00,0.007627261664626404
NLD,power,2024-02-01 05:00:00,3.836988537351183e-09
NLD,power,2024-02-01 06:00:00,8.127367875533024e-09
NLD,power,2024-02-01 07:00:00,0.04576356970809721
NLD,power,2024-02-01 08:00:00,3.038688828332635e-09
NLD,power,2024-02-01 09:00:00,-1.1258326409837086e-10
NLD,power,2024-02-01 10:00:00,-1.246133064284102e-10
NLD,power,2024-02-01 11:00:00,-1.3927611837838752e-10
NLD,power,2024-02-01 12:00:00,-1.427147613692686e-10
NLD,power,2024-02-01 13:00:00,-1.360900326187579e-10
NLD,power,2024-02-01 14:00:00,-1.2719242001446044e-10
NLD,power,2024-02-01 15:00:00,-1.1365635090796025e-10
NLD,power,2024-02-01 16:00:00,0.022881810578286463
NLD,power,2024-02-01 17:00:00,0.049768417883470355
NLD,power,2024-02-01 18:00:00,0.049768419337993156
NLD,power,2024-02-01 19:00:00,0.049768420172782483
NLD,power,2024-02-01 20:00:00,0.04976842033575779
NLD,power,2024-02-01 21:00:00,0.049768419946471076
NLD,power,2024-02-01 22:00:00,0.022882095707675024
NLD,power,2024-02-01 23:00:00,4.284612735000701e-09
NLD,power,2024-02-02 00:00:00,5.965741944337236e-09
NLD,power,2024-02-02 01:00:00,0.007627228659300371
NLD,power,2024-02-02 02:00:00,0.007627188424286786
NLD,power,2024-02-02 03:00:00,-1.0014436537138583e-10
NLD,power,2024-02-02 04:00:00,0.0
NLD,power,2024-02-02 05:00:00,2.7414159038166144e-09
NLD,power,2024-02-02 06:00:00,9.101089792222268e-09
NLD,power,2024-02-02 07:00:00,0.04976841804361731
NLD,power,2024-02-02 08:00:00,0.0036221994238926037
NLD,power,2024-02-02 09:00:00,-1.1042002229738807e-10
NLD,power,2024-02-02 10:00:00,-1.241169939776812e-10
NLD,power,2024-02-02 11:00:00,-1.4282978735700916e-10
NLD,power,2024-02-02 12:00:00,-1.4854396187010797e-10
NLD,power,2024-02-02 13:00:00,-1.3961781996501873e-10
NLD,power,2024-02-02 14:00:00,-1.284820389229291e-10
NLD,power,2024-02-02 15:00:00,-1.1470660669029952e-10
NLD,power,2024-02-02 16:00:00,0.022881802710972454
NLD,power,2024-02-02 17:00:00,0.049768418349316904
NLD,power,2024-02-02 18:00:00,0.04976841922966518
NLD,power,2024-02-02 19:00:00,0.0497684201471951
NLD,power,2024-02-02 20:00:00,0.049768420302333555
NLD,power,2024-02-02 21:00:00,0.04976842018681529
NLD,power,2024-02-02 22:00:00,0.0497684187745358
NLD,power,2024-02-02 23:00:00,0.0076272919513018815
NLD,power,2024-02-03 00:00:00,0.007627275257490882
NLD,power,2024-02-03 01:00:00,0.007627271684066468
NLD,power,2024-02-03 02:00:00,0.007627271528368537
NLD,power,2024-02-03 03:00:00,0.0076272719467864545
NLD,power,2024-02-03 04:00:00,0.007627272635609825
NLD,power,2024-02-03 05:00:00,0.007627271052028574
NLD,power,2024-02-03 06:00:00,0.007627275086220848
NLD,power,2024-02-03 07:00:00,0.015254549284113841
NLD,power,2024-02-03 08:00:00,-1.0801877764313573e-10
NLD,power,2024-02-03 09:00:00,-1.1807301730958161e-10
NLD,power,2024-02-03 10:00:00,-1.3431577621099066e-10
NLD,power,2024-02-03 11:00:00,-1.489993640712819e-10
NLD,power,2024-02-03 12:00:00,-1.5511707009831967e-10
NLD,power,2024-02-03 13:00:00,-1.4619077051522082e-10
NLD,power,2024-02-03 14:00:00,-1.3161892072594172e-10
NLD,power,2024-02-03 15:00:00,-1.1811563824988147e-10
NLD,power,2024-02-03 16:00:00,3.3111353116012353e-09
NLD,power,2024-02-03 17:00:00,0.049768418771949006
NLD,power,2024-02-03 18:00:00,0.04976842004789427
NLD,power,2024-02-03 19:00:00,0.04976842049861981
NLD,power,2024-02-03 20:00:00,0.0497684205612905
NLD,power,2024-02-03 21:00:00,0.049768420523391275
NLD,power,2024-02-03 22:00:00,0.04976841998047795
NLD,power,2024-02-03 23:00:00,0.04976841594617636
NLD,power,2024-02-04 00:00:00,0.015254368097057939
NLD,power,2024-02-04 01:00:00,1.7798578226452174e-07
NLD,power,2024-02-04 02:00:00,0.007627268223157444
NLD,power,2024-02-04 03:00:00,0.007627268024143778
NLD,power,2024-02-04 04:00:00,0.007627267741181989
NLD,power,2024-02-04 05:00:00,0.007627268577150732
NLD,power,2024-02-04 06:00:00,0.007627273190905906
NLD,power,2024-02-04 07:00:00,-1.0131751912806368e-10
NLD,power,2024-02-04 08:00:00,-1.2174230402476012e-10
NLD,power,2024-02-04 09:00:00,-1.3505929449252243e-10
NLD,power,2024-02-04 10:00:00,-1.47024365517263e-10
NLD,power,2024-02-04 11:00:00,0.0
NLD,power,2024-02-04 12:00:00,0.0
NLD,power,2024-02-04 13:00:00,-1.4866434776677026e-10
NLD,power,2024-02-04 14:00:00,-1.3233295920295073e-10
NLD,power,2024-02-04 15:00:00,-1.2016283302069311e-10
NLD,power,2024-02-04 16:00:00,2.0830326924730816e-09
NLD,power,2024-02-04 17:00:00,0.04976841882041496
NLD,power,2024-02-04 18:00:00,0.04976842020789785
NLD,power,2024-02-04 19:00:00,0.049768420651322885
NLD,power,2024-02-04 20:00:00,0.04976842073437264
NLD,power,2024-02-04 21:00:00,0.04976842072588795
NLD,power,2024-02-04 22:00:00,0.04976842054822166
NLD,power,2024-02-04 23:00:00,0.04976841991696779
NLD,power,2024-02-05 00:00:00,0.04976841608640893
NLD,power,2024-02-05 01:00:00,0.007627276731219866
NLD,power,2024-02-05 02:00:00,0.007627271054595656
NLD,power,2024-02-05 03:00:00,0.007627272348871099
NLD,power,2024-02-05 04:00:00,0.0076272721054853046
NLD,power,2024-02-05 05:00:00,1.4716436904759719e-07
NLD,power,2024-02-05 06:00:00,0.04976841743699997
NLD,power,2024-02-05 07:00:00,0.049768420216374856
NLD,power,2024-02-05 08:00:00,0.04976841827388836
NLD,power,2024-02-05 09:00:00,1.1953096677343507e-08
NLD,power,2024-02-05 10:00:00,1.7149378196514779e-09
NLD,power,2024-02-05 11:00:00,-1.0749855030433241e-10
NLD,power,2024-02-05 12:00:00,-1.0890332803981423e-10
NLD,power,2024-02-05 13:00:00,-1.1075710631910303e-10
NLD,power,2024-02-05 14:00:00,1.3495319284955914e-09
NLD,power,2024-02-05 15:00:00,0.030509079156682793
NLD,power,2024-02-05 16:00:00,0.049768420331503645
NLD,power,2024-02-05 17:00:00,0.049768420658413505
NLD,power,2024-02-05 18:00:00,0.049768420722952296
NLD,power,2024-02-05 19:00:00,0.04976842084690162
NLD,power,2024-02-05 20:00:00,0.04976842087001789
NLD,power,2024-02-05 21:00:00,0.04976842084482509
NLD,power,2024-02-05 22:00:00,0.049768420586038434
NLD,power,2024-02-05 23:00:00,0.04976841998875975
NLD,power,2024-02-06 00:00:00,0.04976841808477918
NLD,power,2024-02-06 01:00:00,0.007627284788841264
NLD,power,2024-02-06 02:00:00,0.007627271299634908
NLD,power,2024-02-06 03:00:00,0.007627272400275696
NLD,power,2024-02-06 04:00:00,0.007627270913921135
NLD,power,2024-02-06 05:00:00,1.4386433013419956e-08
NLD,power,2024-02-06 06:00:00,0.015254539281406859
NLD,power,2024-02-06 07:00:00,0.04976841992567962
NLD,power,2024-02-06 08:00:00,0.04976841982268773
NLD,power,2024-02-06 09:00:00,0.04976841450697295
NLD,power,2024-02-06 10:00:00,2.23025769979949e-09
NLD,power,2024-02-06 11:00:00,-1.123198322415802e-10
NLD,power,2024-02-06 12:00:00,-1.1394317494919508e-10
NLD,power,2024-02-06 13:00:00,-1.1246440240176151e-10
NLD,power,2024-02-06 14:00:00,-1.1239396110189362e-10
NLD,power,2024-02-06 15:00:00,1.4623759102455542e-09
NLD,power,2024-02-06 16:00:00,0.03050908027314915
NLD,power,2024-02-06 17:00:00,0.0497684192089632
NLD,power,2024-02-06 18:00:00,0.04976841939161628
NLD,power,2024-02-06 19:00:00,0.04976842012893047
NLD,power,2024-02-06 20:00:00,0.04976842012447543
NLD,power,2024-02-06 21:00:00,0.04976841917678463
NLD,power,2024-02-06 22:00:00,0.022881804074457005
NLD,power,2024-02-06 23:00:00,2.332508638037706e-09
NLD,power,2024-02-07 00:00:00,-1.0450014267662557e-10
NLD,power,2024-02-07 01:00:00,-1.0584838327795466e-10
NLD,power,2024-02-07 02:00:00,-1.0816577808116728e-10
NLD,power,2024-02-07 03:00:00,-1.0832332848445854e-10
NLD,power,2024-02-07 04:00:00,-1.0630809517531319e-10
NLD,power,2024-02-07 05:00:00,-1.0630598101188498e-10
NLD,power,2024-02-07 06:00:00,2.6535914606801803e-09
NLD,power,2024-02-07 07:00:00,0.02288182171437572
NLD,power,2024-02-07 08:00:00,0.01525456692157123
NLD,power,2024-02-07 09:00:00,-1.0804823917321113e-10
NLD,power,2024-02-07 10:00:00,-1.201448264823989e-10
NLD,power,2024-02-07 11:00:00,-1.3831350801425433e-10
NLD,power,2024-02-07 12:00:00,-1.5118000823903394e-10
NLD,power,2024-02-07 13:00:00,-1.5064849438218677e-10
NLD,power,2024-02-07 14:00:00,-1.3857120762185562e-10
NLD,power,2024-02-07 15:00:00,-1.176250018693372e-10
NLD,power,2024-02-07 16:00:00,-1.0136342534534502e-10
NLD,power,2024-02-07 17:00:00,0.015254538072832917
NLD,power,2024-02-07 18:00:00,0.00762726084603852
NLD,power,2024-02-07 19:00:00,0.00762728575719035
NLD,power,2024-02-07 20:00:00,0.007627280276056117
NLD,power,2024-02-07 21:00:00,0.022881747246259212
NLD,power,2024-02-07 22:00:00,2.980724178847258e-09
NLD,power,2024-02-07 23:00:00,-1.064613642451661e-10
NLD,power,2024-02-08 00:00:00,-1.1065714460869178e-10
NLD,power,2024-02-08 01:00:00,-1.1484431440994692e-10
NLD,power,2024-02-08 02:00:00,-1.1986522773501112e-10
NLD,power,2024-02-08 03:00:00,-1.205922454901114e-10
NLD,power,2024-02-08 04:00:00,-1.2049017823186157e-10
NLD,power,2024-02-08 05:00:00,-1.1836431335202366e-10
NLD,power,2024-02-08 06:00:00,-1.0922493581603303e-10
NLD,power,2024-02-08 07:00:00,-1.0035123978814138e-10
NLD,power,2024-02-08 08:00:00,-1.051996955707999e-10
NLD,power,2024-02-08 09:00:00,-1.2489977510157383e-10
NLD,power,2024-02-08 10:00:00,-1.4316337776851518e-10
NLD,power,2024-02-08 11:00:00,-1.56147514711232e-10
NLD,power,2024-02-08 12:00:00,0.0
NLD,power,2024-02-08 13:00:00,-1.5052495006208026e-10
NLD,power,2024-02-08 14:00:00,-1.3397326253709896e-10
NLD,power,2024-02-08 15:00:00,-1.2225565380245313e-10
NLD,power,2024-02-08 16:00:00,-1.1493317823184854e-10
NLD,power,2024-02-08 17:00:00,-1.1177373580308454e-10
NLD,power,2024-02-08 18:00:00,-1.0907996757158019e-10
NLD,power,2024-02-08 19:00:00,-1.0531975220716306e-10
NLD,power,2024-02-08 20:00:00,-1.0458861008144912e-10
NLD,power,2024-02-08 21:00:00,-1.0757961023162244e-10
NLD,power,2024-02-08 22:00:00,-1.154265766287383e-10
NLD,power,2024-02-08 23:00:00,-1.240896782842274e-10
NLD,power,2024-02-09 00:00:00,-1.2841080759592535e-10
NLD,power,2024-02-09 01:00:00,-1.3168695716455317e-10
NLD,power,2024-02-09 02:00:00,-1.3265272491581244e-10
NLD,power,2024-02-09 03:00:00,-1.3185671622872504e-10
NLD,power,2024-02-09 04:00:00,-1.305834542931609e-10
NLD,power,2024-02-09 05:00:00,-1.249179371315181e-10
NLD,power,2024-02-09 06:00:00,-1.1169181964529016e-10
NLD,power,2024-02-09 07:00:00,0.007627264464855758
NLD,power,2024-02-09 08:00:00,0.015254539363884455
NLD,power,2024-02-09 09:00:00,-1.0061468437412455e-10
NLD,power,2024-02-09 10:00:00,-1.08642613731097e-10
NLD,power,2024-02-09 11:00:00,-1.1194421878478204e-10
NLD,power,2024-02-09 12:00:00,-1.1053813106628798e-10
NLD,power,2024-02-09 13:00:00,-1.0522603279668912e-10
NLD,power,2024-02-09 14:00:00,9.32886494843645e-09
NLD,power,2024-02-09 15:00:00,0.015254524538773946
NLD,power,2024-02-09 16:00:00,0.007627276724240424
NLD,power,2024-02-09 17:00:00,0.0076272717915495235
NLD,power,2024-02-09 18:00:00,0.007627271193374686
NLD,power,2024-02-09 19:00:00,0.007627273875884161
NLD,power,2024-02-09 20:00:00,0.007627275840279787
NLD,power,2024-02-09 21:00:00,0.015254472425267724
NLD,power,2024-02-09 22:00:00,-1.0241548779307356e-10
NLD,power,2024-02-09 23:00:00,-1.1229037855473087e-10
NLD,power,2024-02-10 00:00:00,-1.216206825656789e-10
NLD,power,2024-02-10 01:00:00,-1.3318620148902463e-10
NLD,power,2024-02-10 02:00:00,-1.4414749663834046e-10
NLD,power,2024-02-10 03:00:00,-1.514418146700128e-10
NLD,power,2024-02-10 04:00:00,0.0
NLD,power,2024-02-10 05:00:00,0.0
NLD,power,2024-02-10 06:00:00,0.0
NLD,power,2024-02-10 07:00:00,0.0
NLD,power,2024-02-10 08:00:00,0.0
NLD,power,2024-02-10 09:00:00,0.0
NLD,power,2024-02-10 10:00:00,0.0
NLD,power,2024-02-10 11:00:00,0.0
NLD,power,2024-02-10 12:00:00,0.0
NLD,power,2024-02-10 13:00:00,0.0
NLD,power,2024-02-10 14:00:00,0.0
NLD,power,2024-02-10 15:00:00,0.0
NLD,power,2024-02-10 16:00:00,-1.555756905129099e-10
NLD,power,2024-02-10 17:00:00,-1.3104782227428107e-10
NLD,power,2024-02-10 18:00:00,-1.2371098046576307e-10
NLD,power,2024-02-10 19:00:00,-1.1482611973186505e-10
NLD,power,2024-02-10 20:00:00,-1.1054491671147576e-10
NLD,power,2024-02-10 21:00:00,-1.0935169764788356e-10
NLD,power,2024-02-10 22:00:00,-1.1375340241869017e-10
NLD,power,2024-02-10 23:00:00,-1.1826270816944438e-10
NLD,power,2024-02-11 00:00:00,-1.2324121077963395e-10
NLD,power,2024-02-11 01:00:00,-1.2783843760650298e-10
NLD,power,2024-02-11 02:00:00,-1.2954558639682651e-10
NLD,power,2024-02-11 03:00:00,-1.2804436971339467e-10
NLD,power,2024-02-11 04:00:00,-1.2555682253154493e-10
NLD,power,2024-02-11 05:00:00,-1.2268810565387496e-10
NLD,power,2024-02-11 06:00:00,-1.192171082141407e-10
NLD,power,2024-02-11 07:00:00,-1.1909762105933452e-10
NLD,power,2024-02-11 08:00:00,-1.2747924115769509e-10
NLD,power,2024-02-11 09:00:00,-1.3839918846628676e-10
NLD,power,2024-02-11 10:00:00,-1.4705056971319588e-10
NLD,power,2024-02-11 11:00:00,0.0
NLD,power,2024-02-11 12:00:00,0.0
NLD,power,2024-02-11 13:00:00,-1.5502017422972383e-10
NLD,power,2024-02-11 14:00:00,-1.3821648915718572e-10
NLD,power,2024-02-11 15:00:00,-1.226395978287154e-10
NLD,power,2024-02-11 16:00:00,-1.0387166013262717e-10
NLD,power,2024-02-11 17:00:00,0.007627280341288712
NLD,power,2024-02-11 18:00:00,0.007627271807597793
NLD,power,2024-02-11 19:00:00,0.007627274186403984
NLD,power,2024-02-11 20:00:00,0.00762727493663353
NLD,power,2024-02-11 21:00:00,0.007627278159137903
NLD,power,2024-02-11 22:00:00,-1.0279585821554856e-10
NLD,power,2024-02-11 23:00:00,-1.1296342377328086e-10
NLD,power,2024-02-12 00:00:00,-1.2430439547538784e-10
NLD,power,2024-02-12 01:00:00,-1.344292940633383e-10
NLD,power,2024-02-12 02:00:00,-1.4254267039991526e-10
NLD,power,2024-02-12 03:00:00,-1.44112722941332e-10
NLD,power,2024-02-12 04:00:00,-1.4072517745188772e-10
NLD,power,2024-02-12 05:00:00,-1.3496533312513062e-10
NLD,power,2024-02-12 06:00:00,-1.2287810957440746e-10
NLD,power,2024-02-12 07:00:00,-1.1258434681524336e-10
NLD,power,2024-02-12 08:00:00,-1.1911797101762877e-10
NLD,power,2024-02-12 09:00:00,-1.5292852565692177e-10
NLD,power,2024-02-12 10:00:00,0.0
NLD,power,2024-02-12 11:00:00,0.0
NLD,power,2024-02-12 12:00:00,0.0
NLD,power,2024-02-12 13:00:00,0.0
NLD,power,2024-02-12 14:00:00,0.0
NLD,power,2024-02-12 15:00:00,-1.640593430673924e-10
NLD,power,2024-02-12 16:00:00,-1.1986340033030344e-10
NLD,power,2024-02-12 17:00:00,3.4114273057305373e-09
NLD,power,2024-02-12 18:00:00,1.6841364123677142e-08
NLD,power,2024-02-12 19:00:00,0.049768418684735374
NLD,power,2024-02-12 20:00:00,0.04976842011823367
NLD,power,2024-02-12 21:00:00,0.04976842012224665
NLD,power,2024-02-12 22:00:00,0.0497684160107477
NLD,power,2024-02-12 23:00:00,6.699626411872385e-09
NLD,power,2024-02-13 00:00:00,4.8125508808903765e-09
NLD,power,2024-02-13 01:00:00,0.0076271222568672315
NLD,power,2024-02-13 02:00:00,0.007627240687179107
NLD,power,2024-02-13 03:00:00,0.007627258980827647
NLD,power,2024-02-13 04:00:00,0.007627257399856641
NLD,power,2024-02-13 05:00:00,3.9467712971503334e-09
NLD,power,2024-02-13 06:00:00,7.194066239699345e-09
NLD,power,2024-02-13 07:00:00,0.02288184222082747
NLD,power,2024-02-13 08:00:00,0.02288181213670193
NLD,power,2024-02-13 09:00:00,-1.11410955077167e-10
NLD,power,2024-02-13 10:00:00,-1.2266814553508273e-10
NLD,power,2024-02-13 11:00:00,-1.312914802721249e-10
NLD,power,2024-02-13 12:00:00,-1.3984847493228908e-10
NLD,power,2024-02-13 13:00:00,-1.346777175826854e-10
NLD,power,2024-02-13 14:00:00,-1.2681968614219366e-10
NLD,power,2024-02-13 15:00:00,-1.1617705662423398e-10
NLD,power,2024-02-13 16:00:00,0.02288179395849813
NLD,power,2024-02-13 17:00:00,0.0497684197663897
NLD,power,2024-02-13 18:00:00,0.04976841977929239
NLD,power,2024-02-13 19:00:00,0.0497684202355086
NLD,power,2024-02-13 20:00:00,0.04976842035238214
NLD,power,2024-02-13 21:00:00,0.04976842007597011
NLD,power,2024-02-13 22:00:00,0.049768412527598595
NLD,power,2024-02-13 23:00:00,0.007627243544609419
NLD,power,2024-02-14 00:00:00,0.007627271633297287
NLD,power,2024-02-14 01:00:00,0.007627269505854748
NLD,power,2024-02-14 02:00:00,0.007627268384870618
NLD,power,2024-02-14 03:00:00,0.007627270794736054
NLD,power,2024-02-14 04:00:00,0.007627264803672274
NLD,power,2024-02-14 05:00:00,3.4239617736436657e-09
NLD,power,2024-02-14 06:00:00,6.810875565713735e-09
NLD,power,2024-02-14 07:00:00,0.022883506660564223
NLD,power,2024-02-14 08:00:00,0.007627323446462423
NLD,power,2024-02-14 09:00:00,0.02288179595680171
NLD,power,2024-02-14 10:00:00,3.367725717729916e-09
NLD,power,2024-02-14 11:00:00,-1.0542094458499419e-10
NLD,power,2024-02-14 12:00:00,-1.067082742449208e-10
NLD,power,2024-02-14 13:00:00,-1.0564323314937497e-10
NLD,power,2024-02-14 14:00:00,-1.008883236850733e-10
NLD,power,2024-02-14 15:00:00,0.015254457274769614
NLD,power,2024-02-14 16:00:00,0.007627292032910113
NLD,power,2024-02-14 17:00:00,0.00762727557828893
NLD,power,2024-02-14 18:00:00,0.0076272723714614545
NLD,power,2024-02-14 19:00:00,0.04976841426125919
NLD,power,2024-02-14 20:00:00,0.04976841791157779
NLD,power,2024-02-14 21:00:00,0.030509063145619627
NLD,power,2024-02-14 22:00:00,6.904426166904034e-09
NLD,power,2024-02-14 23:00:00,4.881669850334517e-09
NLD,power,2024-02-15 00:00:00,2.4964000282901842e-08
NLD,power,2024-02-15 01:00:00,-1.0316376838291249e-10
NLD,power,2024-02-15 02:00:00,-1.0677520722231642e-10
NLD,power,2024-02-15 03:00:00,-1.0772909522025462e-10
NLD,power,2024-02-15 04:00:00,-1.0786023229269492e-10
NLD,power,2024-02-15 05:00:00,-1.0784883458710212e-10
NLD,power,2024-02-15 06:00:00,-1.035134793963701e-10
NLD,power,2024-02-15 07:00:00,0.015254547672462553
NLD,power,2024-02-15 08:00:00,0.015254542341537709
NLD,power,2024-02-15 09:00:00,8.611458678348947e-09
NLD,power,2024-02-15 10:00:00,-1.0838943882740144e-10
NLD,power,2024-02-15 11:00:00,-1.1755723643348078e-10
NLD,power,2024-02-15 12:00:00,-1.2080156181690362e-10
NLD,power,2024-02-15 13:00:00,-1.1640879379256645e-10
NLD,power,2024-02-15 14:00:00,-1.0839888223985469e-10
NLD,power,2024-02-15 15:00:00,1.909626604906212e-09
NLD,power,2024-02-15 16:00:00,9.272428306589818e-09
NLD,power,2024-02-15 17:00:00,0.02288189868459034
NLD,power,2024-02-15 18:00:00,0.049768416421562295
NLD,power,2024-02-15 19:00:00,0.04976842018714664
NLD,power,2024-02-15 20:00:00,0.04976842054381405
NLD,power,2024-02-15 21:00:00,0.049768420524831256
NLD,power,2024-02-15 22:00:00,0.04976841993746466
NLD,power,2024-02-15 23:00:00,0.04976841093230937
NLD,power,2024-02-16 00:00:00,0.02288172930721657
NLD,power,2024-02-16 01:00:00,8.024574766224988e-08
NLD,power,2024-02-16 02:00:00,1.1165745702669135e-08
NLD,power,2024-02-16 03:00:00,-1.00893966006842e-10
NLD,power,2024-02-16 04:00:00,-1.0206619201779195e-10
NLD,power,2024-02-16 05:00:00,-1.0249120292972783e-10
NLD,power,2024-02-16 06:00:00,4.908617002806705e-09
NLD,power,2024-02-16 07:00:00,0.03813632989653145
NLD,power,2024-02-16 08:00:00,2.0076651232051803e-08
NLD,power,2024-02-16 09:00:00,-1.1263914983572449e-10
NLD,power,2024-02-16 10:00:00,-1.3249048627379488e-10
NLD,power,2024-02-16 11:00:00,-1.5006238124404826e-10
NLD,power,2024-02-16 12:00:00,0.0
NLD,power,2024-02-16 13:00:00,-1.541987053013461e-10
NLD,power,2024-02-16 14:00:00,-1.3977336944739883e-10
NLD,power,2024-02-16 15:00:00,-1.2788533956504443e-10
NLD,power,2024-02-16 16:00:00,9.30205714817786e-10
NLD,power,2024-02-16 17:00:00,0.022881855295424473
NLD,power,2024-02-16 18:00:00,0.04976839432804948
NLD,power,2024-02-16 19:00:00,0.04976841924332306
NLD,power,2024-02-16 20:00:00,0.04976841955373949
NLD,power,2024-02-16 21:00:00,0.04976841874576967
NLD,power,2024-02-16 22:00:00,0.015254533144397387
NLD,power,2024-02-16 23:00:00,1.6718428503669953e-08
NLD,power,2024-02-17 00:00:00,0.00762727283377142
NLD,power,2024-02-17 01:00:00,0.007627266763061885
NLD,power,2024-02-17 02:00:00,-1.0003606273188704e-10
NLD,power,2024-02-17 03:00:00,-1.0175893166430896e-10
NLD,power,2024-02-17 04:00:00,-1.0286477660947992e-10
NLD,power,2024-02-17 05:00:00,-1.0314271354078631e-10
NLD,power,2024-02-17 06:00:00,-1.0083857338588752e-10
NLD,power,2024-02-17 07:00:00,-1.0433891361322147e-10
NLD,power,2024-02-17 08:00:00,-1.2183196741538926e-10
NLD,power,2024-02-17 09:00:00,-1.4481860412932686e-10
NLD,power,2024-02-17 10:00:00,-1.6765404526361177e-10
NLD,power,2024-02-17 11:00:00,0.0
NLD,power,2024-02-17 12:00:00,0.0
NLD,power,2024-02-17 13:00:00,0.0
NLD,power,2024-02-17 14:00:00,-1.5251653301716885e-10
NLD,power,2024-02-17 15:00:00,-1.2850990576297123e-10
NLD,power,2024-02-17 16:00:00,-1.101824353601405e-10
NLD,power,2024-02-17 17:00:00,0.015255074457624118
NLD,power,2024-02-17 18:00:00,0.007627275450683418
NLD,power,2024-02-17 19:00:00,0.04976841738951832
NLD,power,2024-02-17 20:00:00,0.04976841953564915
NLD,power,2024-02-17 21:00:00,0.049768419711516965
NLD,power,2024-02-17 22:00:00,0.049768417390968045
NLD,power,2024-02-17 23:00:00,0.007627280904510342
NLD,power,2024-02-18 00:00:00,0.007627280292843743
NLD,power,2024-02-18 01:00:00,0.007627263427386444
NLD,power,2024-02-18 02:00:00,0.00762726780260366
NLD,power,2024-02-18 03:00:00,0.007627264828848036
NLD,power,2024-02-18 04:00:00,0.007626978320811721
NLD,power,2024-02-18 05:00:00,0.007627165612157781
NLD,power,2024-02-18 06:00:00,0.007627263200911504
NLD,power,2024-02-18 07:00:00,-1.0669334856126098e-10
NLD,power,2024-02-18 08:00:00,-1.2045149061220025e-10
NLD,power,2024-02-18 09:00:00,-1.3791190304089665e-10
NLD,power,2024-02-18 10:00:00,-1.5862303621392145e-10
NLD,power,2024-02-18 11:00:00,0.0
NLD,power,2024-02-18 12:00:00,0.0
NLD,power,2024-02-18 13:00:00,-1.6270478099345845e-10
NLD,power,2024-02-18 14:00:00,-1.3909160475140596e-10
NLD,power,2024-02-18 15:00:00,-1.1652599969926295e-10
NLD,power,2024-02-18 16:00:00,2.9992986901086406e-09
NLD,power,2024-02-18 17:00:00,0.01525454059742639
NLD,power,2024-02-18 18:00:00,1.306427711615844e-06
NLD,power,2024-02-18 19:00:00,0.04976839148003546
NLD,power,2024-02-18 20:00:00,0.049768417848724635
NLD,power,2024-02-18 21:00:00,0.04976841339178576
NLD,power,2024-02-18 22:00:00,0.02288179376766451
NLD,power,2024-02-18 23:00:00,9.801061172157944e-09
NLD,power,2024-02-19 00:00:00,5.480212330444885e-09
NLD,power,2024-02-19 01:00:00,-1.0359841266100145e-10
NLD,power,2024-02-19 02:00:00,-1.0661734927670518e-10
NLD,power,2024-02-19 03:00:00,-1.0854909450278153e-10
NLD,power,2024-02-19 04:00:00,-1.0845129377102783e-10
NLD,power,2024-02-19 05:00:00,-1.0564618370272417e-10
NLD,power,2024-02-19 06:00:00,0.007627227190061477
NLD,power,2024-02-19 07:00:00,0.015254589341260128
NLD,power,2024-02-19 08:00:00,-1.0438041344305076e-10
NLD,power,2024-02-19 09:00:00,-1.2707663475406818e-10
NLD,power,2024-02-19 10:00:00,-1.5791470450829871e-10
NLD,power,2024-02-19 11:00:00,0.0
NLD,power,2024-02-19 12:00:00,0.0
NLD,power,2024-02-19 13:00:00,0.0
NLD,power,2024-02-19 14:00:00,-1.5443600415602847e-10
NLD,power,2024-02-19 15:00:00,-1.3156908585003432e-10
NLD,power,2024-02-19 16:00:00,-1.1129919033587496e-10
NLD,power,2024-02-19 17:00:00,0.02288181535810646
NLD,power,2024-02-19 18:00:00,0.0076272776720077845
NLD,power,2024-02-19 19:00:00,0.04976841884815784
NLD,power,2024-02-19 20:00:00,0.04976841989036001
NLD,power,2024-02-19 21:00:00,0.04976841966986972
NLD,power,2024-02-19 22:00:00,0.022881810803897965
NLD,power,2024-02-19 23:00:00,4.435858770611281e-09
NLD,power,2024-02-20 00:00:00,1.6725032862417973e-08
NLD,power,2024-02-20 01:00:00,0.007627264694789961
NLD,power,2024-02-20 02:00:00,0.0076272641273149745
NLD,power,2024-02-20 03:00:00,0.007627261900554131
NLD,power,2024-02-20 04:00:00,0.007627264779140294
NLD,power,2024-02-20 05:00:00,2.1178591507726007e-08
NLD,power,2024-02-20 06:00:00,0.015254524734312411
NLD,power,2024-02-20 07:00:00,0.015254524556633958
NLD,power,2024-02-20 08:00:00,-1.0677730765277588e-10
NLD,power,2024-02-20 09:00:00,-1.2810769459740815e-10
NLD,power,2024-02-20 10:00:00,-1.523565725725866e-10
NLD,power,2024-02-20 11:00:00,0.0
NLD,power,2024-02-20 12:00:00,0.0
NLD,power,2024-02-20 13:00:00,0.0
NLD,power,2024-02-20 14:00:00,-1.5602893300536256e-10
NLD,power,2024-02-20 15:00:00,-1.3570069777323028e-10
NLD,power,2024-02-20 16:00:00,9.154663288716441e-10
NLD,power,2024-02-20 17:00:00,0.04976841802579301
NLD,power,2024-02-20 18:00:00,0.04976841996723175
NLD,power,2024-02-20 19:00:00,0.04976842052368542
NLD,power,2024-02-20 20:00:00,0.049768420618242874
NLD,power,2024-02-20 21:00:00,0.04976842052826932
NLD,power,2024-02-20 22:00:00,0.0497684197101098
NLD,power,2024-02-20 23:00:00,0.04976800054633543
NLD,power,2024-02-21 00:00:00,0.007627270598375539
NLD,power,2024-02-21 01:00:00,0.007627273556480336
NLD,power,2024-02-21 02:00:00,0.007627270210519504
NLD,power,2024-02-21 03:00:00,0.007627270908793805
NLD,power,2024-02-21 04:00:00,0.007627270569576009
NLD,power,2024-02-21 05:00:00,0.007627238889881939
NLD,power,2024-02-21 06:00:00,0.007627307116966822
NLD,power,2024-02-21 07:00:00,0.02288162650401614
NLD,power,2024-02-21 08:00:00,1.9060362977139445e-07
NLD,power,2024-02-21 09:00:00,-1.0412353143572876e-10
NLD,power,2024-02-21 10:00:00,-1.1959187790830662e-10
NLD,power,2024-02-21 11:00:00,-1.3401491198758575e-10
NLD,power,2024-02-21 12:00:00,-1.3909014341377168e-10
NLD,power,2024-02-21 13:00:00,-1.285693175382563e-10
NLD,power,2024-02-21 14:00:00,-1.1696440579821032e-10
NLD,power,2024-02-21 15:00:00,-1.0976880373652367e-10
NLD,power,2024-02-21 16:00:00,0.022881792770678647
NLD,power,2024-02-21 17:00:00,0.049768417404590384
NLD,power,2024-02-21 18:00:00,0.04976714326442388
NLD,power,2024-02-21 19:00:00,0.04976841694720453
NLD,power,2024-02-21 20:00:00,0.0497684158309881
NLD,power,2024-02-21 21:00:00,0.030508936136781996
NLD,power,2024-02-21 22:00:00,2.9690884683204202e-09
NLD,power,2024-02-21 23:00:00,-1.0612655495966355e-10
NLD,power,2024-02-22 00:00:00,-1.0598096113084752e-10
NLD,power,2024-02-22 01:00:00,-1.101866430189546e-10
NLD,power,2024-02-22 02:00:00,-1.1434622436307089e-10
NLD,power,2024-02-22 03:00:00,-1.1752978256377782e-10
NLD,power,2024-02-22 04:00:00,-1.2019730067594266e-10
NLD,power,2024-02-22 05:00:00,-1.207500657678209e-10
NLD,power,2024-02-22 06:00:00,-1.136255850807221e-10
NLD,power,2024-02-22 07:00:00,-1.0892199261807321e-10
NLD,power,2024-02-22 08:00:00,-1.2306269232844392e-10
NLD,power,2024-02-22 09:00:00,-1.6447675800209317e-10
NLD,power,2024-02-22 10:00:00,0.0
NLD,power,2024-02-22 11:00:00,0.0
NLD,power,2024-02-22 12:00:00,0.0
NLD,power,2024-02-22 13:00:00,0.0
NLD,power,2024-02-22 14:00:00,0.0
NLD,power,2024-02-22 15:00:00,-1.601701218614314e-10
NLD,power,2024-02-22 16:00:00,-1.3528125147745765e-10
NLD,power,2024-02-22 17:00:00,-1.1609348548550815e-10
NLD,power,2024-02-22 18:00:00,-1.0949738142321015e-10
NLD,power,2024-02-22 19:00:00,-1.017700050856844e-10
NLD,power,2024-02-22 20:00:00,0.007627270508079924
NLD,power,2024-02-22 21:00:00,0.00762726068300091
NLD,power,2024-02-22 22:00:00,-1.0589878147461525e-10
NLD,power,2024-02-22 23:00:00,-1.1435262312822979e-10
NLD,power,2024-02-23 00:00:00,-1.1903605438773946e-10
NLD,power,2024-02-23 01:00:00,-1.2422623689920273e-10
NLD,power,2024-02-23 02:00:00,-1.305354919198159e-10
NLD,power,2024-02-23 03:00:00,-1.3400968112273065e-10
NLD,power,2024-02-23 04:00:00,-1.3614929796131078e-10
NLD,power,2024-02-23 05:00:00,-1.3284490212862816e-10
NLD,power,2024-02-23 06:00:00,-1.2116404997715004e-10
NLD,power,2024-02-23 07:00:00,-1.159705573235686e-10
NLD,power,2024-02-23 08:00:00,-1.386241365347815e-10
NLD,power,2024-02-23 09:00:00,-1.8948209249947558e-10
NLD,power,2024-02-23 10:00:00,0.0
NLD,power,2024-02-23 11:00:00,0.0
NLD,power,2024-02-23 12:00:00,0.0
NLD,power,2024-02-23 13:00:00,0.0
NLD,power,2024-02-23 14:00:00,0.0
NLD,power,2024-02-23 15:00:00,-1.685277049767658e-10
NLD,power,2024-02-23 16:00:00,-1.3410392396240035e-10
NLD,power,2024-02-23 17:00:00,-1.1384250850633464e-10
NLD,power,2024-02-23 18:00:00,-1.08593037904869e-10
NLD,power,2024-02-23 19:00:00,-1.0164580910922812e-10
NLD,power,2024-02-23 20:00:00,0.007627247457620672
NLD,power,2024-02-23 21:00:00,-1.0235561240672452e-10
NLD,power,2024-02-23 22:00:00,-1.102459693946518e-10
NLD,power,2024-02-23 23:00:00,-1.1715099272383112e-10
NLD,power,2024-02-24 00:00:00,-1.2100864860919668e-10
NLD,power,2024-02-24 01:00:00,-1.2663468403708162e-10
NLD,power,2024-02-24 02:00:00,-1.3211560046025921e-10
NLD,power,2024-02-24 03:00:00,-1.3481121756445016e-10
NLD,power,2024-02-24 04:00:00,-1.329641277543063e-10
NLD,power,2024-02-24 05:00:00,-1.3192285876316214e-10
NLD,power,2024-02-24 06:00:00,-1.265973333312241e-10
NLD,power,2024-02-24 07:00:00,-1.2588858277307746e-10
NLD,power,2024-02-24 08:00:00,-1.4002262926960782e-10
NLD,power,2024-02-24 09:00:00,-1.7455285939877525e-10
NLD,power,2024-02-24 10:00:00,0.0
NLD,power,2024-02-24 11:00:00,0.0
NLD,power,2024-02-24 12:00:00,0.0
NLD,power,2024-02-24 13:00:00,0.0
NLD,power,2024-02-24 14:00:00,0.0
NLD,power,2024-02-24 15:00:00,-1.6215943422868536e-10
NLD,power,2024-02-24 16:00:00,-1.2730064999694643e-10
NLD,power,2024-02-24 17:00:00,-1.0749413815578701e-10
NLD,power,2024-02-24 18:00:00,-1.011356947139604e-10
NLD,power,2024-02-24 19:00:00,0.007627277828677529
NLD,power,2024-02-24 20:00:00,0.007627275075428779
NLD,power,2024-02-24 21:00:00,0.00762726366544543
NLD,power,2024-02-24 22:00:00,-1.0669853981002015e-10
NLD,power,2024-02-24 23:00:00,-1.1557355895522765e-10
NLD,power,2024-02-25 00:00:00,-1.235839354813802e-10
NLD,power,2024-02-25 01:00:00,-1.3051525954590293e-10
NLD,power,2024-02-25 02:00:00,-1.3861281584549132e-10
NLD,power,2024-02-25 03:00:00,-1.4488157843659372e-10
NLD,power,2024-02-25 04:00:00,-1.498466121736113e-10
NLD,power,2024-02-25 05:00:00,0.0
NLD,power,2024-02-25 06:00:00,0.0
NLD,power,2024-02-25 07:00:00,0.0
NLD,power,2024-02-25 08:00:00,0.0
NLD,power,2024-02-25 09:00:00,0.0
NLD,power,2024-02-25 10:00:00,0.0
NLD,power,2024-02-25 11:00:00,0.0
NLD,power,2024-02-25 12:00:00,0.0
NLD,power,2024-02-25 13:00:00,0.0
NLD,power,2024-02-25 14:00:00,0.0
NLD,power,2024-02-25 15:00:00,0.0
NLD,power,2024-02-25 16:00:00,0.0
NLD,power,2024-02-25 17:00:00,0.0
NLD,power,2024-02-25 18:00:00,-1.462841536488456e-10
NLD,power,2024-02-25 19:00:00,-1.341385147819517e-10
NLD,power,2024-02-25 20:00:00,-1.2739982821599027e-10
NLD,power,2024-02-25 21:00:00,-1.2827693117187202e-10
NLD,power,2024-02-25 22:00:00,-1.3661307348750661e-10
NLD,power,2024-02-25 23:00:00,-1.476769828001067e-10
NLD,power,2024-02-26 00:00:00,0.0
NLD,power,2024-02-26 01:00:00,0.0
NLD,power,2024-02-26 02:00:00,0.0
NLD,power,2024-02-26 03:00:00,0.0
NLD,power,2024-02-26 04:00:00,-1.486418786019768e-10
NLD,power,2024-02-26 05:00:00,-1.388700109339624e-10
NLD,power,2024-02-26 06:00:00,-1.213992148258718e-10
NLD,power,2024-02-26 07:00:00,-1.0900003674690101e-10
NLD,power,2024-02-26 08:00:00,-1.2276393395672543e-10
NLD,power,2024-02-26 09:00:00,-1.5994274834402848e-10
NLD,power,2024-02-26 10:00:00,0.0
NLD,power,2024-02-26 11:00:00,0.0
NLD,power,2024-02-26 12:00:00,0.0
NLD,power,2024-02-26 13:00:00,0.0
NLD,power,2024-02-26 14:00:00,0.0
NLD,power,2024-02-26 15:00:00,-1.6896892434637693e-10
NLD,power,2024-02-26 16:00:00,-1.37294078445221e-10
NLD,power,2024-02-26 17:00:00,-1.1753752397800453e-10
NLD,power,2024-02-26 18:00:00,-1.1273857457291417e-10
NLD,power,2024-02-26 19:00:00,-1.0763035478112222e-10
NLD,power,2024-02-26 20:00:00,-1.0600987932943033e-10
NLD,power,2024-02-26 21:00:00,-1.097211301693983e-10
NLD,power,2024-02-26 22:00:00,-1.2055941727207698e-10
NLD,power,2024-02-26 23:00:00,-1.3176734858877345e-10
NLD,power,2024-02-27 00:00:00,-1.3878053222686874e-10
NLD,power,2024-02-27 01:00:00,-1.4346587299830714e-10
NLD,power,2024-02-27 02:00:00,-1.4701595480522135e-10
NLD,power,2024-02-27 03:00:00,0.0
NLD,power,2024-02-27 04:00:00,-1.4794914157674768e-10
NLD,power,2024-02-27 05:00:00,-1.4424601956367303e-10
NLD,power,2024-02-27 06:00:00,-1.3015547013573142e-10
NLD,power,2024-02-27 07:00:00,-1.2758492677654118e-10
NLD,power,2024-02-27 08:00:00,-1.5645399146356706e-10
NLD,power,2024-02-27 09:00:00,0.0
NLD,power,2024-02-27 10:00:00,0.0
NLD,power,2024-02-27 11:00:00,0.0
NLD,power,2024-02-27 12:00:00,0.0
NLD,power,2024-02-27 13:00:00,0.0
NLD,power,2024-02-27 14:00:00,0.0
NLD,power,2024-02-27 15:00:00,0.0
NLD,power,2024-02-27 16:00:00,-1.4794572496761296e-10
NLD,power,2024-02-27 17:00:00,-1.150129245843892e-10
NLD,power,2024-02-27 18:00:00,-1.0769012239708192e-10
NLD,power,2024-02-27 19:00:00,0.0
NLD,power,2024-02-27 20:00:00,0.007627276588076835
NLD,power,2024-02-27 21:00:00,0.007627270556027541
NLD,power,2024-02-27 22:00:00,-1.0500343252278437e-10
NLD,power,2024-02-27 23:00:00,-1.1353214233452572e-10
NLD,power,2024-02-28 00:00:00,-1.189183076077165e-10
NLD,power,2024-02-28 01:00:00,-1.2309455971426522e-10
NLD,power,2024-02-28 02:00:00,-1.2492118064734297e-10
NLD,power,2024-02-28 03:00:00,-1.244395650426586e-10
NLD,power,2024-02-28 04:00:00,-1.2253606451377416e-10
NLD,power,2024-02-28 05:00:00,-1.2073687853477662e-10
NLD,power,2024-02-28 06:00:00,-1.109186316591183e-10
NLD,power,2024-02-28 07:00:00,-1.1002601279444037e-10
NLD,power,2024-02-28 08:00:00,-1.299830061917994e-10
NLD,power,2024-02-28 09:00:00,-1.7443307827417105e-10
NLD,power,2024-02-28 10:00:00,0.0
NLD,power,2024-02-28 11:00:00,0.0
NLD,power,2024-02-28 12:00:00,0.0
NLD,power,2024-02-28 13:00:00,0.0
NLD,power,2024-02-28 14:00:00,0.0
NLD,power,2024-02-28 15:00:00,-1.7509023516134073e-10
NLD,power,2024-02-28 16:00:00,-1.294051236968462e-10
NLD,power,2024-02-28 17:00:00,2.0114202042023576e-09
NLD,power,2024-02-28 18:00:00,4.136813702394093e-09
NLD,power,2024-02-28 19:00:00,0.04976841545511039
NLD,power,2024-02-28 20:00:00,0.049768419916422606
NLD,power,2024-02-28 21:00:00,0.04976841973943617
NLD,power,2024-02-28 22:00:00,0.04976838841608386
NLD,power,2024-02-28 23:00:00,7.66372886232454e-09
NLD,power,2024-02-29 00:00:00,0.0076272655578320655
NLD,power,2024-02-29 01:00:00,0.00762726481309492
NLD,power,2024-02-29 02:00:00,-1.0015882820638535e-10
NLD,power,2024-02-29 03:00:00,-1.00940238694341e-10
NLD,power,2024-02-29 04:00:00,-1.0092061639447602e-10
NLD,power,2024-02-29 05:00:00,8.001483437199707e-09
NLD,power,2024-02-29 06:00:00,0.015254532470047507
NLD,power,2024-02-29 07:00:00,0.015254558596231534
NLD,power,2024-02-29 08:00:00,-1.0514870821804e-10
NLD,power,2024-02-29 09:00:00,-1.2612140338887584e-10
NLD,power,2024-02-29 10:00:00,-1.617014834972927e-10
NLD,power,2024-02-29 11:00:00,0.0
NLD,power,2024-02-29 12:00:00,0.0
NLD,power,2024-02-29 13:00:00,0.0
NLD,power,2024-02-29 14:00:00,0.0
NLD,power,2024-02-29 15:00:00,-1.7739026239087526e-10
NLD,power,2024-02-29 16:00:00,-1.3654300411442775e-10
NLD,power,2024-02-29 17:00:00,-1.0782950930728702e-10
NLD,power,2024-02-29 18:00:00,-1.0246381975287187e-10
NLD,power,2024-02-29 19:00:00,0.007627268317921181
NLD,power,2024-02-29 20:00:00,0.007627278788382301
NLD,power,2024-02-29 21:00:00,0.007627272309012781
NLD,power,2024-02-29 22:00:00,-1.046172636506392e-10
NLD,power,2024-02-29 23:00:00,-1.1256563076976448e-10
NLD,power,2024-03-01 00:00:00,-1.166478284683668e-10
NLD,power,2024-03-01 01:00:00,-1.2106334441345978e-10
NLD,power,2024-03-01 02:00:00,-1.2463328186809347e-10
NLD,power,2024-03-01 03:00:00,-1.2384206186443836e-10
NLD,power,2024-03-01 04:00:00,-1.212655196722715e-10
NLD,power,2024-03-01 05:00:00,-1.164546111570526e-10
NLD,power,2024-03-01 06:00:00,-1.07452967563662e-10
NLD,power,2024-03-01 07:00:00,-1.083873356436285e-10
NLD,power,2024-03-01 08:00:00,-1.3260084866603746e-10
NLD,power,2024-03-01 09:00:00,-1.7928459704108855e-10
NLD,power,2024-03-01 10:00:00,0.0
NLD,power,2024-03-01 11:00:00,0.0
NLD,power,2024-03-01 12:00:00,0.0
NLD,power,2024-03-01 13:00:00,0.0
NLD,power,2024-03-01 14:00:00,0.0
NLD,power,2024-03-01 15:00:00,-1.7243530074946992e-10
NLD,power,2024-03-01 16:00:00,-1.2670770610047104e-10
NLD,power,2024-03-01 17:00:00,-1.0253581778715737e-10
NLD,power,2024-03-01 18:00:00,0.007627234949828624
NLD,power,2024-03-01 19:00:00,0.007627300127891584
NLD,power,2024-03-01 20:00:00,0.007627275831288491
NLD,power,2024-03-01 21:00:00,0.007627378586713426
NLD,power,2024-03-01 22:00:00,-1.0140554672763358e-10
NLD,power,2024-03-01 23:00:00,-1.0740838342002287e-10
NLD,power,2024-03-02 00:00:00,-1.1066206486649543e-10
NLD,power,2024-03-02 01:00:00,-1.152706873538692e-10
NLD,power,2024-03-02 02:00:00,-1.1997154990103531e-10
NLD,power,2024-03-02 03:00:00,-1.229490583165663e-10
NLD,power,2024-03-02 04:00:00,-1.2548056304402825e-10
NLD,power,2024-03-02 05:00:00,-1.2713409549534956e-10
NLD,power,2024-03-02 06:00:00,-1.256916031208382e-10
NLD,power,2024-03-02 07:00:00,-1.2686251886128577e-10
NLD,power,2024-03-02 08:00:00,-1.4381980245112513e-10
NLD,power,2024-03-02 09:00:00,-1.6235695738939064e-10
NLD,power,2024-03-02 10:00:00,0.0
NLD,power,2024-03-02 11:00:00,0.0
NLD,power,2024-03-02 12:00:00,0.0
NLD,power,2024-03-02 13:00:00,0.0
NLD,power,2024-03-02 14:00:00,0.0
NLD,power,2024-03-02 15:00:00,-1.5066620488253933e-10
NLD,power,2024-03-02 16:00:00,-1.3117842481573587e-10
NLD,power,2024-03-02 17:00:00,-1.1550317693541925e-10
NLD,power,2024-03-02 18:00:00,-1.0971714497212144e-10
NLD,power,2024-03-02 19:00:00,-1.0394811015495936e-10
NLD,power,2024-03-02 20:00:00,-1.0150980703779031e-10
NLD,power,2024-03-02 21:00:00,-1.0181915910580385e-10
NLD,power,2024-03-02 22:00:00,-1.0808107257607588e-10
NLD,power,2024-03-02 23:00:00,-1.149245011422188e-10
NLD,power,2024-03-03 00:00:00,-1.216490593841341e-10
NLD,power,2024-03-03 01:00:00,-1.2861336916405433e-10
NLD,power,2024-03-03 02:00:00,-1.332996066061016e-10
NLD,power,2024-03-03 03:00:00,-1.346182603717393e-10
NLD,power,2024-03-03 04:00:00,-1.3322568788648074e-10
NLD,power,2024-03-03 05:00:00,-1.3165131168806563e-10
NLD,power,2024-03-03 06:00:00,-1.2939792811621038e-10
NLD,power,2024-03-03 07:00:00,-1.3864334706024361e-10
NLD,power,2024-03-03 08:00:00,-1.748438631592344e-10
NLD,power,2024-03-03 09:00:00,0.0
NLD,power,2024-03-03 10:00:00,0.0
NLD,power,2024-03-03 11:00:00,0.0
NLD,power,2024-03-03 12:00:00,0.0
NLD,power,2024-03-03 13:00:00,0.0
NLD,power,2024-03-03 14:00:00,0.0
NLD,power,2024-03-03 15:00:00,0.0
NLD,power,2024-03-03 16:00:00,-1.53755255250372e-10
NLD,power,2024-03-03 17:00:00,-1.1691466974458574e-10
NLD,power,2024-03-03 18:00:00,-1.0590137426146755e-10
NLD,power,2024-03-03 19:00:00,6.2081275791041e-09
NLD,power,2024-03-03 20:00:00,0.0228816404031905
NLD,power,2024-03-03 21:00:00,0.007627288391485111
NLD,power,2024-03-03 22:00:00,0.015254525643555051
NLD,power,2024-03-03 23:00:00,5.366283844946802e-09
NLD,power,2024-03-04 00:00:00,-1.0480867533167581e-10
NLD,power,2024-03-04 01:00:00,-1.0954492112197332e-10
NLD,power,2024-03-04 02:00:00,-1.115856812175466e-10
NLD,power,2024-03-04 03:00:00,-1.1149859387480185e-10
NLD,power,2024-03-04 04:00:00,-1.1151026699677264e-10
NLD,power,2024-03-04 05:00:00,-1.0963731078871719e-10
NLD,power,2024-03-04 06:00:00,-1.0139946669727109e-10
NLD,power,2024-03-04 07:00:00,0.007627276265919353
NLD,power,2024-03-04 08:00:00,-1.0404844489783065e-10
NLD,power,2024-03-04 09:00:00,-1.2182087158039458e-10
NLD,power,2024-03-04 10:00:00,-1.5075909391383514e-10
NLD,power,2024-03-04 11:00:00,0.0
NLD,power,2024-03-04 12:00:00,0.0
NLD,power,2024-03-04 13:00:00,0.0
NLD,power,2024-03-04 14:00:00,-1.687322403802373e-10
NLD,power,2024-03-04 15:00:00,-1.3894482208367717e-10
NLD,power,2024-03-04 16:00:00,-1.121076096248573e-10
NLD,power,2024-03-04 17:00:00,0.015254526806398404
NLD,power,2024-03-04 18:00:00,0.007626962988144092
NLD,power,2024-03-04 19:00:00,0.007627583003652276
NLD,power,2024-03-04 20:00:00,0.049768408714874805
NLD,power,2024-03-04 21:00:00,0.030509079340780728
NLD,power,2024-03-04 22:00:00,3.565740049136795e-09
NLD,power,2024-03-04 23:00:00,2.2814653999691745e-09
NLD,power,2024-03-05 00:00:00,-1.0197173379172031e-10
NLD,power,2024-03-05 01:00:00,-1.0320862812786135e-10
NLD,power,2024-03-05 02:00:00,-1.0507532432469778e-10
NLD,power,2024-03-05 03:00:00,-1.0332027909060634e-10
NLD,power,2024-03-05 04:00:00,-1.0148874694517841e-10
NLD,power,2024-03-05 05:00:00,3.206724442284118e-09
NLD,power,2024-03-05 06:00:00,0.02288178303236646
NLD,power,2024-03-05 07:00:00,0.030509104442338175
NLD,power,2024-03-05 08:00:00,1.5413677863242611e-09
NLD,power,2024-03-05 09:00:00,-1.2829453820177567e-10
NLD,power,2024-03-05 10:00:00,-1.4875787851702385e-10
NLD,power,2024-03-05 11:00:00,0.0
NLD,power,2024-03-05 12:00:00,0.0
NLD,power,2024-03-05 13:00:00,-1.6724499387386138e-10
NLD,power,2024-03-05 14:00:00,-1.4976808820908528e-10
NLD,power,2024-03-05 15:00:00,-1.3251678959771358e-10
NLD,power,2024-03-05 16:00:00,8.87464650632727e-10
NLD,power,2024-03-05 17:00:00,0.04976841945230875
NLD,power,2024-03-05 18:00:00,0.04976842044267956
NLD,power,2024-03-05 19:00:00,0.0497684207457035
NLD,power,2024-03-05 20:00:00,0.04976842089042028
NLD,power,2024-03-05 21:00:00,0.049768420904691336
NLD,power,2024-03-05 22:00:00,0.04976842071067449
NLD,power,2024-03-05 23:00:00,0.049768420371553705
NLD,power,2024-03-06 00:00:00,0.0497684197487604
NLD,power,2024-03-06 01:00:00,0.049768417950644975
NLD,power,2024-03-06 02:00:00,0.049768381965492145
NLD,power,2024-03-06 03:00:00,0.007627280204988611
NLD,power,2024-03-06 04:00:00,0.007627277405796622
NLD,power,2024-03-06 05:00:00,0.00762731226944965
NLD,power,2024-03-06 06:00:00,0.049768419332562513
NLD,power,2024-03-06 07:00:00,0.049768413442410606
NLD,power,2024-03-06 08:00:00,3.5747768513151474e-09
NLD,power,2024-03-06 09:00:00,-1.1803608889959718e-10
NLD,power,2024-03-06 10:00:00,-1.2884089112121062e-10
NLD,power,2024-03-06 11:00:00,-1.401954268201828e-10
NLD,power,2024-03-06 12:00:00,-1.475055040821738e-10
NLD,power,2024-03-06 13:00:00,-1.4101279416469736e-10
NLD,power,2024-03-06 14:00:00,-1.2859559317342109e-10
NLD,power,2024-03-06 15:00:00,-1.150575748396327e-10
NLD,power,2024-03-06 16:00:00,0.022881763266522318
NLD,power,2024-03-06 17:00:00,0.04976842027301927
NLD,power,2024-03-06 18:00:00,0.0497684203441481
NLD,power,2024-03-06 19:00:00,0.049768420525859905
NLD,power,2024-03-06 20:00:00,0.04976842062030574
NLD,power,2024-03-06 21:00:00,0.049768420480006494
NLD,power,2024-03-06 22:00:00,0.04976841904999569
NLD,power,2024-03-06 23:00:00,0.022881693414597018
NLD,power,2024-03-07 00:00:00,1.8062848487760004e-08
NLD,power,2024-03-07 01:00:00,1.0399212907882649e-07
NLD,power,2024-03-07 02:00:00,-1.0066908074669952e-10
NLD,power,2024-03-07 03:00:00,-1.033204887418398e-10
NLD,power,2024-03-07 04:00:00,-1.0553207070521083e-10
NLD,power,2024-03-07 05:00:00,-1.0515553881136903e-10
NLD,power,2024-03-07 06:00:00,0.0
NLD,power,2024-03-07 07:00:00,0.007627274187949795
NLD,power,2024-03-07 08:00:00,-1.1180195317984913e-10
NLD,power,2024-03-07 09:00:00,-1.5017096718864976e-10
NLD,power,2024-03-07 10:00:00,0.0
NLD,power,2024-03-07 11:00:00,0.0
NLD,power,2024-03-07 12:00:00,0.0
NLD,power,2024-03-07 13:00:00,0.0
NLD,power,2024-03-07 14:00:00,0.0
NLD,power,2024-03-07 15:00:00,-1.4741502992056738e-10
NLD,power,2024-03-07 16:00:00,-1.204296636653559e-10
NLD,power,2024-03-07 17:00:00,-1.0568615783757817e-10
NLD,power,2024-03-07 18:00:00,2.6420100055012818e-09
NLD,power,2024-03-07 19:00:00,0.022881814421293663
NLD,power,2024-03-07 20:00:00,0.04976841486494918
NLD,power,2024-03-07 21:00:00,0.049768416944527674
NLD,power,2024-03-07 22:00:00,0.022881787032238518
NLD,power,2024-03-07 23:00:00,3.810842772723755e-09
NLD,power,2024-03-08 00:00:00,-1.020040387892436e-10
NLD,power,2024-03-08 01:00:00,-1.0242693755438018e-10
NLD,power,2024-03-08 02:00:00,-1.044190127315829e-10
NLD,power,2024-03-08 03:00:00,-1.0608613074149661e-10
NLD,power,2024-03-08 04:00:00,-1.0843235564368988e-10
NLD,power,2024-03-08 05:00:00,-1.0922054111016726e-10
NLD,power,2024-03-08 06:00:00,-1.0241493485206497e-10
NLD,power,2024-03-08 07:00:00,-1.0052487712210941e-10
NLD,power,2024-03-08 08:00:00,-1.213604838436936e-10
NLD,power,2024-03-08 09:00:00,-1.6276961246387364e-10
NLD,power,2024-03-08 10:00:00,0.0
NLD,power,2024-03-08 11:00:00,0.0
NLD,power,2024-03-08 12:00:00,0.0
NLD,power,2024-03-08 13:00:00,0.0
NLD,power,2024-03-08 14:00:00,0.0
NLD,power,2024-03-08 15:00:00,-1.7269790380384856e-10
NLD,power,2024-03-08 16:00:00,-1.3698028754876805e-10
NLD,power,2024-03-08 17:00:00,-1.1442064061215135e-10
NLD,power,2024-03-08 18:00:00,-1.0688208604501411e-10
NLD,power,2024-03-08 19:00:00,0.007627171582309422
NLD,power,2024-03-08 20:00:00,0.0076272739117685725
NLD,power,2024-03-08 21:00:00,0.007627246945862556
NLD,power,2024-03-08 22:00:00,-1.0872919812247666e-10
NLD,power,2024-03-08 23:00:00,-1.1859159064846137e-10
NLD,power,2024-03-09 00:00:00,-1.271558432288936e-10
NLD,power,2024-03-09 01:00:00,-1.3405577277309594e-10
NLD,power,2024-03-09 02:00:00,-1.404128724639199e-10
NLD,power,2024-03-09 03:00:00,-1.4099629884738905e-10
NLD,power,2024-03-09 04:00:00,-1.337776424118719e-10
NLD,power,2024-03-09 05:00:00,-1.2695804242584497e-10
NLD,power,2024-03-09 06:00:00,-1.1949757824197322e-10
NLD,power,2024-03-09 07:00:00,-1.1469600097850606e-10
NLD,power,2024-03-09 08:00:00,-1.1739107748442154e-10
NLD,power,2024-03-09 09:00:00,-1.2287588726375807e-10
NLD,power,2024-03-09 10:00:00,-1.3169302233070442e-10
NLD,power,2024-03-09 11:00:00,-1.4521718156161493e-10
NLD,power,2024-03-09 12:00:00,-1.5281475222366609e-10
NLD,power,2024-03-09 13:00:00,-1.4813119495453943e-10
NLD,power,2024-03-09 14:00:00,-1.410614499365242e-10
NLD,power,2024-03-09 15:00:00,-1.3427665139145163e-10
NLD,power,2024-03-09 16:00:00,-1.225502120316208e-10
NLD,power,2024-03-09 17:00:00,-1.0813722772139914e-10
NLD,power,2024-03-09 18:00:00,-1.0352119093153544e-10
NLD,power,2024-03-09 19:00:00,0.007627253053760412
NLD,power,2024-03-09 20:00:00,0.007627271381619705
NLD,power,2024-03-09 21:00:00,0.00762726522081867
NLD,power,2024-03-09 22:00:00,-1.0592057945475592e-10
NLD,power,2024-03-09 23:00:00,-1.1458389706162868e-10
NLD,power,2024-03-10 00:00:00,-1.235890368795954e-10
NLD,power,2024-03-10 01:00:00,-1.354540427851653e-10
NLD,power,2024-03-10 02:00:00,-1.4371833166985184e-10
NLD,power,2024-03-10 03:00:00,-1.496347663209405e-10
NLD,power,2024-03-10 04:00:00,0.0
NLD,power,2024-03-10 05:00:00,0.0
NLD,power,2024-03-10 06:00:00,0.0
NLD,power,2024-03-10 07:00:00,0.0
NLD,power,2024-03-10 08:00:00,0.0
NLD,power,2024-03-10 09:00:00,0.0
NLD,power,2024-03-10 10:00:00,0.0
NLD,power,2024-03-10 11:00:00,0.0
NLD,power,2024-03-10 12:00:00,0.0
NLD,power,2024-03-10 13:00:00,0.0
NLD,power,2024-03-10 14:00:00,0.0
NLD,power,2024-03-10 15:00:00,0.0
NLD,power,2024-03-10 16:00:00,-1.814177534364169e-10
NLD,power,2024-03-10 17:00:00,-1.3147470955397166e-10
NLD,power,2024-03-10 18:00:00,-1.1540732614551393e-10
NLD,power,2024-03-10 19:00:00,-1.0259113601152065e-10
NLD,power,2024-03-10 20:00:00,0.007627286376486851
NLD,power,2024-03-10 21:00:00,0.007627276793470188
NLD,power,2024-03-10 22:00:00,-1.0170070281735192e-10
NLD,power,2024-03-10 23:00:00,-1.1012634598478878e-10
NLD,power,2024-03-11 00:00:00,-1.1720592794201177e-10
NLD,power,2024-03-11 01:00:00,-1.1957297134375783e-10
NLD,power,2024-03-11 02:00:00,-1.2169710512609224e-10
NLD,power,2024-03-11 03:00:00,-1.214163921337511e-10
NLD,power,2024-03-11 04:00:00,-1.2038721693198365e-10
NLD,power,2024-03-11 05:00:00,-1.1671227170021359e-10
NLD,power,2024-03-11 06:00:00,-1.0612699735911071e-10
NLD,power,2024-03-11 07:00:00,-1.028500316676156e-10
NLD,power,2024-03-11 08:00:00,-1.2048699285521271e-10
NLD,power,2024-03-11 09:00:00,-1.661100651063156e-10
NLD,power,2024-03-11 10:00:00,0.0
NLD,power,2024-03-11 11:00:00,0.0
NLD,power,2024-03-11 12:00:00,0.0
NLD,power,2024-03-11 13:00:00,0.0
NLD,power,2024-03-11 14:00:00,0.0
NLD,power,2024-03-11 15:00:00,-1.6215497518983737e-10
NLD,power,2024-03-11 16:00:00,-1.2964783575674146e-10
NLD,power,2024-03-11 17:00:00,1.9846566402346546e-09
NLD,power,2024-03-11 18:00:00,0.03050908192117425
NLD,power,2024-03-11 19:00:00,0.049768419797150305
NLD,power,2024-03-11 20:00:00,0.04976842047876522
NLD,power,2024-03-11 21:00:00,0.04976842043203761
NLD,power,2024-03-11 22:00:00,0.04976841933420485
NLD,power,2024-03-11 23:00:00,0.007627294650356032
NLD,power,2024-03-12 00:00:00,0.007627267772357339
NLD,power,2024-03-12 01:00:00,0.007627270655197435
NLD,power,2024-03-12 02:00:00,0.007627269697111952
NLD,power,2024-03-12 03:00:00,0.007627270825338562
NLD,power,2024-03-12 04:00:00,0.007627268733789596
NLD,power,2024-03-12 05:00:00,1.374385371977484e-08
NLD,power,2024-03-12 06:00:00,0.015254540727760342
NLD,power,2024-03-12 07:00:00,0.02288181590785665
NLD,power,2024-03-12 08:00:00,-1.1025346417067734e-10
NLD,power,2024-03-12 09:00:00,-1.280098277298203e-10
NLD,power,2024-03-12 10:00:00,-1.4617635552632986e-10
NLD,power,2024-03-12 11:00:00,-1.644440423207368e-10
NLD,power,2024-03-12 12:00:00,0.0
NLD,power,2024-03-12 13:00:00,-1.5538073962771736e-10
NLD,power,2024-03-12 14:00:00,-1.4032282119916532e-10
NLD,power,2024-03-12 15:00:00,-1.255605220688585e-10
NLD,power,2024-03-12 16:00:00,1.2511963832021278e-09
NLD,power,2024-03-12 17:00:00,0.0497684197476177
NLD,power,2024-03-12 18:00:00,0.049768420564776414
NLD,power,2024-03-12 19:00:00,0.04976842076909221
NLD,power,2024-03-12 20:00:00,0.04976842087895326
NLD,power,2024-03-12 21:00:00,0.04976842081290175
NLD,power,2024-03-12 22:00:00,0.04976842044520179
NLD,power,2024-03-12 23:00:00,0.04976841906663228
NLD,power,2024-03-13 00:00:00,0.007627301263533071
NLD,power,2024-03-13 01:00:00,0.007627269817528158
NLD,power,2024-03-13 02:00:00,0.0076272715456310565
NLD,power,2024-03-13 03:00:00,0.007627272678546915
NLD,power,2024-03-13 04:00:00,0.00762727073543548
NLD,power,2024-03-13 05:00:00,0.007627262232983498
NLD,power,2024-03-13 06:00:00,0.00762728872536405
NLD,power,2024-03-13 07:00:00,0.022881797911112833
NLD,power,2024-03-13 08:00:00,5.232382607292063e-09
NLD,power,2024-03-13 09:00:00,-1.1539450226436964e-10
NLD,power,2024-03-13 10:00:00,-1.365840630236316e-10
NLD,power,2024-03-13 11:00:00,-1.5300137639846278e-10
NLD,power,2024-03-13 12:00:00,0.0
NLD,power,2024-03-13 13:00:00,-1.5054100548624118e-10
NLD,power,2024-03-13 14:00:00,-1.3677131353609639e-10
NLD,power,2024-03-13 15:00:00,-1.2332815282770085e-10
NLD,power,2024-03-13 16:00:00,1.297735027563353e-09
NLD,power,2024-03-13 17:00:00,0.0497684191515263
NLD,power,2024-03-13 18:00:00,0.04976842036610868
NLD,power,2024-03-13 19:00:00,0.04976842062962914
NLD,power,2024-03-13 20:00:00,0.04976842075527987
NLD,power,2024-03-13 21:00:00,0.04976842060307927
NLD,power,2024-03-13 22:00:00,0.04976841951412394
NLD,power,2024-03-13 23:00:00,0.007627297540084049
NLD,power,2024-03-14 00:00:00,0.007627259696760473
NLD,power,2024-03-14 01:00:00,0.007627267309628264
NLD,power,2024-03-14 02:00:00,0.007627268443832613
NLD,power,2024-03-14 03:00:00,0.00762727019511834
NLD,power,2024-03-14 04:00:00,0.007627269914950635
NLD,power,2024-03-14 05:00:00,4.063115030814572e-08
NLD,power,2024-03-14 06:00:00,0.015254506041355972
NLD,power,2024-03-14 07:00:00,0.022881817742721206
NLD,power,2024-03-14 08:00:00,1.951432518207161e-09
NLD,power,2024-03-14 09:00:00,-1.265006775170793e-10
NLD,power,2024-03-14 10:00:00,-1.5933537603238692e-10
NLD,power,2024-03-14 11:00:00,0.0
NLD,power,2024-03-14 12:00:00,0.0
NLD,power,2024-03-14 13:00:00,0.0
NLD,power,2024-03-14 14:00:00,-1.5378377237867893e-10
NLD,power,2024-03-14 15:00:00,-1.2866422104634773e-10
NLD,power,2024-03-14 16:00:00,-1.1215783288474338e-10
NLD,power,2024-03-14 17:00:00,0.02288179891989263
NLD,power,2024-03-14 18:00:00,0.007627277076133259
NLD,power,2024-03-14 19:00:00,0.04976840885824836
NLD,power,2024-03-14 20:00:00,0.04976841906635703
NLD,power,2024-03-14 21:00:00,0.04976841835013657
NLD,power,2024-03-14 22:00:00,0.022881807212449586
NLD,power,2024-03-14 23:00:00,5.338309389352327e-09
NLD,power,2024-03-15 00:00:00,6.999215713894675e-09
NLD,power,2024-03-15 01:00:00,-1.0102096462697027e-10
NLD,power,2024-03-15 02:00:00,-1.0333857034925449e-10
NLD,power,2024-03-15 03:00:00,-1.0256853565747518e-10
NLD,power,2024-03-15 04:00:00,-1.015061421856471e-10
NLD,power,2024-03-15 05:00:00,2.868416415336448e-09
NLD,power,2024-03-15 06:00:00,0.022881805312072304
NLD,power,2024-03-15 07:00:00,0.022881839361350347
NLD,power,2024-03-15 08:00:00,1.4143308653408675e-09
NLD,power,2024-03-15 09:00:00,-1.2223740308197155e-10
NLD,power,2024-03-15 10:00:00,-1.337017298818351e-10
NLD,power,2024-03-15 11:00:00,-1.4776352192539055e-10
NLD,power,2024-03-15 12:00:00,-1.469820988340671e-10
NLD,power,2024-03-15 13:00:00,-1.3515487792229406e-10
NLD,power,2024-03-15 14:00:00,-1.2382382952368272e-10
NLD,power,2024-03-15 15:00:00,-1.1633918029743895e-10
NLD,power,2024-03-15 16:00:00,1.5530851686619794e-09
NLD,power,2024-03-15 17:00:00,0.04976841833872309
NLD,power,2024-03-15 18:00:00,0.04976842008270104
NLD,power,2024-03-15 19:00:00,0.04976842043776802
NLD,power,2024-03-15 20:00:00,0.049768420568178595
NLD,power,2024-03-15 21:00:00,0.049768420475069214
NLD,power,2024-03-15 22:00:00,0.0497684199344941
NLD,power,2024-03-15 23:00:00,0.04976841723709717
NLD,power,2024-03-16 00:00:00,0.007627285863385495
NLD,power,2024-03-16 01:00:00,0.00762726542855251
NLD,power,2024-03-16 02:00:00,0.00762727005719243
NLD,power,2024-03-16 03:00:00,0.007627272678165372
NLD,power,2024-03-16 04:00:00,0.007627272157539053
NLD,power,2024-03-16 05:00:00,0.007627271918004092
NLD,power,2024-03-16 06:00:00,0.015254522265460018
NLD,power,2024-03-16 07:00:00,2.013323873813596e-08
NLD,power,2024-03-16 08:00:00,-1.0799698966983114e-10
NLD,power,2024-03-16 09:00:00,-1.2732109859722893e-10
NLD,power,2024-03-16 10:00:00,-1.5265094004304228e-10
NLD,power,2024-03-16 11:00:00,0.0
NLD,power,2024-03-16 12:00:00,0.0
NLD,power,2024-03-16 13:00:00,0.0
NLD,power,2024-03-16 14:00:00,-1.5283650171814862e-10
NLD,power,2024-03-16 15:00:00,-1.2987885813759733e-10
NLD,power,2024-03-16 16:00:00,-1.1349286996983454e-10
NLD,power,2024-03-16 17:00:00,1.1039534052096313e-08
NLD,power,2024-03-16 18:00:00,0.022881817588542602
NLD,power,2024-03-16 19:00:00,0.04976840542003825
NLD,power,2024-03-16 20:00:00,0.04976840398521277
NLD,power,2024-03-16 21:00:00,0.007627521263225425
NLD,power,2024-03-16 22:00:00,0.007627046369534964
NLD,power,2024-03-16 23:00:00,0.007627259174012557
NLD,power,2024-03-17 00:00:00,0.007627270307663151
NLD,power,2024-03-17 01:00:00,0.0076272541497361
NLD,power,2024-03-17 02:00:00,-1.0123780361754172e-10
NLD,power,2024-03-17 03:00:00,-1.0279937021629923e-10
NLD,power,2024-03-17 04:00:00,-1.035338941427938e-10
NLD,power,2024-03-17 05:00:00,-1.0298441077206928e-10
NLD,power,2024-03-17 06:00:00,-1.029710241348574e-10
NLD,power,2024-03-17 07:00:00,-1.0949902907417345e-10
NLD,power,2024-03-17 08:00:00,-1.2557794437408726e-10
NLD,power,2024-03-17 09:00:00,-1.4782593462468053e-10
NLD,power,2024-03-17 10:00:00,0.0
NLD,power,2024-03-17 11:00:00,0.0
NLD,power,2024-03-17 12:00:00,0.0
NLD,power,2024-03-17 13:00:00,-1.4910560448475362e-10
NLD,power,2024-03-17 14:00:00,-1.2908753849815497e-10
NLD,power,2024-03-17 15:00:00,-1.1504116035824928e-10
NLD,power,2024-03-17 16:00:00,1.576480684186927e-09
NLD,power,2024-03-17 17:00:00,9.439947921391543e-08
NLD,power,2024-03-17 18:00:00,0.04976840643349082
NLD,power,2024-03-17 19:00:00,0.049768419718949325
NLD,power,2024-03-17 20:00:00,0.04976842035529859
NLD,power,2024-03-17 21:00:00,0.049768420309875924
NLD,power,2024-03-17 22:00:00,0.04976841955391869
NLD,power,2024-03-17 23:00:00,0.0076273466206472
NLD,power,2024-03-18 00:00:00,0.0076272666696081985
NLD,power,2024-03-18 01:00:00,0.007627271136352442
NLD,power,2024-03-18 02:00:00,0.0076272709052768685
NLD,power,2024-03-18 03:00:00,0.007627270333066533
NLD,power,2024-03-18 04:00:00,0.007627268413362423
NLD,power,2024-03-18 05:00:00,2.1879285258869238e-08
NLD,power,2024-03-18 06:00:00,0.015254522639797981
NLD,power,2024-03-18 07:00:00,0.007627287344601138
NLD,power,2024-03-18 08:00:00,0.015254537169418199
NLD,power,2024-03-18 09:00:00,-1.040559510564177e-10
NLD,power,2024-03-18 10:00:00,-1.1175057949856275e-10
NLD,power,2024-03-18 11:00:00,-1.1850088756385837e-10
NLD,power,2024-03-18 12:00:00,-1.1921989212389526e-10
NLD,power,2024-03-18 13:00:00,-1.149520490162272e-10
NLD,power,2024-03-18 14:00:00,-1.1085298006939955e-10
NLD,power,2024-03-18 15:00:00,1.6220709862964618e-09
NLD,power,2024-03-18 16:00:00,0.02288181849080404
NLD,power,2024-03-18 17:00:00,0.04976842003806762
NLD,power,2024-03-18 18:00:00,0.04976842045022916
NLD,power,2024-03-18 19:00:00,0.04976842061679732
NLD,power,2024-03-18 20:00:00,0.04976842073835426
NLD,power,2024-03-18 21:00:00,0.04976842062956197
NLD,power,2024-03-18 22:00:00,0.04976842013199889
NLD,power,2024-03-18 23:00:00,0.049768418093981734
NLD,power,2024-03-19 00:00:00,0.007627289365958522
NLD,power,2024-03-19 01:00:00,0.007627270907322343
NLD,power,2024-03-19 02:00:00,0.007627271196001072
NLD,power,2024-03-19 03:00:00,0.0076272725563121015
NLD,power,2024-03-19 04:00:00,0.007627271949529665
NLD,power,2024-03-19 05:00:00,0.007627267646128968
NLD,power,2024-03-19 06:00:00,0.0076272851692706835
NLD,power,2024-03-19 07:00:00,0.022881799044434246
NLD,power,2024-03-19 08:00:00,2.648595447342835e-09
NLD,power,2024-03-19 09:00:00,-1.1463795372277132e-10
NLD,power,2024-03-19 10:00:00,-1.3442198075388576e-10
NLD,power,2024-03-19 11:00:00,-1.4891897364994738e-10
NLD,power,2024-03-19 12:00:00,-1.5216768505926442e-10
NLD,power,2024-03-19 13:00:00,-1.4277195335281316e-10
NLD,power,2024-03-19 14:00:00,-1.2989065338697152e-10
NLD,power,2024-03-19 15:00:00,-1.1723337034337026e-10
NLD,power,2024-03-19 16:00:00,3.110917463506061e-09
NLD,power,2024-03-19 17:00:00,0.049768419306899785
NLD,power,2024-03-19 18:00:00,0.04976842023437382
NLD,power,2024-03-19 19:00:00,0.04976842053616593
NLD,power,2024-03-19 20:00:00,0.049768420694697266
NLD,power,2024-03-19 21:00:00,0.04976842059015071
NLD,power,2024-03-19 22:00:00,0.04976841999256029
NLD,power,2024-03-19 23:00:00,0.049768390150133644
NLD,power,2024-03-20 00:00:00,4.191521960894301e-08
NLD,power,2024-03-20 01:00:00,0.007627248720841388
NLD,power,2024-03-20 02:00:00,0.007627266927763517
NLD,power,2024-03-20 03:00:00,0.0076272692321126285
NLD,power,2024-03-20 04:00:00,0.007627268411178534
NLD,power,2024-03-20 05:00:00,1.6948107060960132e-08
NLD,power,2024-03-20 06:00:00,0.015254531728170853
NLD,power,2024-03-20 07:00:00,0.022881796031675963
NLD,power,2024-03-20 08:00:00,1.8653499414714754e-09
NLD,power,2024-03-20 09:00:00,-1.2079300726629228e-10
NLD,power,2024-03-20 10:00:00,-1.3999210947168754e-10
NLD,power,2024-03-20 11:00:00,-1.5307531087237698e-10
NLD,power,2024-03-20 12:00:00,-1.5193050059993597e-10
NLD,power,2024-03-20 13:00:00,-1.373027239817392e-10
NLD,power,2024-03-20 14:00:00,-1.2450870679829596e-10
NLD,power,2024-03-20 15:00:00,-1.165680798058554e-10
NLD,power,2024-03-20 16:00:00,1.4730563302946354e-09
NLD,power,2024-03-20 17:00:00,0.04976841390251968
NLD,power,2024-03-20 18:00:00,0.04976841937973138
NLD,power,2024-03-20 19:00:00,0.04976841996745737
NLD,power,2024-03-20 20:00:00,0.04976842036968725
NLD,power,2024-03-20 21:00:00,0.049768420167121095
NLD,power,2024-03-20 22:00:00,0.04976841708359833
NLD,power,2024-03-20 23:00:00,0.007627274413052418
NLD,power,2024-03-21 00:00:00,0.007627273168061505
NLD,power,2024-03-21 01:00:00,0.007627269518698847
NLD,power,2024-03-21 02:00:00,0.007627270686058988
NLD,power,2024-03-21 03:00:00,0.007627269532883165
NLD,power,2024-03-21 04:00:00,0.007627269196026087
NLD,power,2024-03-21 05:00:00,0.007627230844304882
NLD,power,2024-03-21 06:00:00,0.007627316797741982
NLD,power,2024-03-21 07:00:00,0.015254567498305338
NLD,power,2024-03-21 08:00:00,-1.0810123520969658e-10
NLD,power,2024-03-21 09:00:00,-1.2627775197959376e-10
NLD,power,2024-03-21 10:00:00,-1.5422406756172968e-10
NLD,power,2024-03-21 11:00:00,0.0
NLD,power,2024-03-21 12:00:00,0.0
NLD,power,2024-03-21 13:00:00,0.0
NLD,power,2024-03-21 14:00:00,-1.5037613428827095e-10
NLD,power,2024-03-21 15:00:00,-1.2796516849636071e-10
NLD,power,2024-03-21 16:00:00,-1.1207796969972883e-10
NLD,power,2024-03-21 17:00:00,5.219381784081135e-09
NLD,power,2024-03-21 18:00:00,0.022881822020989106
NLD,power,2024-03-21 19:00:00,0.04976841865523469
NLD,power,2024-03-21 20:00:00,0.04976842005164348
NLD,power,2024-03-21 21:00:00,0.04976841972080588
NLD,power,2024-03-21 22:00:00,0.049768337956490535
NLD,power,2024-03-21 23:00:00,8.509685110179603e-07
NLD,power,2024-03-22 00:00:00,0.007627273281305402
NLD,power,2024-03-22 01:00:00,0.007627272291222626
NLD,power,2024-03-22 02:00:00,0.00762727109337573
NLD,power,2024-03-22 03:00:00,0.0076272717748404675
NLD,power,2024-03-22 04:00:00,0.007627270331476891
NLD,power,2024-03-22 05:00:00,0.007627266273603213
NLD,power,2024-03-22 06:00:00,0.0076272829489144175
NLD,power,2024-03-22 07:00:00,0.015254542423319164
NLD,power,2024-03-22 08:00:00,-1.0484994978068639e-10
NLD,power,2024-03-22 09:00:00,-1.2124061296226376e-10
NLD,power,2024-03-22 10:00:00,-1.4455956414672142e-10
NLD,power,2024-03-22 11:00:00,-1.632658347904571e-10
NLD,power,2024-03-22 12:00:00,0.0
NLD,power,2024-03-22 13:00:00,-1.5743299652210843e-10
NLD,power,2024-03-22 14:00:00,-1.4029566694838262e-10
NLD,power,2024-03-22 15:00:00,-1.2198412995126233e-10
NLD,power,2024-03-22 16:00:00,-1.0901117138560245e-10
NLD,power,2024-03-22 17:00:00,2.420942227425656e-08
NLD,power,2024-03-22 18:00:00,0.030509093908686225
NLD,power,2024-03-22 19:00:00,0.049768417886372936
NLD,power,2024-03-22 20:00:00,0.04976841942060194
NLD,power,2024-03-22 21:00:00,0.04976841693789126
NLD,power,2024-03-22 22:00:00,7.224379637305959e-09
NLD,power,2024-03-22 23:00:00,1.9548908774693206e-09
NLD,power,2024-03-23 00:00:00,-1.0451768717400859e-10
NLD,power,2024-03-23 01:00:00,-1.0821158991809985e-10
NLD,power,2024-03-23 02:00:00,-1.128473215990509e-10
NLD,power,2024-03-23 03:00:00,-1.16492934283497e-10
NLD,power,2024-03-23 04:00:00,-1.1885942939674885e-10
NLD,power,2024-03-23 05:00:00,-1.2059100235275395e-10
NLD,power,2024-03-23 06:00:00,-1.2211727507604948e-10
NLD,power,2024-03-23 07:00:00,-1.3450569583619868e-10
NLD,power,2024-03-23 08:00:00,-1.5151915768989289e-10
NLD,power,2024-03-23 09:00:00,0.0
NLD,power,2024-03-23 10:00:00,0.0
NLD,power,2024-03-23 11:00:00,0.0
NLD,power,2024-03-23 12:00:00,0.0
NLD,power,2024-03-23 13:00:00,0.0
NLD,power,2024-03-23 14:00:00,0.0
NLD,power,2024-03-23 15:00:00,-1.5866163443300646e-10
NLD,power,2024-03-23 16:00:00,-1.2977273304071657e-10
NLD,power,2024-03-23 17:00:00,-1.0950806351272691e-10
NLD,power,2024-03-23 18:00:00,-1.025199658067196e-10
NLD,power,2024-03-23 19:00:00,0.007627226224554522
NLD,power,2024-03-23 20:00:00,0.007627316248523719
NLD,power,2024-03-23 21:00:00,0.007627283901881454
NLD,power,2024-03-23 22:00:00,0.007627260938502292
NLD,power,2024-03-23 23:00:00,-1.0162416646825546e-10
NLD,power,2024-03-24 00:00:00,-1.0579142597512305e-10
NLD,power,2024-03-24 01:00:00,-1.0956339027846786e-10
NLD,power,2024-03-24 02:00:00,-1.1218117115014021e-10
NLD,power,2024-03-24 03:00:00,-1.1353943692420312e-10
NLD,power,2024-03-24 04:00:00,-1.1476907264732228e-10
NLD,power,2024-03-24 05:00:00,-1.1511813259504617e-10
NLD,power,2024-03-24 06:00:00,-1.1749203970070575e-10
NLD,power,2024-03-24 07:00:00,-1.3570911221740725e-10
NLD,power,2024-03-24 08:00:00,-1.6980235280110145e-10
NLD,power,2024-03-24 09:00:00,0.0
NLD,power,2024-03-24 10:00:00,0.0
NLD,power,2024-03-24 11:00:00,0.0
NLD,power,2024-03-24 12:00:00,0.0
NLD,power,2024-03-24 13:00:00,0.0
NLD,power,2024-03-24 14:00:00,0.0
NLD,power,2024-03-24 15:00:00,-1.5146878354927488e-10
NLD,power,2024-03-24 16:00:00,-1.2601893463372697e-10
NLD,power,2024-03-24 17:00:00,-1.0813879119090867e-10
NLD,power,2024-03-24 18:00:00,-1.02744414433783e-10
NLD,power,2024-03-24 19:00:00,3.776005804106097e-09
NLD,power,2024-03-24 20:00:00,0.02288180382371874
NLD,power,2024-03-24 21:00:00,0.007627280478654219
NLD,power,2024-03-24 22:00:00,0.00762727629699563
NLD,power,2024-03-24 23:00:00,0.0076272734042730165
NLD,power,2024-03-25 00:00:00,0.007627273395124085
NLD,power,2024-03-25 01:00:00,0.007627272537500445
NLD,power,2024-03-25 02:00:00,0.007627270061381715
NLD,power,2024-03-25 03:00:00,0.00762726790425344
NLD,power,2024-03-25 04:00:00,0.007627249253087278
NLD,power,2024-03-25 05:00:00,0.007627232479340575
NLD,power,2024-03-25 06:00:00,0.007627276888123018
NLD,power,2024-03-25 07:00:00,0.007627280178538829
NLD,power,2024-03-25 08:00:00,-1.0198912224293227e-10
NLD,power,2024-03-25 09:00:00,-1.1141175164360402e-10
NLD,power,2024-03-25 10:00:00,-1.2302415308252695e-10
NLD,power,2024-03-25 11:00:00,-1.299626368102892e-10
NLD,power,2024-03-25 12:00:00,-1.3232714298059208e-10
NLD,power,2024-03-25 13:00:00,-1.2843232281528164e-10
NLD,power,2024-03-25 14:00:00,-1.2151722634764013e-10
NLD,power,2024-03-25 15:00:00,-1.1232640340361253e-10
NLD,power,2024-03-25 16:00:00,-1.0668330879730973e-10
NLD,power,2024-03-25 17:00:00,0.022881787013096164
NLD,power,2024-03-25 18:00:00,0.007627277003539388
NLD,power,2024-03-25 19:00:00,0.007627286135837669
NLD,power,2024-03-25 20:00:00,0.049768417260795755
NLD,power,2024-03-25 21:00:00,0.04976841201674081
NLD,power,2024-03-25 22:00:00,0.015254503214158962
NLD,power,2024-03-25 23:00:00,2.4967204675302748e-08
NLD,power,2024-03-26 00:00:00,0.007627270098305235
NLD,power,2024-03-26 01:00:00,0.007627269167440213
NLD,power,2024-03-26 02:00:00,-1.0141882583667694e-10
NLD,power,2024-03-26 03:00:00,-1.0460591104636599e-10
NLD,power,2024-03-26 04:00:00,-1.0655301133057727e-10
NLD,power,2024-03-26 05:00:00,-1.0541938784319025e-10
NLD,power,2024-03-26 06:00:00,-1.0031170338388025e-10
NLD,power,2024-03-26 07:00:00,-1.0426300008144641e-10
NLD,power,2024-03-26 08:00:00,-1.1694668878405157e-10
NLD,power,2024-03-26 09:00:00,-1.3607407375265236e-10
NLD,power,2024-03-26 10:00:00,-1.5854543004152172e-10
NLD,power,2024-03-26 11:00:00,0.0
NLD,power,2024-03-26 12:00:00,0.0
NLD,power,2024-03-26 13:00:00,0.0
NLD,power,2024-03-26 14:00:00,-1.5322489471373182e-10
NLD,power,2024-03-26 15:00:00,-1.4118236247649778e-10
NLD,power,2024-03-26 16:00:00,-1.2642341965332178e-10
NLD,power,2024-03-26 17:00:00,-1.0857454284807211e-10
NLD,power,2024-03-26 18:00:00,4.3138875925749674e-09
NLD,power,2024-03-26 19:00:00,1.3697841041495959e-08
NLD,power,2024-03-26 20:00:00,0.022881806705667525
NLD,power,2024-03-26 21:00:00,0.022881812221828234
NLD,power,2024-03-26 22:00:00,9.66909833739828e-09
NLD,power,2024-03-26 23:00:00,-1.0452707820960114e-10
NLD,power,2024-03-27 00:00:00,-1.0775155941696659e-10
NLD,power,2024-03-27 01:00:00,-1.157636734103106e-10
NLD,power,2024-03-27 02:00:00,-1.2467857204599988e-10
NLD,power,2024-03-27 03:00:00,-1.3084844977773382e-10
NLD,power,2024-03-27 04:00:00,-1.330466760164524e-10
NLD,power,2024-03-27 05:00:00,-1.318957501980707e-10
NLD,power,2024-03-27 06:00:00,-1.279958611110952e-10
NLD,power,2024-03-27 07:00:00,-1.3496680274893274e-10
NLD,power,2024-03-27 08:00:00,-1.6325554481551103e-10
NLD,power,2024-03-27 09:00:00,0.0
NLD,power,2024-03-27 10:00:00,0.0
NLD,power,2024-03-27 11:00:00,0.0
NLD,power,2024-03-27 12:00:00,0.0
NLD,power,2024-03-27 13:00:00,0.0
NLD,power,2024-03-27 14:00:00,0.0
NLD,power,2024-03-27 15:00:00,0.0
NLD,power,2024-03-27 16:00:00,0.0
NLD,power,2024-03-27 17:00:00,-1.540613807022471e-10
NLD,power,2024-03-27 18:00:00,-1.4139403333430676e-10
NLD,power,2024-03-27 19:00:00,-1.3404658899667818e-10
NLD,power,2024-03-27 20:00:00,-1.274485818776519e-10
NLD,power,2024-03-27 21:00:00,-1.295301023545757e-10
NLD,power,2024-03-27 22:00:00,-1.4091126320305996e-10
NLD,power,2024-03-27 23:00:00,-1.5397274237155064e-10
NLD,power,2024-03-28 00:00:00,0.0
NLD,power,2024-03-28 01:00:00,0.0
NLD,power,2024-03-28 02:00:00,0.0
NLD,power,2024-03-28 03:00:00,0.0
NLD,power,2024-03-28 04:00:00,0.0
NLD,power,2024-03-28 05:00:00,0.0
NLD,power,2024-03-28 06:00:00,0.0
NLD,power,2024-03-28 07:00:00,0.0
NLD,power,2024-03-28 08:00:00,0.0
NLD,power,2024-03-28 09:00:00,0.0
NLD,power,2024-03-28 10:00:00,0.0
NLD,power,2024-03-28 11:00:00,0.0
NLD,power,2024-03-28 12:00:00,0.0
NLD,power,2024-03-28 13:00:00,0.0
NLD,power,2024-03-28 14:00:00,0.0
NLD,power,2024-03-28 15:00:00,0.0
NLD,power,2024-03-28 16:00:00,-1.833762935939501e-10
NLD,power,2024-03-28 17:00:00,-1.4508659414045821e-10
NLD,power,2024-03-28 18:00:00,-1.3040680455778067e-10
NLD,power,2024-03-28 19:00:00,-1.240887000774629e-10
NLD,power,2024-03-28 20:00:00,-1.1848941657612012e-10
NLD,power,2024-03-28 21:00:00,-1.1765389769786547e-10
NLD,power,2024-03-28 22:00:00,-1.2157482029658519e-10
NLD,power,2024-03-28 23:00:00,-1.2594868665727207e-10
NLD,power,2024-03-29 00:00:00,-1.2920089126095595e-10
NLD,power,2024-03-29 01:00:00,-1.316530423893556e-10
NLD,power,2024-03-29 02:00:00,-1.32539215953398e-10
NLD,power,2024-03-29 03:00:00,-1.3158100666347624e-10
NLD,power,2024-03-29 04:00:00,-1.2757213389753358e-10
NLD,power,2024-03-29 05:00:00,-1.2225044159303774e-10
NLD,power,2024-03-29 06:00:00,-1.1880756245294394e-10
NLD,power,2024-03-29 07:00:00,-1.2698340281553623e-10
NLD,power,2024-03-29 08:00:00,-1.5006201780023775e-10
NLD,power,2024-03-29 09:00:00,0.0
NLD,power,2024-03-29 10:00:00,0.0
NLD,power,2024-03-29 11:00:00,0.0
NLD,power,2024-03-29 12:00:00,0.0
NLD,power,2024-03-29 13:00:00,0.0
NLD,power,2024-03-29 14:00:00,0.0
NLD,power,2024-03-29 15:00:00,-1.603570353202171e-10
NLD,power,2024-03-29 16:00:00,-1.4040440384241608e-10
NLD,power,2024-03-29 17:00:00,-1.202566509435179e-10
NLD,power,2024-03-29 18:00:00,-1.0712481387846715e-10
NLD,power,2024-03-29 19:00:00,-1.0109631493495529e-10
NLD,power,2024-03-29 20:00:00,0.007627299265922213
NLD,power,2024-03-29 21:00:00,0.007627277618409754
NLD,power,2024-03-29 22:00:00,0.007627274021730254
NLD,power,2024-03-29 23:00:00,0.007627269693546103
NLD,power,2024-03-30 00:00:00,0.007627266673978965
NLD,power,2024-03-30 01:00:00,-1.0089649700897845e-10
NLD,power,2024-03-30 02:00:00,-1.0417598077439597e-10
NLD,power,2024-03-30 03:00:00,-1.0743329256132846e-10
NLD,power,2024-03-30 04:00:00,-1.0810417859463718e-10
NLD,power,2024-03-30 05:00:00,-1.074485288658435e-10
NLD,power,2024-03-30 06:00:00,-1.0741668742436881e-10
NLD,power,2024-03-30 07:00:00,-1.1597095939619403e-10
NLD,power,2024-03-30 08:00:00,-1.4248252754990985e-10
NLD,power,2024-03-30 09:00:00,-1.7936049639681515e-10
NLD,power,2024-03-30 10:00:00,0.0
NLD,power,2024-03-30 11:00:00,0.0
NLD,power,2024-03-30 12:00:00,0.0
NLD,power,2024-03-30 13:00:00,0.0
NLD,power,2024-03-30 14:00:00,-1.5591425273108552e-10
NLD,power,2024-03-30 15:00:00,-1.4114374355318255e-10
NLD,power,2024-03-30 16:00:00,-1.2328760934316627e-10
NLD,power,2024-03-30 17:00:00,-1.0866860616085233e-10
NLD,power,2024-03-30 18:00:00,-1.0132291825191693e-10
NLD,power,2024-03-30 19:00:00,0.007627265714140121
NLD,power,2024-03-30 20:00:00,0.007627273730335623
NLD,power,2024-03-30 21:00:00,0.007627266443983781
NLD,power,2024-03-30 22:00:00,-1.0548168325026743e-10
NLD,power,2024-03-30 23:00:00,-1.132591197741194e-10
NLD,power,2024-03-31 00:00:00,-1.1913854901875288e-10
NLD,power,2024-03-31 01:00:00,-1.2244538838587353e-10
NLD,power,2024-03-31 02:00:00,0.0
NLD,power,2024-03-31 03:00:00,-1.1591352923962298e-10
NLD,power,2024-03-31 04:00:00,-1.1529166671902482e-10
NLD,power,2024-03-31 05:00:00,-1.1570099161757215e-10
NLD,power,2024-03-31 06:00:00,-1.1630347919896191e-10
NLD,power,2024-03-31 07:00:00,-1.2185642677833174e-10
NLD,power,2024-03-31 08:00:00,-1.4358794871475022e-10
NLD,power,2024-03-31 09:00:00,-1.7672512857039335e-10
NLD,power,2024-03-31 10:00:00,0.0
NLD,power,2024-03-31 11:00:00,0.0
NLD,power,2024-03-31 12:00:00,0.0
NLD,power,2024-03-31 13:00:00,0.0
NLD,power,2024-03-31 14:00:00,0.0
NLD,power,2024-03-31 15:00:00,0.0
NLD,power,2024-03-31 16:00:00,-1.7614201014585286e-10
NLD,power,2024-03-31 17:00:00,-1.3956193689555295e-10
NLD,power,2024-03-31 18:00:00,-1.2259974397150035e-10
NLD,power,2024-03-31 19:00:00,-1.186455529271786e-10
NLD,power,2024-03-31 20:00:00,-1.0965946027338886e-10
NLD,power,2024-03-31 21:00:00,-1.0299501197975056e-10
NLD,power,2024-03-31 22:00:00,-1.0580086845629914e-10
NLD,power,2024-03-31 23:00:00,-1.1200154135672226e-10
NLD,power,2024-04-01 00:00:00,-1.1844277361492588e-10
NLD,power,2024-04-01 01:00:00,-1.2407907469083893e-10
NLD,power,2024-04-01 02:00:00,-1.2691926373182308e-10
NLD,power,2024-04-01 03:00:00,-1.2850534321137604e-10
NLD,power,2024-04-01 04:00:00,-1.2866954966180492e-10
NLD,power,2024-04-01 05:00:00,-1.2959696397686616e-10
NLD,power,2024-04-01 06:00:00,-1.2768811672033196e-10
NLD,power,2024-04-01 07:00:00,-1.3915097408170025e-10
NLD,power,2024-04-01 08:00:00,-1.941117435545185e-10
NLD,power,2024-04-01 09:00:00,0.0
NLD,power,2024-04-01 10:00:00,0.0
NLD,power,2024-04-01 11:00:00,0.0
NLD,power,2024-04-01 12:00:00,0.0
NLD,power,2024-04-01 13:00:00,0.0
NLD,power,2024-04-01 14:00:00,0.0
NLD,power,2024-04-01 15:00:00,0.0
NLD,power,2024-04-01 16:00:00,-2.029163332463662e-10
NLD,power,2024-04-01 17:00:00,-1.4180891244691384e-10
NLD,power,2024-04-01 18:00:00,-1.1327474605564925e-10
NLD,power,2024-04-01 19:00:00,-1.0533201981673626e-10
NLD,power,2024-04-01 20:00:00,6.738602820666933e-09
NLD,power,2024-04-01 21:00:00,0.022881817348828718
NLD,power,2024-04-01 22:00:00,0.015254532855962868
NLD,power,2024-04-01 23:00:00,7.157620175854034e-09
NLD,power,2024-04-02 00:00:00,-1.0293200413740501e-10
NLD,power,2024-04-02 01:00:00,-1.0607439384299338e-10
NLD,power,2024-04-02 02:00:00,-1.076483284918768e-10
NLD,power,2024-04-02 03:00:00,-1.0834687889895819e-10
NLD,power,2024-04-02 04:00:00,-1.0847067716632062e-10
NLD,power,2024-04-02 05:00:00,-1.0628806332266323e-10
NLD,power,2024-04-02 06:00:00,-1.0129433032982299e-10
NLD,power,2024-04-02 07:00:00,0.00762726568164488
NLD,power,2024-04-02 08:00:00,-1.083677000238561e-10
NLD,power,2024-04-02 09:00:00,-1.2978002791628434e-10
NLD,power,2024-04-02 10:00:00,-1.5519973493839634e-10
NLD,power,2024-04-02 11:00:00,0.0
NLD,power,2024-04-02 12:00:00,0.0
NLD,power,2024-04-02 13:00:00,0.0
NLD,power,2024-04-02 14:00:00,0.0
NLD,power,2024-04-02 15:00:00,-1.5138819831724257e-10
NLD,power,2024-04-02 16:00:00,-1.2448150016003632e-10
NLD,power,2024-04-02 17:00:00,-1.0540730647289004e-10
NLD,power,2024-04-02 18:00:00,6.6390838573678815e-09
NLD,power,2024-04-02 19:00:00,5.196387971066089e-09
NLD,power,2024-04-02 20:00:00,0.022881816663971693
NLD,power,2024-04-02 21:00:00,0.04976838673435137
NLD,power,2024-04-02 22:00:00,3.389590468599446e-09
NLD,power,2024-04-02 23:00:00,1.5641421491289439e-09
NLD,power,2024-04-03 00:00:00,-1.058477813172498e-10
NLD,power,2024-04-03 01:00:00,-1.0743268313394028e-10
NLD,power,2024-04-03 02:00:00,-1.1057668024955702e-10
NLD,power,2024-04-03 03:00:00,-1.1144962907620311e-10
NLD,power,2024-04-03 04:00:00,-1.1061357366861413e-10
NLD,power,2024-04-03 05:00:00,-1.0673774898816237e-10
NLD,power,2024-04-03 06:00:00,-1.0055530712542589e-10
NLD,power,2024-04-03 07:00:00,-1.0131733542221494e-10
NLD,power,2024-04-03 08:00:00,-1.189526288207614e-10
NLD,power,2024-04-03 09:00:00,-1.4826865074241314e-10
NLD,power,2024-04-03 10:00:00,0.0
NLD,power,2024-04-03 11:00:00,0.0
NLD,power,2024-04-03 12:00:00,0.0
NLD,power,2024-04-03 13:00:00,0.0
NLD,power,2024-04-03 14:00:00,0.0
NLD,power,2024-04-03 15:00:00,-1.4646964616567676e-10
NLD,power,2024-04-03 16:00:00,-1.2118351282344176e-10
NLD,power,2024-04-03 17:00:00,2.0139433099337683e-09
NLD,power,2024-04-03 18:00:00,0.02288180197763385
NLD,power,2024-04-03 19:00:00,0.007627265641600867
NLD,power,2024-04-03 20:00:00,0.04976837080348022
NLD,power,2024-04-03 21:00:00,0.04976841844777548
NLD,power,2024-04-03 22:00:00,0.022881811885781797
NLD,power,2024-04-03 23:00:00,4.084759577104457e-09
NLD,power,2024-04-04 00:00:00,6.2576896174487025e-09
NLD,power,2024-04-04 01:00:00,0.007627222839085419
NLD,power,2024-04-04 02:00:00,-1.0052395391208825e-10
NLD,power,2024-04-04 03:00:00,-1.0028212230671445e-10
NLD,power,2024-04-04 04:00:00,0.0
NLD,power,2024-04-04 05:00:00,0.007627269670061937
NLD,power,2024-04-04 06:00:00,0.007627274938422321
NLD,power,2024-04-04 07:00:00,0.007627264871845656
NLD,power,2024-04-04 08:00:00,-1.1302888686606659e-10
NLD,power,2024-04-04 09:00:00,-1.3751235836727952e-10
NLD,power,2024-04-04 10:00:00,-1.689877078334537e-10
NLD,power,2024-04-04 11:00:00,0.0
NLD,power,2024-04-04 12:00:00,0.0
NLD,power,2024-04-04 13:00:00,0.0
NLD,power,2024-04-04 14:00:00,0.0
NLD,power,2024-04-04 15:00:00,-1.5886969896632926e-10
NLD,power,2024-04-04 16:00:00,-1.2903635805512748e-10
NLD,power,2024-04-04 17:00:00,-1.0658598175405037e-10
NLD,power,2024-04-04 18:00:00,0.0076272636187520206
NLD,power,2024-04-04 19:00:00,1.2495262289226551e-08
NLD,power,2024-04-04 20:00:00,0.015254539786927791
NLD,power,2024-04-04 21:00:00,0.03050904355992647
NLD,power,2024-04-04 22:00:00,5.182015894972975e-09
NLD,power,2024-04-04 23:00:00,1.7925770659315316e-09
NLD,power,2024-04-05 00:00:00,-1.0490873600718737e-10
NLD,power,2024-04-05 01:00:00,-1.0816388677302401e-10
NLD,power,2024-04-05 02:00:00,-1.1076338860948596e-10
NLD,power,2024-04-05 03:00:00,-1.1081502463850708e-10
NLD,power,2024-04-05 04:00:00,-1.0917997902800461e-10
NLD,power,2024-04-05 05:00:00,-1.0642693166738765e-10
NLD,power,2024-04-05 06:00:00,-1.0434121316849764e-10
NLD,power,2024-04-05 07:00:00,-1.0527845954253214e-10
NLD,power,2024-04-05 08:00:00,-1.2435401765503748e-10
NLD,power,2024-04-05 09:00:00,-1.7431174190793208e-10
NLD,power,2024-04-05 10:00:00,0.0
NLD,power,2024-04-05 11:00:00,0.0
NLD,power,2024-04-05 12:00:00,0.0
NLD,power,2024-04-05 13:00:00,0.0
NLD,power,2024-04-05 14:00:00,0.0
NLD,power,2024-04-05 15:00:00,0.0
NLD,power,2024-04-05 16:00:00,-1.650406515420949e-10
NLD,power,2024-04-05 17:00:00,-1.2813399410875607e-10
NLD,power,2024-04-05 18:00:00,-1.1125360443280663e-10
NLD,power,2024-04-05 19:00:00,-1.1024166054879812e-10
NLD,power,2024-04-05 20:00:00,-1.0779976351878719e-10
NLD,power,2024-04-05 21:00:00,-1.0636018646877388e-10
NLD,power,2024-04-05 22:00:00,-1.1312265218049373e-10
NLD,power,2024-04-05 23:00:00,-1.2113158928332433e-10
NLD,power,2024-04-06 00:00:00,-1.2766809561753595e-10
NLD,power,2024-04-06 01:00:00,-1.3412393106895504e-10
NLD,power,2024-04-06 02:00:00,-1.3903333697104397e-10
NLD,power,2024-04-06 03:00:00,-1.4231267625879262e-10
NLD,power,2024-04-06 04:00:00,-1.4219763376899736e-10
NLD,power,2024-04-06 05:00:00,-1.4119501208523732e-10
NLD,power,2024-04-06 06:00:00,-1.4239643442229146e-10
NLD,power,2024-04-06 07:00:00,-1.4908832739629409e-10
NLD,power,2024-04-06 08:00:00,0.0
NLD,power,2024-04-06 09:00:00,0.0
NLD,power,2024-04-06 10:00:00,0.0
NLD,power,2024-04-06 11:00:00,0.0
NLD,power,2024-04-06 12:00:00,0.0
NLD,power,2024-04-06 13:00:00,0.0
NLD,power,2024-04-06 14:00:00,0.0
NLD,power,2024-04-06 15:00:00,-1.759368185025657e-10
NLD,power,2024-04-06 16:00:00,-1.405399040802832e-10
NLD,power,2024-04-06 17:00:00,-1.18669924237467e-10
NLD,power,2024-04-06 18:00:00,-1.0706636140588469e-10
NLD,power,2024-04-06 19:00:00,-1.034057094992359e-10
NLD,power,2024-04-06 20:00:00,1.672114543508888e-08
NLD,power,2024-04-06 21:00:00,0.022881804363681455
NLD,power,2024-04-06 22:00:00,0.007627274958664284
NLD,power,2024-04-06 23:00:00,0.007627273721289112
NLD,power,2024-04-07 00:00:00,0.007627271210859145
NLD,power,2024-04-07 01:00:00,0.007627263857801278
NLD,power,2024-04-07 02:00:00,-1.0054654751751287e-10
NLD,power,2024-04-07 03:00:00,-1.0297402965917684e-10
NLD,power,2024-04-07 04:00:00,-1.0452805575162673e-10
NLD,power,2024-04-07 05:00:00,-1.0443360245227591e-10
NLD,power,2024-04-07 06:00:00,-1.0374195453864272e-10
NLD,power,2024-04-07 07:00:00,-1.0728395752700328e-10
NLD,power,2024-04-07 08:00:00,-1.238511398597489e-10
NLD,power,2024-04-07 09:00:00,-1.4539069312868393e-10
NLD,power,2024-04-07 10:00:00,-1.7008692648706108e-10
NLD,power,2024-04-07 11:00:00,0.0
NLD,power,2024-04-07 12:00:00,0.0
NLD,power,2024-04-07 13:00:00,0.0
NLD,power,2024-04-07 14:00:00,0.0
NLD,power,2024-04-07 15:00:00,-1.5562281158871228e-10
NLD,power,2024-04-07 16:00:00,-1.270398338307591e-10
NLD,power,2024-04-07 17:00:00,-1.0383540908835055e-10
NLD,power,2024-04-07 18:00:00,0.015254523803331732
NLD,power,2024-04-07 19:00:00,4.977715965203895e-08
NLD,power,2024-04-07 20:00:00,0.015254501490736988
NLD,power,2024-04-07 21:00:00,0.049768414829844156
NLD,power,2024-04-07 22:00:00,0.02288182068548245
NLD,power,2024-04-07 23:00:00,4.133763198948177e-09
NLD,power,2024-04-08 00:00:00,-1.0451268930780686e-10
NLD,power,2024-04-08 01:00:00,-1.0631440937808262e-10
NLD,power,2024-04-08 02:00:00,-1.1062092366004399e-10
NLD,power,2024-04-08 03:00:00,-1.129645999250227e-10
NLD,power,2024-04-08 04:00:00,-1.119257292622844e-10
NLD,power,2024-04-08 05:00:00,-1.0878624029656947e-10
NLD,power,2024-04-08 06:00:00,-1.0421552159409261e-10
NLD,power,2024-04-08 07:00:00,-1.1230785745024345e-10
NLD,power,2024-04-08 08:00:00,-1.410484057148357e-10
NLD,power,2024-04-08 09:00:00,-1.805105639771901e-10
NLD,power,2024-04-08 10:00:00,0.0
NLD,power,2024-04-08 11:00:00,0.0
NLD,power,2024-04-08 12:00:00,0.0
NLD,power,2024-04-08 13:00:00,0.0
NLD,power,2024-04-08 14:00:00,0.0
NLD,power,2024-04-08 15:00:00,0.0
NLD,power,2024-04-08 16:00:00,-1.9378057558539976e-10
NLD,power,2024-04-08 17:00:00,-1.4521271292466542e-10
NLD,power,2024-04-08 18:00:00,-1.162079555512816e-10
NLD,power,2024-04-08 19:00:00,-1.0674518639470615e-10
NLD,power,2024-04-08 20:00:00,0.007627241495527584
NLD,power,2024-04-08 21:00:00,0.007627315548827399
NLD,power,2024-04-08 22:00:00,-1.0055365618244008e-10
NLD,power,2024-04-08 23:00:00,-1.0660839995297893e-10
NLD,power,2024-04-09 00:00:00,-1.1155381946911853e-10
NLD,power,2024-04-09 01:00:00,-1.1533999533469073e-10
NLD,power,2024-04-09 02:00:00,-1.1775438316938408e-10
NLD,power,2024-04-09 03:00:00,-1.1785646530025034e-10
NLD,power,2024-04-09 04:00:00,-1.1558552689601835e-10
NLD,power,2024-04-09 05:00:00,-1.1095924194421888e-10
NLD,power,2024-04-09 06:00:00,-1.089291316711286e-10
NLD,power,2024-04-09 07:00:00,-1.2679966058713213e-10
NLD,power,2024-04-09 08:00:00,-1.6138758703810054e-10
NLD,power,2024-04-09 09:00:00,0.0
NLD,power,2024-04-09 10:00:00,0.0
NLD,power,2024-04-09 11:00:00,0.0
NLD,power,2024-04-09 12:00:00,0.0
NLD,power,2024-04-09 13:00:00,0.0
NLD,power,2024-04-09 14:00:00,0.0
NLD,power,2024-04-09 15:00:00,0.0
NLD,power,2024-04-09 16:00:00,-1.5072565034844757e-10
NLD,power,2024-04-09 17:00:00,-1.2049325590173646e-10
NLD,power,2024-04-09 18:00:00,3.005221141852105e-09
NLD,power,2024-04-09 19:00:00,0.030508854684019628
NLD,power,2024-04-09 20:00:00,0.04976841975642427
NLD,power,2024-04-09 21:00:00,0.049768420377069904
NLD,power,2024-04-09 22:00:00,0.04976841938939884
NLD,power,2024-04-09 23:00:00,0.007627284043176258
NLD,power,2024-04-10 00:00:00,0.0076272723111742
NLD,power,2024-04-10 01:00:00,0.007627271876084996
NLD,power,2024-04-10 02:00:00,0.007627271601924019
NLD,power,2024-04-10 03:00:00,0.00762727206298984
NLD,power,2024-04-10 04:00:00,0.007627270889262099
NLD,power,2024-04-10 05:00:00,0.0076272744213698
NLD,power,2024-04-10 06:00:00,0.015254540702064959
NLD,power,2024-04-10 07:00:00,4.366838731874831e-09
NLD,power,2024-04-10 08:00:00,-1.1690148106931132e-10
NLD,power,2024-04-10 09:00:00,-1.4759295226480523e-10
NLD,power,2024-04-10 10:00:00,0.0
NLD,power,2024-04-10 11:00:00,0.0
NLD,power,2024-04-10 12:00:00,0.0
NLD,power,2024-04-10 13:00:00,0.0
NLD,power,2024-04-10 14:00:00,0.0
NLD,power,2024-04-10 15:00:00,0.0
NLD,power,2024-04-10 16:00:00,-1.4660701812525236e-10
NLD,power,2024-04-10 17:00:00,-1.1674475534099666e-10
NLD,power,2024-04-10 18:00:00,0.00762724786972368
NLD,power,2024-04-10 19:00:00,2.0282186517223102e-08
NLD,power,2024-04-10 20:00:00,0.015254535758243148
NLD,power,2024-04-10 21:00:00,0.030508286407361133
NLD,power,2024-04-10 22:00:00,1.1895523419376818e-08
NLD,power,2024-04-10 23:00:00,5.622866197054632e-09
NLD,power,2024-04-11 00:00:00,0.0
NLD,power,2024-04-11 01:00:00,-1.0270802188667823e-10
NLD,power,2024-04-11 02:00:00,-1.0480299923211171e-10
NLD,power,2024-04-11 03:00:00,-1.0539692890688707e-10
NLD,power,2024-04-11 04:00:00,-1.0591898554931049e-10
NLD,power,2024-04-11 05:00:00,-1.0438866466374264e-10
NLD,power,2024-04-11 06:00:00,-1.0316508633332818e-10
NLD,power,2024-04-11 07:00:00,-1.0806401214589078e-10
NLD,power,2024-04-11 08:00:00,-1.2710006276147626e-10
NLD,power,2024-04-11 09:00:00,-1.5932320050826858e-10
NLD,power,2024-04-11 10:00:00,0.0
NLD,power,2024-04-11 11:00:00,0.0
NLD,power,2024-04-11 12:00:00,0.0
NLD,power,2024-04-11 13:00:00,0.0
NLD,power,2024-04-11 14:00:00,0.0
NLD,power,2024-04-11 15:00:00,-1.5461291576036965e-10
NLD,power,2024-04-11 16:00:00,-1.2908119883054746e-10
NLD,power,2024-04-11 17:00:00,1.1639148797289703e-09
NLD,power,2024-04-11 18:00:00,0.022881811433250507
NLD,power,2024-04-11 19:00:00,0.007627310404349663
NLD,power,2024-04-11 20:00:00,0.049768419322644926
NLD,power,2024-04-11 21:00:00,0.04976842027563583
NLD,power,2024-04-11 22:00:00,0.049768419302786845
NLD,power,2024-04-11 23:00:00,0.04976834623564572
NLD,power,2024-04-12 00:00:00,0.007627274524902749
NLD,power,2024-04-12 01:00:00,0.0076272734255921
NLD,power,2024-04-12 02:00:00,0.007627272463138206
NLD,power,2024-04-12 03:00:00,0.0076272727482102854
NLD,power,2024-04-12 04:00:00,0.007627271394575109
NLD,power,2024-04-12 05:00:00,0.007627275942077152
NLD,power,2024-04-12 06:00:00,0.007627296465430307
NLD,power,2024-04-12 07:00:00,0.007627237760884586
NLD,power,2024-04-12 08:00:00,-1.1264384017715673e-10
NLD,power,2024-04-12 09:00:00,-1.3240809966420952e-10
NLD,power,2024-04-12 10:00:00,-1.5997697728336835e-10
NLD,power,2024-04-12 11:00:00,0.0
NLD,power,2024-04-12 12:00:00,0.0
NLD,power,2024-04-12 13:00:00,0.0
NLD,power,2024-04-12 14:00:00,-1.6410729403769428e-10
NLD,power,2024-04-12 15:00:00,-1.432334052393138e-10
NLD,power,2024-04-12 16:00:00,-1.2325384816320528e-10
NLD,power,2024-04-12 17:00:00,1.5333502415865156e-09
NLD,power,2024-04-12 18:00:00,0.04976840976246323
NLD,power,2024-04-12 19:00:00,0.04976841940590319
NLD,power,2024-04-12 20:00:00,0.0497684199860619
NLD,power,2024-04-12 21:00:00,0.0497684204686382
NLD,power,2024-04-12 22:00:00,0.04976842008238021
NLD,power,2024-04-12 23:00:00,0.04976841838424937
NLD,power,2024-04-13 00:00:00,0.04976841353395564
NLD,power,2024-04-13 01:00:00,0.007627278159426427
NLD,power,2024-04-13 02:00:00,0.007627273169727546
NLD,power,2024-04-13 03:00:00,0.007627272218186657
NLD,power,2024-04-13 04:00:00,0.007627271850123435
NLD,power,2024-04-13 05:00:00,0.007627273466593772
NLD,power,2024-04-13 06:00:00,-1.0441094654372336e-10
NLD,power,2024-04-13 07:00:00,-1.1619331853416533e-10
NLD,power,2024-04-13 08:00:00,-1.3303508860062695e-10
NLD,power,2024-04-13 09:00:00,-1.573100785092585e-10
NLD,power,2024-04-13 10:00:00,0.0
NLD,power,2024-04-13 11:00:00,0.0
NLD,power,2024-04-13 12:00:00,0.0
NLD,power,2024-04-13 13:00:00,0.0
NLD,power,2024-04-13 14:00:00,0.0
NLD,power,2024-04-13 15:00:00,-1.572490027529474e-10
NLD,power,2024-04-13 16:00:00,-1.285349305142828e-10
NLD,power,2024-04-13 17:00:00,-1.0935203390221563e-10
NLD,power,2024-04-13 18:00:00,0.015251706083727544
NLD,power,2024-04-13 19:00:00,0.007630120681056786
NLD,power,2024-04-13 20:00:00,0.007627317145239157
NLD,power,2024-04-13 21:00:00,0.049768419151015486
NLD,power,2024-04-13 22:00:00,0.049768416399346
NLD,power,2024-04-13 23:00:00,0.00762727776897698
NLD,power,2024-04-14 00:00:00,0.007627273904115129
NLD,power,2024-04-14 01:00:00,0.007627271659848474
NLD,power,2024-04-14 02:00:00,0.007627272215845424
NLD,power,2024-04-14 03:00:00,0.0076272725579089075
NLD,power,2024-04-14 04:00:00,0.007627272134232765
NLD,power,2024-04-14 05:00:00,0.015254538119129519
NLD,power,2024-04-14 06:00:00,-1.0249951979500204e-10
NLD,power,2024-04-14 07:00:00,-1.1649974296709504e-10
NLD,power,2024-04-14 08:00:00,-1.4209349601203132e-10
NLD,power,2024-04-14 09:00:00,-1.7599784157017958e-10
NLD,power,2024-04-14 10:00:00,0.0
NLD,power,2024-04-14 11:00:00,0.0
NLD,power,2024-04-14 12:00:00,0.0
NLD,power,2024-04-14 13:00:00,0.0
NLD,power,2024-04-14 14:00:00,0.0
NLD,power,2024-04-14 15:00:00,-1.6706436508303978e-10
NLD,power,2024-04-14 16:00:00,-1.3522461016777036e-10
NLD,power,2024-04-14 17:00:00,-1.0943959263946718e-10
NLD,power,2024-04-14 18:00:00,6.154616443316198e-08
NLD,power,2024-04-14 19:00:00,0.01525433496182511
NLD,power,2024-04-14 20:00:00,0.007627425336424595
NLD,power,2024-04-14 21:00:00,0.04976841756937541
NLD,power,2024-04-14 22:00:00,0.015254566705639272
NLD,power,2024-04-14 23:00:00,1.633160436069176e-08
NLD,power,2024-04-15 00:00:00,0.007627263247694631
NLD,power,2024-04-15 01:00:00,0.007627270679603614
NLD,power,2024-04-15 02:00:00,0.00762727088913831
NLD,power,2024-04-15 03:00:00,0.007627267655984123
NLD,power,2024-04-15 04:00:00,-1.000578053483878e-10
NLD,power,2024-04-15 05:00:00,0.007627216722960534
NLD,power,2024-04-15 06:00:00,0.007627217726315428
NLD,power,2024-04-15 07:00:00,-1.0568446506677036e-10
NLD,power,2024-04-15 08:00:00,-1.2338676488572013e-10
NLD,power,2024-04-15 09:00:00,-1.5219618451061743e-10
NLD,power,2024-04-15 10:00:00,0.0
NLD,power,2024-04-15 11:00:00,0.0
NLD,power,2024-04-15 12:00:00,0.0
NLD,power,2024-04-15 13:00:00,0.0
NLD,power,2024-04-15 14:00:00,0.0
NLD,power,2024-04-15 15:00:00,-1.5908172786688223e-10
NLD,power,2024-04-15 16:00:00,-1.313662921093709e-10
NLD,power,2024-04-15 17:00:00,-1.0829166861880074e-10
NLD,power,2024-04-15 18:00:00,0.015254435388667172
NLD,power,2024-04-15 19:00:00,1.9860022429965643e-06
NLD,power,2024-04-15 20:00:00,0.015252716989386357
NLD,power,2024-04-15 21:00:00,0.04976841895534883
NLD,power,2024-04-15 22:00:00,0.0228814698442694
NLD,power,2024-04-15 23:00:00,6.540295965342369e-09
NLD,power,2024-04-16 00:00:00,3.5226187599763867e-07
NLD,power,2024-04-16 01:00:00,0.007627267729031359
NLD,power,2024-04-16 02:00:00,-1.0044080596192594e-10
NLD,power,2024-04-16 03:00:00,-1.0104730868293737e-10
NLD,power,2024-04-16 04:00:00,-1.0135172018611613e-10
NLD,power,2024-04-16 05:00:00,0.007627259871764089
NLD,power,2024-04-16 06:00:00,-1.010860259254419e-10
NLD,power,2024-04-16 07:00:00,-1.1383456345751059e-10
NLD,power,2024-04-16 08:00:00,-1.38055784049075e-10
NLD,power,2024-04-16 09:00:00,-1.788771530440797e-10
NLD,power,2024-04-16 10:00:00,0.0
NLD,power,2024-04-16 11:00:00,0.0
NLD,power,2024-04-16 12:00:00,0.0
NLD,power,2024-04-16 13:00:00,0.0
NLD,power,2024-04-16 14:00:00,0.0
NLD,power,2024-04-16 15:00:00,0.0
NLD,power,2024-04-16 16:00:00,-1.6206348944670653e-10
NLD,power,2024-04-16 17:00:00,-1.246450417070212e-10
NLD,power,2024-04-16 18:00:00,-1.0359498088032108e-10
NLD,power,2024-04-16 19:00:00,6.504190738612615e-09
NLD,power,2024-04-16 20:00:00,0.022881774423506876
NLD,power,2024-04-16 21:00:00,0.02288184558305094
NLD,power,2024-04-16 22:00:00,6.524225935915061e-09
NLD,power,2024-04-16 23:00:00,3.193831385136343e-09
NLD,power,2024-04-17 00:00:00,-1.0140733140867314e-10
NLD,power,2024-04-17 01:00:00,-1.0407237980091405e-10
NLD,power,2024-04-17 02:00:00,-1.0592049637262745e-10
NLD,power,2024-04-17 03:00:00,-1.0574348712796349e-10
NLD,power,2024-04-17 04:00:00,-1.0392653373827954e-10
NLD,power,2024-04-17 05:00:00,-1.013830509769655e-10
NLD,power,2024-04-17 06:00:00,-1.0345006625972563e-10
NLD,power,2024-04-17 07:00:00,-1.149755159101513e-10
NLD,power,2024-04-17 08:00:00,-1.3612287913180276e-10
NLD,power,2024-04-17 09:00:00,-1.6933614622473214e-10
NLD,power,2024-04-17 10:00:00,0.0
NLD,power,2024-04-17 11:00:00,0.0
NLD,power,2024-04-17 12:00:00,0.0
NLD,power,2024-04-17 13:00:00,0.0
NLD,power,2024-04-17 14:00:00,0.0
NLD,power,2024-04-17 15:00:00,0.0
NLD,power,2024-04-17 16:00:00,-1.479829495870353e-10
NLD,power,2024-04-17 17:00:00,-1.1568548722291502e-10
NLD,power,2024-04-17 18:00:00,8.40610734074327e-09
NLD,power,2024-04-17 19:00:00,0.015254497360146507
NLD,power,2024-04-17 20:00:00,0.007627315848972967
NLD,power,2024-04-17 21:00:00,0.022881852217787938
NLD,power,2024-04-17 22:00:00,1.6085106216993445e-08
NLD,power,2024-04-17 23:00:00,6.084835359401719e-09
NLD,power,2024-04-18 00:00:00,0.007627266259500208
NLD,power,2024-04-18 01:00:00,0.0076272561013552625
NLD,power,2024-04-18 02:00:00,-1.0033829651093373e-10
NLD,power,2024-04-18 03:00:00,-1.0054828183035695e-10
NLD,power,2024-04-18 04:00:00,0.007627145539323496
NLD,power,2024-04-18 05:00:00,0.0076272712988723675
NLD,power,2024-04-18 06:00:00,0.007627235081874613
NLD,power,2024-04-18 07:00:00,-1.1191142126205924e-10
NLD,power,2024-04-18 08:00:00,-1.3374407041176092e-10
NLD,power,2024-04-18 09:00:00,-1.6784186377009208e-10
NLD,power,2024-04-18 10:00:00,0.0
NLD,power,2024-04-18 11:00:00,0.0
NLD,power,2024-04-18 12:00:00,0.0
NLD,power,2024-04-18 13:00:00,0.0
NLD,power,2024-04-18 14:00:00,0.0
NLD,power,2024-04-18 15:00:00,0.0
NLD,power,2024-04-18 16:00:00,-1.5353628958281858e-10
NLD,power,2024-04-18 17:00:00,-1.203902623702858e-10
NLD,power,2024-04-18 18:00:00,-1.0370581012017445e-10
NLD,power,2024-04-18 19:00:00,5.571594739845614e-09
NLD,power,2024-04-18 20:00:00,1.6926732287703354e-08
NLD,power,2024-04-18 21:00:00,0.04976841505923879
NLD,power,2024-04-18 22:00:00,0.007627287135606115
NLD,power,2024-04-18 23:00:00,0.007627266772001227
NLD,power,2024-04-19 00:00:00,0.007627272835190141
NLD,power,2024-04-19 01:00:00,0.007627273740767859
NLD,power,2024-04-19 02:00:00,0.007627271630541047
NLD,power,2024-04-19 03:00:00,0.0076272718758975165
NLD,power,2024-04-19 04:00:00,0.007627271424217932
NLD,power,2024-04-19 05:00:00,0.0076272747167745675
NLD,power,2024-04-19 06:00:00,0.0076272738375766005
NLD,power,2024-04-19 07:00:00,-1.0633842975818812e-10
NLD,power,2024-04-19 08:00:00,-1.2564926411130197e-10
NLD,power,2024-04-19 09:00:00,-1.4643749678169727e-10
NLD,power,2024-04-19 10:00:00,0.0
NLD,power,2024-04-19 11:00:00,0.0
NLD,power,2024-04-19 12:00:00,0.0
NLD,power,2024-04-19 13:00:00,0.0
NLD,power,2024-04-19 14:00:00,-1.477883995033478e-10
NLD,power,2024-04-19 15:00:00,-1.3024566965753418e-10
NLD,power,2024-04-19 16:00:00,-1.1512705075013276e-10
NLD,power,2024-04-19 17:00:00,2.4210967355292883e-09
NLD,power,2024-04-19 18:00:00,0.022881812421809
NLD,power,2024-04-19 19:00:00,0.007627283198048092
NLD,power,2024-04-19 20:00:00,0.04976841394450967
NLD,power,2024-04-19 21:00:00,0.0497684194173968
NLD,power,2024-04-19 22:00:00,0.04976841208322658
NLD,power,2024-04-19 23:00:00,0.007627261707587901
NLD,power,2024-04-20 00:00:00,0.007627273134231575
NLD,power,2024-04-20 01:00:00,0.007627264181080499
NLD,power,2024-04-20 02:00:00,0.007627187429478187
NLD,power,2024-04-20 03:00:00,-1.021591845395015e-10
NLD,power,2024-04-20 04:00:00,-1.0443660777635664e-10
NLD,power,2024-04-20 05:00:00,-1.0554135655347431e-10
NLD,power,2024-04-20 06:00:00,-1.0648062849781823e-10
NLD,power,2024-04-20 07:00:00,-1.1660874770127427e-10
NLD,power,2024-04-20 08:00:00,-1.3965825462245687e-10
NLD,power,2024-04-20 09:00:00,-1.6647255544757094e-10
NLD,power,2024-04-20 10:00:00,0.0
NLD,power,2024-04-20 11:00:00,0.0
NLD,power,2024-04-20 12:00:00,0.0
NLD,power,2024-04-20 13:00:00,0.0
NLD,power,2024-04-20 14:00:00,0.0
NLD,power,2024-04-20 15:00:00,0.0
NLD,power,2024-04-20 16:00:00,-1.5388670464505626e-10
NLD,power,2024-04-20 17:00:00,-1.27062452421353e-10
NLD,power,2024-04-20 18:00:00,-1.094062489106972e-10
NLD,power,2024-04-20 19:00:00,-1.0415683930685921e-10
NLD,power,2024-04-20 20:00:00,9.638028828148684e-09
NLD,power,2024-04-20 21:00:00,0.015254533372559909
NLD,power,2024-04-20 22:00:00,0.007627273070083418
NLD,power,2024-04-20 23:00:00,0.007627271894504949
NLD,power,2024-04-21 00:00:00,0.00762726475506176
NLD,power,2024-04-21 01:00:00,-1.0034643070002764e-10
NLD,power,2024-04-21 02:00:00,-1.01961540613166e-10
NLD,power,2024-04-21 03:00:00,-1.0207895360386732e-10
NLD,power,2024-04-21 04:00:00,-1.0162616610954675e-10
NLD,power,2024-04-21 05:00:00,-1.0165278354297517e-10
NLD,power,2024-04-21 06:00:00,-1.0948563601387868e-10
NLD,power,2024-04-21 07:00:00,-1.3377592790036682e-10
NLD,power,2024-04-21 08:00:00,-1.7606225938250848e-10
NLD,power,2024-04-21 09:00:00,0.0
NLD,power,2024-04-21 10:00:00,0.0
NLD,power,2024-04-21 11:00:00,0.0
NLD,power,2024-04-21 12:00:00,0.0
NLD,power,2024-04-21 13:00:00,0.0
NLD,power,2024-04-21 14:00:00,0.0
NLD,power,2024-04-21 15:00:00,0.0
NLD,power,2024-04-21 16:00:00,-1.9174882194365276e-10
NLD,power,2024-04-21 17:00:00,-1.4526197152009891e-10
NLD,power,2024-04-21 18:00:00,-1.1968839044151023e-10
NLD,power,2024-04-21 19:00:00,-1.1068423060872211e-10
NLD,power,2024-04-21 20:00:00,-1.0474593305107838e-10
NLD,power,2024-04-21 21:00:00,0.00762726362979212
NLD,power,2024-04-21 22:00:00,0.0
NLD,power,2024-04-21 23:00:00,-1.0421756987328545e-10
NLD,power,2024-04-22 00:00:00,-1.083250276544005e-10
NLD,power,2024-04-22 01:00:00,-1.1240206844051211e-10
NLD,power,2024-04-22 02:00:00,-1.146074163812283e-10
NLD,power,2024-04-22 03:00:00,-1.1416445574162123e-10
NLD,power,2024-04-22 04:00:00,-1.12740083475124e-10
NLD,power,2024-04-22 05:00:00,-1.1083827996145172e-10
NLD,power,2024-04-22 06:00:00,-1.1486632233813414e-10
NLD,power,2024-04-22 07:00:00,-1.3838105992111515e-10
NLD,power,2024-04-22 08:00:00,-1.7395061876085085e-10
NLD,power,2024-04-22 09:00:00,0.0
NLD,power,2024-04-22 10:00:00,0.0
NLD,power,2024-04-22 11:00:00,0.0
NLD,power,2024-04-22 12:00:00,0.0
NLD,power,2024-04-22 13:00:00,0.0
NLD,power,2024-04-22 14:00:00,0.0
NLD,power,2024-04-22 15:00:00,0.0
NLD,power,2024-04-22 16:00:00,-1.7715868524037876e-10
NLD,power,2024-04-22 17:00:00,-1.352946715695022e-10
NLD,power,2024-04-22 18:00:00,-1.0916149956724508e-10
NLD,power,2024-04-22 19:00:00,5.10590818420672e-09
NLD,power,2024-04-22 20:00:00,0.015254472465620705
NLD,power,2024-04-22 21:00:00,0.007627350443023326
NLD,power,2024-04-22 22:00:00,0.007627304732084076
NLD,power,2024-04-22 23:00:00,0.007627238348721069
NLD,power,2024-04-23 00:00:00,0.007627265574523908
NLD,power,2024-04-23 01:00:00,0.0
NLD,power,2024-04-23 02:00:00,-1.017983789454684e-10
NLD,power,2024-04-23 03:00:00,-1.0191454608595455e-10
NLD,power,2024-04-23 04:00:00,-1.0201942849660479e-10
NLD,power,2024-04-23 05:00:00,-1.0039369954363706e-10
NLD,power,2024-04-23 06:00:00,-1.0231885858813277e-10
NLD,power,2024-04-23 07:00:00,-1.1751977886207252e-10
NLD,power,2024-04-23 08:00:00,-1.4234670659492471e-10
NLD,power,2024-04-23 09:00:00,-1.8341864560577025e-10
NLD,power,2024-04-23 10:00:00,0.0
NLD,power,2024-04-23 11:00:00,0.0
NLD,power,2024-04-23 12:00:00,0.0
NLD,power,2024-04-23 13:00:00,0.0
NLD,power,2024-04-23 14:00:00,0.0
NLD,power,2024-04-23 15:00:00,0.0
NLD,power,2024-04-23 16:00:00,-1.603555677679052e-10
NLD,power,2024-04-23 17:00:00,-1.2465365706392133e-10
NLD,power,2024-04-23 18:00:00,-1.041661787836762e-10
NLD,power,2024-04-23 19:00:00,1.0511513897408474e-08
NLD,power,2024-04-23 20:00:00,0.022881804027627014
NLD,power,2024-04-23 21:00:00,0.049768366774062045
NLD,power,2024-04-23 22:00:00,1.088891781507699e-08
NLD,power,2024-04-23 23:00:00,4.100996277488937e-09
NLD,power,2024-04-24 00:00:00,4.22156417150869e-08
NLD,power,2024-04-24 01:00:00,-1.0086278263116307e-10
NLD,power,2024-04-24 02:00:00,-1.0234932950531795e-10
NLD,power,2024-04-24 03:00:00,-1.0217510849338097e-10
NLD,power,2024-04-24 04:00:00,-1.0089068414787607e-10
NLD,power,2024-04-24 05:00:00,0.007627268174510284
NLD,power,2024-04-24 06:00:00,0.0
NLD,power,2024-04-24 07:00:00,-1.1207786177746893e-10
NLD,power,2024-04-24 08:00:00,-1.2979915546218858e-10
NLD,power,2024-04-24 09:00:00,-1.5487012690452623e-10
NLD,power,2024-04-24 10:00:00,0.0
NLD,power,2024-04-24 11:00:00,0.0
NLD,power,2024-04-24 12:00:00,0.0
NLD,power,2024-04-24 13:00:00,0.0
NLD,power,2024-04-24 14:00:00,0.0
NLD,power,2024-04-24 15:00:00,-1.5671629729087215e-10
NLD,power,2024-04-24 16:00:00,-1.3151475122899513e-10
NLD,power,2024-04-24 17:00:00,-1.1355986682648499e-10
NLD,power,2024-04-24 18:00:00,6.316296543887456e-09
NLD,power,2024-04-24 19:00:00,0.049768413123570894
NLD,power,2024-04-24 20:00:00,0.04976842003181509
NLD,power,2024-04-24 21:00:00,0.04976842055550921
NLD,power,2024-04-24 22:00:00,0.049768420174896036
NLD,power,2024-04-24 23:00:00,0.04976841839682017
NLD,power,2024-04-25 00:00:00,0.0076273964507292446
NLD,power,2024-04-25 01:00:00,0.007627275296943805
NLD,power,2024-04-25 02:00:00,0.007627272898918951
NLD,power,2024-04-25 03:00:00,0.007627273036034999
NLD,power,2024-04-25 04:00:00,0.007627273289655564
NLD,power,2024-04-25 05:00:00,0.007627277109979596
NLD,power,2024-04-25 06:00:00,0.007627281389579092
NLD,power,2024-04-25 07:00:00,0.022881805102062194
NLD,power,2024-04-25 08:00:00,6.732068165154397e-09
NLD,power,2024-04-25 09:00:00,-1.0666254888063945e-10
NLD,power,2024-04-25 10:00:00,-1.1749577131356016e-10
NLD,power,2024-04-25 11:00:00,-1.2993867171085098e-10
NLD,power,2024-04-25 12:00:00,-1.376473411737219e-10
NLD,power,2024-04-25 13:00:00,-1.354391725741258e-10
NLD,power,2024-04-25 14:00:00,-1.2710741638533598e-10
NLD,power,2024-04-25 15:00:00,-1.1920777819651763e-10
NLD,power,2024-04-25 16:00:00,-1.1178944513954371e-10
NLD,power,2024-04-25 17:00:00,1.0426294290779341e-08
NLD,power,2024-04-25 18:00:00,0.04976841936903944
NLD,power,2024-04-25 19:00:00,0.04976842030452397
NLD,power,2024-04-25 20:00:00,0.049768420550062684
NLD,power,2024-04-25 21:00:00,0.04976842069475039
NLD,power,2024-04-25 22:00:00,0.04976842044720994
NLD,power,2024-04-25 23:00:00,0.049768419741132046
NLD,power,2024-04-26 00:00:00,0.04976841822942831
NLD,power,2024-04-26 01:00:00,0.04976840280385134
NLD,power,2024-04-26 02:00:00,0.007627278334850372
NLD,power,2024-04-26 03:00:00,0.007627276025398909
NLD,power,2024-04-26 04:00:00,0.007627275592988699
NLD,power,2024-04-26 05:00:00,0.007627277716790662
NLD,power,2024-04-26 06:00:00,0.00762731189734209
NLD,power,2024-04-26 07:00:00,0.02288178068587521
NLD,power,2024-04-26 08:00:00,-1.0773773488771294e-10
NLD,power,2024-04-26 09:00:00,-1.163098541837401e-10
NLD,power,2024-04-26 10:00:00,-1.285229426822398e-10
NLD,power,2024-04-26 11:00:00,-1.4302015725214124e-10
NLD,power,2024-04-26 12:00:00,-1.4947227643966588e-10
NLD,power,2024-04-26 13:00:00,-1.4406129016213606e-10
NLD,power,2024-04-26 14:00:00,-1.3525304914789154e-10
NLD,power,2024-04-26 15:00:00,-1.2508499363452743e-10
NLD,power,2024-04-26 16:00:00,-1.1626217499529276e-10
NLD,power,2024-04-26 17:00:00,1.8748073123225642e-09
NLD,power,2024-04-26 18:00:00,0.04976841337275172
NLD,power,2024-04-26 19:00:00,0.04976841922255391
NLD,power,2024-04-26 20:00:00,0.049768419652789456
NLD,power,2024-04-26 21:00:00,0.04976841988445038
NLD,power,2024-04-26 22:00:00,0.049768390945014264
NLD,power,2024-04-26 23:00:00,7.71087805813157e-09
NLD,power,2024-04-27 00:00:00,6.8371449500877566e-09
NLD,power,2024-04-27 01:00:00,7.42508002107471e-09
NLD,power,2024-04-27 02:00:00,-1.0335453943651776e-10
NLD,power,2024-04-27 03:00:00,-1.0556995797209632e-10
NLD,power,2024-04-27 04:00:00,-1.0691096480412038e-10
NLD,power,2024-04-27 05:00:00,-1.0818861333104395e-10
NLD,power,2024-04-27 06:00:00,-1.1171048962738484e-10
NLD,power,2024-04-27 07:00:00,-1.3267921037159496e-10
NLD,power,2024-04-27 08:00:00,-1.6570804589732896e-10
NLD,power,2024-04-27 09:00:00,0.0
NLD,power,2024-04-27 10:00:00,0.0
NLD,power,2024-04-27 11:00:00,0.0
NLD,power,2024-04-27 12:00:00,0.0
NLD,power,2024-04-27 13:00:00,0.0
NLD,power,2024-04-27 14:00:00,0.0
NLD,power,2024-04-27 15:00:00,0.0
NLD,power,2024-04-27 16:00:00,-1.8373926151829791e-10
NLD,power,2024-04-27 17:00:00,-1.3839516872799107e-10
NLD,power,2024-04-27 18:00:00,-1.077454216275664e-10
NLD,power,2024-04-27 19:00:00,3.993274958660113e-09
NLD,power,2024-04-27 20:00:00,5.0277531585983046e-09
NLD,power,2024-04-27 21:00:00,0.03050938950877977
NLD,power,2024-04-27 22:00:00,0.007627285733374218
NLD,power,2024-04-27 23:00:00,0.007627272372103978
NLD,power,2024-04-28 00:00:00,0.007627271460517572
NLD,power,2024-04-28 01:00:00,0.007627271221888959
NLD,power,2024-04-28 02:00:00,0.007627270274241761
NLD,power,2024-04-28 03:00:00,0.007627271033883916
NLD,power,2024-04-28 04:00:00,0.007627271756473933
NLD,power,2024-04-28 05:00:00,0.007627287087038655
NLD,power,2024-04-28 06:00:00,0.007627220920151782
NLD,power,2024-04-28 07:00:00,-1.1328339962813113e-10
NLD,power,2024-04-28 08:00:00,-1.3474327597554528e-10
NLD,power,2024-04-28 09:00:00,-1.5231268942164902e-10
NLD,power,2024-04-28 10:00:00,0.0
NLD,power,2024-04-28 11:00:00,0.0
NLD,power,2024-04-28 12:00:00,0.0
NLD,power,2024-04-28 13:00:00,-1.5318271677901598e-10
NLD,power,2024-04-28 14:00:00,-1.3888144742859273e-10
NLD,power,2024-04-28 15:00:00,-1.261920617868332e-10
NLD,power,2024-04-28 16:00:00,-1.1341306309407705e-10
NLD,power,2024-04-28 17:00:00,1.739696549683583e-09
NLD,power,2024-04-28 18:00:00,0.022881806370694147
NLD,power,2024-04-28 19:00:00,0.0076272761983597415
NLD,power,2024-04-28 20:00:00,0.00762731550243232
NLD,power,2024-04-28 21:00:00,0.04976841933439376
NLD,power,2024-04-28 22:00:00,0.049768417496746584
NLD,power,2024-04-28 23:00:00,0.0076272790049491815
NLD,power,2024-04-29 00:00:00,0.007627268316759848
NLD,power,2024-04-29 01:00:00,0.0076272715268727205
NLD,power,2024-04-29 02:00:00,0.007627271194411968
NLD,power,2024-04-29 03:00:00,0.007627271686902537
NLD,power,2024-04-29 04:00:00,0.007627270521571316
NLD,power,2024-04-29 05:00:00,0.007627273294829076
NLD,power,2024-04-29 06:00:00,0.007627280519851834
NLD,power,2024-04-29 07:00:00,0.007627273251149231
NLD,power,2024-04-29 08:00:00,-1.0371910050440549e-10
NLD,power,2024-04-29 09:00:00,-1.1298806291999583e-10
NLD,power,2024-04-29 10:00:00,-1.211936338991277e-10
NLD,power,2024-04-29 11:00:00,-1.2556928375495466e-10
NLD,power,2024-04-29 12:00:00,-1.265602156216848e-10
NLD,power,2024-04-29 13:00:00,-1.20846408792137e-10
NLD,power,2024-04-29 14:00:00,-1.1519868732394905e-10
NLD,power,2024-04-29 15:00:00,-1.1278653815498799e-10
NLD,power,2024-04-29 16:00:00,1.3317215315378727e-09
NLD,power,2024-04-29 17:00:00,0.04976838115349375
NLD,power,2024-04-29 18:00:00,0.04976842013395883
NLD,power,2024-04-29 19:00:00,0.04976842039044018
NLD,power,2024-04-29 20:00:00,0.04976842051028568
NLD,power,2024-04-29 21:00:00,0.04976842060921146
NLD,power,2024-04-29 22:00:00,0.04976842006307107
NLD,power,2024-04-29 23:00:00,0.015254647068255108
NLD,power,2024-04-30 00:00:00,8.231064771677597e-09
NLD,power,2024-04-30 01:00:00,0.007627237638902608
NLD,power,2024-04-30 02:00:00,0.007627269842835682
NLD,power,2024-04-30 03:00:00,0.007627271420825261
NLD,power,2024-04-30 04:00:00,0.007627271151356743
NLD,power,2024-04-30 05:00:00,0.007627270299127889
NLD,power,2024-04-30 06:00:00,0.007627285782059702
NLD,power,2024-04-30 07:00:00,-1.0190928948469735e-10
NLD,power,2024-04-30 08:00:00,-1.1836372095218417e-10
NLD,power,2024-04-30 09:00:00,-1.3972571229411554e-10
NLD,power,2024-04-30 10:00:00,-1.6610642146739993e-10
NLD,power,2024-04-30 11:00:00,0.0
NLD,power,2024-04-30 12:00:00,0.0
NLD,power,2024-04-30 13:00:00,0.0
NLD,power,2024-04-30 14:00:00,0.0
NLD,power,2024-04-30 15:00:00,-1.496253809307239e-10
NLD,power,2024-04-30 16:00:00,-1.2701499034393431e-10
NLD,power,2024-04-30 17:00:00,-1.0772871267667482e-10
NLD,power,2024-04-30 18:00:00,0.0076274054384998695
NLD,power,2024-04-30 19:00:00,0.0076272761961896215
NLD,power,2024-04-30 20:00:00,0.007627271645835208
NLD,power,2024-04-30 21:00:00,0.007627290463320397
NLD,power,2024-04-30 22:00:00,0.007627374564428701
NLD,power,2024-04-30 23:00:00,0.007627153328451967
NLD,power,2024-05-01 00:00:00,-1.003005784977255e-10
NLD,power,2024-05-01 01:00:00,-1.0342933554272619e-10
NLD,power,2024-05-01 02:00:00,-1.0674498136053906e-10
NLD,power,2024-05-01 03:00:00,-1.090316194993156e-10
NLD,power,2024-05-01 04:00:00,-1.09225600403298e-10
NLD,power,2024-05-01 05:00:00,-1.0997070455211346e-10
NLD,power,2024-05-01 06:00:00,-1.202969323849179e-10
NLD,power,2024-05-01 07:00:00,-1.533270417529512e-10
NLD,power,2024-05-01 08:00:00,0.0
NLD,power,2024-05-01 09:00:00,0.0
NLD,power,2024-05-01 10:00:00,0.0
NLD,power,2024-05-01 11:00:00,0.0
NLD,power,2024-05-01 12:00:00,0.0
NLD,power,2024-05-01 13:00:00,0.0
NLD,power,2024-05-01 14:00:00,0.0
NLD,power,2024-05-01 15:00:00,0.0
NLD,power,2024-05-01 16:00:00,0.0
NLD,power,2024-05-01 17:00:00,-1.486962421799368e-10
NLD,power,2024-05-01 18:00:00,-1.1752171278159953e-10
NLD,power,2024-05-01 19:00:00,-1.0422983480840569e-10
NLD,power,2024-05-01 20:00:00,8.15863500907613e-08
NLD,power,2024-05-01 21:00:00,0.015254463470906197
NLD,power,2024-05-01 22:00:00,0.007627309566270443
NLD,power,2024-05-01 23:00:00,0.007627210705105413
NLD,power,2024-05-02 00:00:00,-1.0419890562017132e-10
NLD,power,2024-05-02 01:00:00,-1.083320224802447e-10
NLD,power,2024-05-02 02:00:00,-1.11024496015566e-10
NLD,power,2024-05-02 03:00:00,-1.1162254823133716e-10
NLD,power,2024-05-02 04:00:00,-1.1009356361746029e-10
NLD,power,2024-05-02 05:00:00,-1.0678777108542184e-10
NLD,power,2024-05-02 06:00:00,-1.0790166119391068e-10
NLD,power,2024-05-02 07:00:00,-1.2632825293425983e-10
NLD,power,2024-05-02 08:00:00,-1.600884813673108e-10
NLD,power,2024-05-02 09:00:00,0.0
NLD,power,2024-05-02 10:00:00,0.0
NLD,power,2024-05-02 11:00:00,0.0
NLD,power,2024-05-02 12:00:00,0.0
NLD,power,2024-05-02 13:00:00,0.0
NLD,power,2024-05-02 14:00:00,0.0
NLD,power,2024-05-02 15:00:00,-1.7808180157573277e-10
NLD,power,2024-05-02 16:00:00,-1.4026597355081238e-10
NLD,power,2024-05-02 17:00:00,-1.180424970776345e-10
NLD,power,2024-05-02 18:00:00,3.150995815986683e-09
NLD,power,2024-05-02 19:00:00,0.02288183125976533
NLD,power,2024-05-02 20:00:00,0.049768417131180236
NLD,power,2024-05-02 21:00:00,0.04976841986039103
NLD,power,2024-05-02 22:00:00,0.04976841761709145
NLD,power,2024-05-02 23:00:00,0.007627298105525659
NLD,power,2024-05-03 00:00:00,0.007627243606008055
NLD,power,2024-05-03 01:00:00,0.007627267697069158
NLD,power,2024-05-03 02:00:00,0.0076272596761765826
NLD,power,2024-05-03 03:00:00,-1.0034191512724709e-10
NLD,power,2024-05-03 04:00:00,-1.0042941425645563e-10
NLD,power,2024-05-03 05:00:00,0.00762726358070317
NLD,power,2024-05-03 06:00:00,0.00762726090127255
NLD,power,2024-05-03 07:00:00,-1.0905371522951517e-10
NLD,power,2024-05-03 08:00:00,-1.2623267144245285e-10
NLD,power,2024-05-03 09:00:00,-1.491350725213068e-10
NLD,power,2024-05-03 10:00:00,0.0
NLD,power,2024-05-03 11:00:00,0.0
NLD,power,2024-05-03 12:00:00,0.0
NLD,power,2024-05-03 13:00:00,0.0
NLD,power,2024-05-03 14:00:00,0.0
NLD,power,2024-05-03 15:00:00,-1.5398747085824238e-10
NLD,power,2024-05-03 16:00:00,-1.3029656760972956e-10
NLD,power,2024-05-03 17:00:00,-1.1006982185476128e-10
NLD,power,2024-05-03 18:00:00,2.4880828336243897e-08
NLD,power,2024-05-03 19:00:00,0.022881785655415588
NLD,power,2024-05-03 20:00:00,0.007627275954548703
NLD,power,2024-05-03 21:00:00,0.030509055928190254
NLD,power,2024-05-03 22:00:00,1.843574573001055e-08
NLD,power,2024-05-03 23:00:00,4.519725945355908e-09
NLD,power,2024-05-04 00:00:00,-1.0122965091923378e-10
NLD,power,2024-05-04 01:00:00,-1.0506339561474902e-10
NLD,power,2024-05-04 02:00:00,-1.082676127758227e-10
NLD,power,2024-05-04 03:00:00,-1.0895849120283838e-10
NLD,power,2024-05-04 04:00:00,-1.0839793427057907e-10
NLD,power,2024-05-04 05:00:00,-1.0827003982152943e-10
NLD,power,2024-05-04 06:00:00,-1.1442817442203735e-10
NLD,power,2024-05-04 07:00:00,-1.395203495752573e-10
NLD,power,2024-05-04 08:00:00,-1.7211684634282963e-10
NLD,power,2024-05-04 09:00:00,0.0
NLD,power,2024-05-04 10:00:00,0.0
NLD,power,2024-05-04 11:00:00,0.0
NLD,power,2024-05-04 12:00:00,0.0
NLD,power,2024-05-04 13:00:00,0.0
NLD,power,2024-05-04 14:00:00,0.0
NLD,power,2024-05-04 15:00:00,0.0
NLD,power,2024-05-04 16:00:00,-1.927823360096339e-10
NLD,power,2024-05-04 17:00:00,-1.4162873765524636e-10
NLD,power,2024-05-04 18:00:00,-1.1140406772740666e-10
NLD,power,2024-05-04 19:00:00,-1.0075610024300123e-10
NLD,power,2024-05-04 20:00:00,1.1530478515666179e-08
NLD,power,2024-05-04 21:00:00,0.015254539461796522
NLD,power,2024-05-04 22:00:00,0.007627277114621927
NLD,power,2024-05-04 23:00:00,0.007627269938260714
NLD,power,2024-05-05 00:00:00,0.007627269369857147
NLD,power,2024-05-05 01:00:00,0.007627219489697721
NLD,power,2024-05-05 02:00:00,-1.0233389006742034e-10
NLD,power,2024-05-05 03:00:00,-1.040910155164931e-10
NLD,power,2024-05-05 04:00:00,-1.064735293701257e-10
NLD,power,2024-05-05 05:00:00,-1.0794267893145004e-10
NLD,power,2024-05-05 06:00:00,-1.1196165998624838e-10
NLD,power,2024-05-05 07:00:00,-1.312590473313552e-10
NLD,power,2024-05-05 08:00:00,-1.6464622934387683e-10
NLD,power,2024-05-05 09:00:00,0.0
NLD,power,2024-05-05 10:00:00,0.0
NLD,power,2024-05-05 11:00:00,0.0
NLD,power,2024-05-05 12:00:00,0.0
NLD,power,2024-05-05 13:00:00,0.0
NLD,power,2024-05-05 14:00:00,0.0
NLD,power,2024-05-05 15:00:00,0.0
NLD,power,2024-05-05 16:00:00,-1.553700171263842e-10
NLD,power,2024-05-05 17:00:00,-1.249849654080149e-10
NLD,power,2024-05-05 18:00:00,-1.028437830438095e-10
NLD,power,2024-05-05 19:00:00,0.015254520263020002
NLD,power,2024-05-05 20:00:00,0.007609862377285896
NLD,power,2024-05-05 21:00:00,0.007644702103846905
NLD,power,2024-05-05 22:00:00,0.0076272804987414875
NLD,power,2024-05-05 23:00:00,0.007627269572883717
NLD,power,2024-05-06 00:00:00,0.0076272704459385155
NLD,power,2024-05-06 01:00:00,0.0076272702191509945
NLD,power,2024-05-06 02:00:00,0.0076272711961472206
NLD,power,2024-05-06 03:00:00,0.0076272715946997475
NLD,power,2024-05-06 04:00:00,0.007627271352323907
NLD,power,2024-05-06 05:00:00,0.00762726946774913
NLD,power,2024-05-06 06:00:00,0.015254524786705732
NLD,power,2024-05-06 07:00:00,2.4089681262192544e-08
NLD,power,2024-05-06 08:00:00,-1.1253681149195337e-10
NLD,power,2024-05-06 09:00:00,-1.349118055604378e-10
NLD,power,2024-05-06 10:00:00,-1.5935869810918688e-10
NLD,power,2024-05-06 11:00:00,0.0
NLD,power,2024-05-06 12:00:00,0.0
NLD,power,2024-05-06 13:00:00,0.0
NLD,power,2024-05-06 14:00:00,0.0
NLD,power,2024-05-06 15:00:00,-1.4872571189945802e-10
NLD,power,2024-05-06 16:00:00,-1.26973253771663e-10
NLD,power,2024-05-06 17:00:00,-1.1182724442101312e-10
NLD,power,2024-05-06 18:00:00,4.096321766546287e-09
NLD,power,2024-05-06 19:00:00,0.02288181914358548
NLD,power,2024-05-06 20:00:00,0.04976840678094077
NLD,power,2024-05-06 21:00:00,0.04976841912479319
NLD,power,2024-05-06 22:00:00,0.04976841371506574
NLD,power,2024-05-06 23:00:00,0.007627271714445479
NLD,power,2024-05-07 00:00:00,0.007627270270393896
NLD,power,2024-05-07 01:00:00,0.00762727105325076
NLD,power,2024-05-07 02:00:00,0.0076272712437080855
NLD,power,2024-05-07 03:00:00,0.0076272711410682
NLD,power,2024-05-07 04:00:00,0.007627271742567412
NLD,power,2024-05-07 05:00:00,0.007627289977097885
NLD,power,2024-05-07 06:00:00,0.0076272284331805424
NLD,power,2024-05-07 07:00:00,-1.1331795902708835e-10
NLD,power,2024-05-07 08:00:00,-1.349855140668728e-10
NLD,power,2024-05-07 09:00:00,-1.6524798197119055e-10
NLD,power,2024-05-07 10:00:00,0.0
NLD,power,2024-05-07 11:00:00,0.0
NLD,power,2024-05-07 12:00:00,0.0
NLD,power,2024-05-07 13:00:00,0.0
NLD,power,2024-05-07 14:00:00,0.0
NLD,power,2024-05-07 15:00:00,0.0
NLD,power,2024-05-07 16:00:00,-1.5102032266737038e-10
NLD,power,2024-05-07 17:00:00,-1.2116252015251937e-10
NLD,power,2024-05-07 18:00:00,-1.03335513987565e-10
NLD,power,2024-05-07 19:00:00,0.015254535471572666
NLD,power,2024-05-07 20:00:00,0.007627270981109329
NLD,power,2024-05-07 21:00:00,0.007627303458329159
NLD,power,2024-05-07 22:00:00,0.015254511940946488
NLD,power,2024-05-07 23:00:00,2.509327334728418e-08
NLD,power,2024-05-08 00:00:00,0.007627268445770261
NLD,power,2024-05-08 01:00:00,0.0076272698038998285
NLD,power,2024-05-08 02:00:00,0.007627269567329502
NLD,power,2024-05-08 03:00:00,0.007627268492146157
NLD,power,2024-05-08 04:00:00,0.007627269172071191
NLD,power,2024-05-08 05:00:00,0.0076272727985185985
NLD,power,2024-05-08 06:00:00,0.007627272561098985
NLD,power,2024-05-08 07:00:00,-1.0337956004320676e-10
NLD,power,2024-05-08 08:00:00,-1.174075480245661e-10
NLD,power,2024-05-08 09:00:00,-1.36870257071625e-10
NLD,power,2024-05-08 10:00:00,-1.6178556562965372e-10
NLD,power,2024-05-08 11:00:00,0.0
NLD,power,2024-05-08 12:00:00,0.0
NLD,power,2024-05-08 13:00:00,0.0
NLD,power,2024-05-08 14:00:00,-1.6110108990125148e-10
NLD,power,2024-05-08 15:00:00,-1.4010068908292423e-10
NLD,power,2024-05-08 16:00:00,-1.197067876047645e-10
NLD,power,2024-05-08 17:00:00,-1.0745782149348573e-10
NLD,power,2024-05-08 18:00:00,0.015254400850496903
NLD,power,2024-05-08 19:00:00,0.0076275190013355715
NLD,power,2024-05-08 20:00:00,0.049768402804606586
NLD,power,2024-05-08 21:00:00,0.04976841842713407
NLD,power,2024-05-08 22:00:00,0.015254428745407866
NLD,power,2024-05-08 23:00:00,1.258134418245642e-07
NLD,power,2024-05-09 00:00:00,0.007627272147522061
NLD,power,2024-05-09 01:00:00,0.007627271251393259
NLD,power,2024-05-09 02:00:00,0.007627270706266123
NLD,power,2024-05-09 03:00:00,0.0076272717506750175
NLD,power,2024-05-09 04:00:00,0.007627272864529059
NLD,power,2024-05-09 05:00:00,0.007627273404509259
NLD,power,2024-05-09 06:00:00,0.015254542054392082
NLD,power,2024-05-09 07:00:00,-1.0244473657040116e-10
NLD,power,2024-05-09 08:00:00,-1.1405267932884755e-10
NLD,power,2024-05-09 09:00:00,-1.3092662157730637e-10
NLD,power,2024-05-09 10:00:00,-1.4585880886797172e-10
NLD,power,2024-05-09 11:00:00,-1.550971736103212e-10
NLD,power,2024-05-09 12:00:00,-1.517334316590795e-10
NLD,power,2024-05-09 13:00:00,-1.4008102954665212e-10
NLD,power,2024-05-09 14:00:00,-1.278075589193426e-10
NLD,power,2024-05-09 15:00:00,-1.1539936833866432e-10
NLD,power,2024-05-09 16:00:00,-1.0849304501265227e-10
NLD,power,2024-05-09 17:00:00,4.192491562146263e-09
NLD,power,2024-05-09 18:00:00,0.03050907948634594
NLD,power,2024-05-09 19:00:00,0.04976841754066451
NLD,power,2024-05-09 20:00:00,0.04976841925397334
NLD,power,2024-05-09 21:00:00,0.04976842004805113
NLD,power,2024-05-09 22:00:00,0.049768419332071316
NLD,power,2024-05-09 23:00:00,0.049768404866712586
NLD,power,2024-05-10 00:00:00,0.007627277755191675
NLD,power,2024-05-10 01:00:00,0.0076272730635476155
NLD,power,2024-05-10 02:00:00,0.007627270745027871
NLD,power,2024-05-10 03:00:00,0.0076272721003972565
NLD,power,2024-05-10 04:00:00,0.007627272745692258
NLD,power,2024-05-10 05:00:00,0.0076272742506845025
NLD,power,2024-05-10 06:00:00,0.007627277572309809
NLD,power,2024-05-10 07:00:00,-1.0373436001796636e-10
NLD,power,2024-05-10 08:00:00,-1.191044254050907e-10
NLD,power,2024-05-10 09:00:00,-1.4038918796745808e-10
NLD,power,2024-05-10 10:00:00,-1.6488636045223676e-10
NLD,power,2024-05-10 11:00:00,0.0
NLD,power,2024-05-10 12:00:00,0.0
NLD,power,2024-05-10 13:00:00,0.0
NLD,power,2024-05-10 14:00:00,-1.6000845621752838e-10
NLD,power,2024-05-10 15:00:00,-1.39198255859534e-10
NLD,power,2024-05-10 16:00:00,-1.1788143790214446e-10
NLD,power,2024-05-10 17:00:00,-1.0432600890362855e-10
NLD,power,2024-05-10 18:00:00,0.015254538792515555
NLD,power,2024-05-10 19:00:00,0.007627277222224538
NLD,power,2024-05-10 20:00:00,0.007627276628181085
NLD,power,2024-05-10 21:00:00,0.049768416521889874
NLD,power,2024-05-10 22:00:00,0.04976841373194214
NLD,power,2024-05-10 23:00:00,0.007627274960303266
NLD,power,2024-05-11 00:00:00,0.0076272743585787985
NLD,power,2024-05-11 01:00:00,0.007627272537769347
NLD,power,2024-05-11 02:00:00,0.007627270932538837
NLD,power,2024-05-11 03:00:00,0.007627271968865995
NLD,power,2024-05-11 04:00:00,0.00762727294941305
NLD,power,2024-05-11 05:00:00,0.007627281520951034
NLD,power,2024-05-11 06:00:00,-1.0107428778612205e-10
NLD,power,2024-05-11 07:00:00,-1.1658536408630792e-10
NLD,power,2024-05-11 08:00:00,-1.3712203812837506e-10
NLD,power,2024-05-11 09:00:00,-1.5787216826107025e-10
NLD,power,2024-05-11 10:00:00,0.0
NLD,power,2024-05-11 11:00:00,0.0
NLD,power,2024-05-11 12:00:00,0.0
NLD,power,2024-05-11 13:00:00,0.0
NLD,power,2024-05-11 14:00:00,-1.6805717317263257e-10
NLD,power,2024-05-11 15:00:00,-1.4578252772281084e-10
NLD,power,2024-05-11 16:00:00,-1.2351003855487545e-10
NLD,power,2024-05-11 17:00:00,-1.0695772294091844e-10
NLD,power,2024-05-11 18:00:00,0.015254558465130016
NLD,power,2024-05-11 19:00:00,0.007627287756863274
NLD,power,2024-05-11 20:00:00,0.0076272771101896205
NLD,power,2024-05-11 21:00:00,0.0497684168869378
NLD,power,2024-05-11 22:00:00,0.04976841464477475
NLD,power,2024-05-11 23:00:00,0.0076272790479642374
NLD,power,2024-05-12 00:00:00,0.007627273729507819
NLD,power,2024-05-12 01:00:00,0.007627272974900091
NLD,power,2024-05-12 02:00:00,0.007627272276275736
NLD,power,2024-05-12 03:00:00,0.007627273288110146
NLD,power,2024-05-12 04:00:00,0.007627274916398774
NLD,power,2024-05-12 05:00:00,0.022881798318050917
NLD,power,2024-05-12 06:00:00,4.047977368233975e-09
NLD,power,2024-05-12 07:00:00,-1.1206690822091823e-10
NLD,power,2024-05-12 08:00:00,-1.309708148468589e-10
NLD,power,2024-05-12 09:00:00,-1.4923970443538184e-10
NLD,power,2024-05-12 10:00:00,0.0
NLD,power,2024-05-12 11:00:00,0.0
NLD,power,2024-05-12 12:00:00,0.0
NLD,power,2024-05-12 13:00:00,-1.6109386694317223e-10
NLD,power,2024-05-12 14:00:00,-1.4349927668521956e-10
NLD,power,2024-05-12 15:00:00,-1.2833088589985218e-10
NLD,power,2024-05-12 16:00:00,-1.147109629461103e-10
NLD,power,2024-05-12 17:00:00,-1.0582602464148856e-10
NLD,power,2024-05-12 18:00:00,0.022881659979390036
NLD,power,2024-05-12 19:00:00,0.007627386304654234
NLD,power,2024-05-12 20:00:00,0.0497684172885045
NLD,power,2024-05-12 21:00:00,0.04976842003982265
NLD,power,2024-05-12 22:00:00,0.04976841998229343
NLD,power,2024-05-12 23:00:00,0.04976841849024858
NLD,power,2024-05-13 00:00:00,0.007627547760582405
NLD,power,2024-05-13 01:00:00,0.0076272741550569975
NLD,power,2024-05-13 02:00:00,0.0076272736980423075
NLD,power,2024-05-13 03:00:00,0.007627272829477014
NLD,power,2024-05-13 04:00:00,0.007627271800939644
NLD,power,2024-05-13 05:00:00,0.007627273160056202
NLD,power,2024-05-13 06:00:00,0.015254533438843356
NLD,power,2024-05-13 07:00:00,-1.0273355094079285e-10
NLD,power,2024-05-13 08:00:00,-1.1806203797312056e-10
NLD,power,2024-05-13 09:00:00,-1.3835049105868091e-10
NLD,power,2024-05-13 10:00:00,-1.591355123635536e-10
NLD,power,2024-05-13 11:00:00,0.0
NLD,power,2024-05-13 12:00:00,0.0
NLD,power,2024-05-13 13:00:00,0.0
NLD,power,2024-05-13 14:00:00,-1.4858114154800403e-10
NLD,power,2024-05-13 15:00:00,-1.3273358578025234e-10
NLD,power,2024-05-13 16:00:00,-1.202436766716488e-10
NLD,power,2024-05-13 17:00:00,-1.0980856020071109e-10
NLD,power,2024-05-13 18:00:00,6.871797270890628e-09
NLD,power,2024-05-13 19:00:00,0.04976839332413285
NLD,power,2024-05-13 20:00:00,0.049768417408999344
NLD,power,2024-05-13 21:00:00,0.049768418997780325
NLD,power,2024-05-13 22:00:00,0.02288187021753155
NLD,power,2024-05-13 23:00:00,5.873511960009133e-09
NLD,power,2024-05-14 00:00:00,4.266038743263734e-08
NLD,power,2024-05-14 01:00:00,0.007627270597795792
NLD,power,2024-05-14 02:00:00,0.007627265986635657
NLD,power,2024-05-14 03:00:00,0.007627265013224748
NLD,power,2024-05-14 04:00:00,0.007627266497811244
NLD,power,2024-05-14 05:00:00,0.00762726998661022
NLD,power,2024-05-14 06:00:00,-1.0352887062544624e-10
NLD,power,2024-05-14 07:00:00,-1.192356940540971e-10
NLD,power,2024-05-14 08:00:00,-1.418043133152963e-10
NLD,power,2024-05-14 09:00:00,-1.7047475127537147e-10
NLD,power,2024-05-14 10:00:00,0.0
NLD,power,2024-05-14 11:00:00,0.0
NLD,power,2024-05-14 12:00:00,0.0
NLD,power,2024-05-14 13:00:00,0.0
NLD,power,2024-05-14 14:00:00,0.0
NLD,power,2024-05-14 15:00:00,-1.7381590751945027e-10
NLD,power,2024-05-14 16:00:00,-1.4122959982115633e-10
NLD,power,2024-05-14 17:00:00,-1.1948114878634782e-10
NLD,power,2024-05-14 18:00:00,2.049568147512048e-09
NLD,power,2024-05-14 19:00:00,0.022881814798810345
NLD,power,2024-05-14 20:00:00,0.04976841069258918
NLD,power,2024-05-14 21:00:00,0.04976841920329364
NLD,power,2024-05-14 22:00:00,0.04976841361943121
NLD,power,2024-05-14 23:00:00,0.007627264271531851
NLD,power,2024-05-15 00:00:00,0.007627272838591637
NLD,power,2024-05-15 01:00:00,0.007627268781691735
NLD,power,2024-05-15 02:00:00,0.007627269630833553
NLD,power,2024-05-15 03:00:00,0.00762727070898106
NLD,power,2024-05-15 04:00:00,0.007627271941171258
NLD,power,2024-05-15 05:00:00,0.007627278042644175
NLD,power,2024-05-15 06:00:00,0.007627269403080038
NLD,power,2024-05-15 07:00:00,-1.0816197139785071e-10
NLD,power,2024-05-15 08:00:00,-1.2641456308157868e-10
NLD,power,2024-05-15 09:00:00,-1.49919479808329e-10
NLD,power,2024-05-15 10:00:00,0.0
NLD,power,2024-05-15 11:00:00,0.0
NLD,power,2024-05-15 12:00:00,0.0
NLD,power,2024-05-15 13:00:00,0.0
NLD,power,2024-05-15 14:00:00,0.0
NLD,power,2024-05-15 15:00:00,-1.490237397918988e-10
NLD,power,2024-05-15 16:00:00,-1.3006105333464442e-10
NLD,power,2024-05-15 17:00:00,-1.1547264766569634e-10
NLD,power,2024-05-15 18:00:00,2.7953243021837456e-09
NLD,power,2024-05-15 19:00:00,0.049768403374608215
NLD,power,2024-05-15 20:00:00,0.04976841875743519
NLD,power,2024-05-15 21:00:00,0.04976841958899067
NLD,power,2024-05-15 22:00:00,0.049768414789799216
NLD,power,2024-05-15 23:00:00,2.4463787470315965e-08
NLD,power,2024-05-16 00:00:00,0.007627256324642293
NLD,power,2024-05-16 01:00:00,0.007627268209278086
NLD,power,2024-05-16 02:00:00,0.007627266682097778
NLD,power,2024-05-16 03:00:00,0.007627267632852021
NLD,power,2024-05-16 04:00:00,0.007627269257297599
NLD,power,2024-05-16 05:00:00,0.007627270439513422
NLD,power,2024-05-16 06:00:00,-1.0101188371325528e-10
NLD,power,2024-05-16 07:00:00,-1.1280281709560345e-10
NLD,power,2024-05-16 08:00:00,-1.3077824741426018e-10
NLD,power,2024-05-16 09:00:00,-1.558053243142878e-10
NLD,power,2024-05-16 10:00:00,0.0
NLD,power,2024-05-16 11:00:00,0.0
NLD,power,2024-05-16 12:00:00,0.0
NLD,power,2024-05-16 13:00:00,0.0
NLD,power,2024-05-16 14:00:00,0.0
NLD,power,2024-05-16 15:00:00,-1.52792126113628e-10
NLD,power,2024-05-16 16:00:00,-1.2995826364377396e-10
NLD,power,2024-05-16 17:00:00,-1.1352974052033383e-10
NLD,power,2024-05-16 18:00:00,1.4056067569055721e-08
NLD,power,2024-05-16 19:00:00,0.04976841892776455
NLD,power,2024-05-16 20:00:00,0.04976842006342751
NLD,power,2024-05-16 21:00:00,0.04976842042033982
NLD,power,2024-05-16 22:00:00,0.0497684200873875
NLD,power,2024-05-16 23:00:00,0.04976841765194692
NLD,power,2024-05-17 00:00:00,0.007627283055311543
NLD,power,2024-05-17 01:00:00,0.007627272982807539
NLD,power,2024-05-17 02:00:00,0.007627271162466774
NLD,power,2024-05-17 03:00:00,0.007627272353094922
NLD,power,2024-05-17 04:00:00,0.00762727246320118
NLD,power,2024-05-17 05:00:00,0.007627273352910468
NLD,power,2024-05-17 06:00:00,0.015254542228654577
NLD,power,2024-05-17 07:00:00,-1.063094495872849e-10
NLD,power,2024-05-17 08:00:00,-1.2075057286197634e-10
NLD,power,2024-05-17 09:00:00,-1.3840070134738858e-10
NLD,power,2024-05-17 10:00:00,-1.5508015662116338e-10
NLD,power,2024-05-17 11:00:00,0.0
NLD,power,2024-05-17 12:00:00,0.0
NLD,power,2024-05-17 13:00:00,0.0
NLD,power,2024-05-17 14:00:00,-1.565912102509819e-10
NLD,power,2024-05-17 15:00:00,-1.3841587190584153e-10
NLD,power,2024-05-17 16:00:00,-1.2405534287799214e-10
NLD,power,2024-05-17 17:00:00,9.638375853549516e-10
NLD,power,2024-05-17 18:00:00,0.022881824746771973
NLD,power,2024-05-17 19:00:00,0.04976841903159931
NLD,power,2024-05-17 20:00:00,0.04976841953775689
NLD,power,2024-05-17 21:00:00,0.049768420209268686
NLD,power,2024-05-17 22:00:00,0.04976841992390622
NLD,power,2024-05-17 23:00:00,0.049768417740116484
NLD,power,2024-05-18 00:00:00,0.007627300213544704
NLD,power,2024-05-18 01:00:00,0.007627273587993674
NLD,power,2024-05-18 02:00:00,0.007627273033190327
NLD,power,2024-05-18 03:00:00,0.007627272527417163
NLD,power,2024-05-18 04:00:00,0.007627273972211523
NLD,power,2024-05-18 05:00:00,0.015254535838437633
NLD,power,2024-05-18 06:00:00,1.2385007570603017e-08
NLD,power,2024-05-18 07:00:00,-1.1162663100450232e-10
NLD,power,2024-05-18 08:00:00,-1.2593218139786574e-10
NLD,power,2024-05-18 09:00:00,-1.4083918453226565e-10
NLD,power,2024-05-18 10:00:00,-1.5746949333356793e-10
NLD,power,2024-05-18 11:00:00,0.0
NLD,power,2024-05-18 12:00:00,0.0
NLD,power,2024-05-18 13:00:00,0.0
NLD,power,2024-05-18 14:00:00,-1.6055749324424196e-10
NLD,power,2024-05-18 15:00:00,-1.4453507355784936e-10
NLD,power,2024-05-18 16:00:00,-1.2274952088752897e-10
NLD,power,2024-05-18 17:00:00,-1.100958255109879e-10
NLD,power,2024-05-18 18:00:00,4.3484036864751254e-09
NLD,power,2024-05-18 19:00:00,0.02288182762547349
NLD,power,2024-05-18 20:00:00,0.04976840989656517
NLD,power,2024-05-18 21:00:00,0.049768419580769795
NLD,power,2024-05-18 22:00:00,0.04976841957867776
NLD,power,2024-05-18 23:00:00,0.0497684176933205
NLD,power,2024-05-19 00:00:00,0.049768361919152446
NLD,power,2024-05-19 01:00:00,0.007627276090467734
NLD,power,2024-05-19 02:00:00,0.007627273448133034
NLD,power,2024-05-19 03:00:00,0.007627273291852366
NLD,power,2024-05-19 04:00:00,0.007627274483425227
NLD,power,2024-05-19 05:00:00,0.01525455072656046
NLD,power,2024-05-19 06:00:00,3.8598686049721006e-09
NLD,power,2024-05-19 07:00:00,-1.1461002345861106e-10
NLD,power,2024-05-19 08:00:00,-1.3628553135530865e-10
NLD,power,2024-05-19 09:00:00,-1.5762959508111536e-10
NLD,power,2024-05-19 10:00:00,0.0
NLD,power,2024-05-19 11:00:00,0.0
NLD,power,2024-05-19 12:00:00,0.0
NLD,power,2024-05-19 13:00:00,0.0
NLD,power,2024-05-19 14:00:00,-1.5664474361398313e-10
NLD,power,2024-05-19 15:00:00,-1.4378318582463757e-10
NLD,power,2024-05-19 16:00:00,-1.2622942277870088e-10
NLD,power,2024-05-19 17:00:00,-1.0995757474464371e-10
NLD,power,2024-05-19 18:00:00,4.459580146352867e-09
NLD,power,2024-05-19 19:00:00,0.0228818149680242
NLD,power,2024-05-19 20:00:00,0.007627287531730361
NLD,power,2024-05-19 21:00:00,0.04976841865914577
NLD,power,2024-05-19 22:00:00,0.04976841871646544
NLD,power,2024-05-19 23:00:00,0.007627285080257224
NLD,power,2024-05-20 00:00:00,0.007627274143035886
NLD,power,2024-05-20 01:00:00,0.007627269984275598
NLD,power,2024-05-20 02:00:00,0.007627270232526087
NLD,power,2024-05-20 03:00:00,0.0076272718885605755
NLD,power,2024-05-20 04:00:00,0.007627273296072552
NLD,power,2024-05-20 05:00:00,0.007627276706758877
NLD,power,2024-05-20 06:00:00,0.015254452194108033
NLD,power,2024-05-20 07:00:00,-1.0509967805496358e-10
NLD,power,2024-05-20 08:00:00,-1.2225593601089902e-10
NLD,power,2024-05-20 09:00:00,-1.428709253568867e-10
NLD,power,2024-05-20 10:00:00,-1.6403000471109872e-10
NLD,power,2024-05-20 11:00:00,0.0
NLD,power,2024-05-20 12:00:00,0.0
NLD,power,2024-05-20 13:00:00,0.0
NLD,power,2024-05-20 14:00:00,-1.6416828314868787e-10
NLD,power,2024-05-20 15:00:00,-1.4515718531895952e-10
NLD,power,2024-05-20 16:00:00,-1.2592784262008083e-10
NLD,power,2024-05-20 17:00:00,-1.1110414574894496e-10
NLD,power,2024-05-20 18:00:00,0.02288179673692692
NLD,power,2024-05-20 19:00:00,0.04976841882258931
NLD,power,2024-05-20 20:00:00,0.049768419861003776
NLD,power,2024-05-20 21:00:00,0.04976842039840952
NLD,power,2024-05-20 22:00:00,0.04976842006708044
NLD,power,2024-05-20 23:00:00,0.049768417164052565
NLD,power,2024-05-21 00:00:00,0.0076272793997696105
NLD,power,2024-05-21 01:00:00,0.007627272808648559
NLD,power,2024-05-21 02:00:00,0.007627270772656782
NLD,power,2024-05-21 03:00:00,0.007627272082836626
NLD,power,2024-05-21 04:00:00,0.00762727284364778
NLD,power,2024-05-21 05:00:00,0.0076272748353483745
NLD,power,2024-05-21 06:00:00,0.015254530983754348
NLD,power,2024-05-21 07:00:00,-1.06908345344585e-10
NLD,power,2024-05-21 08:00:00,-1.2342199789379508e-10
NLD,power,2024-05-21 09:00:00,-1.4519684342391258e-10
NLD,power,2024-05-21 10:00:00,-1.660613472400711e-10
NLD,power,2024-05-21 11:00:00,0.0
NLD,power,2024-05-21 12:00:00,0.0
NLD,power,2024-05-21 13:00:00,0.0
NLD,power,2024-05-21 14:00:00,-1.510555055956836e-10
NLD,power,2024-05-21 15:00:00,-1.343440138859066e-10
NLD,power,2024-05-21 16:00:00,-1.2053958322625365e-10
NLD,power,2024-05-21 17:00:00,1.1362783988280609e-09
NLD,power,2024-05-21 18:00:00,0.022881813848246984
NLD,power,2024-05-21 19:00:00,0.049768417683518536
NLD,power,2024-05-21 20:00:00,0.049768419042209515
NLD,power,2024-05-21 21:00:00,0.0497684200086112
NLD,power,2024-05-21 22:00:00,0.04976841941774351
NLD,power,2024-05-21 23:00:00,0.007627303785637128
NLD,power,2024-05-22 00:00:00,0.007627274471891077
NLD,power,2024-05-22 01:00:00,0.007627273424202572
NLD,power,2024-05-22 02:00:00,0.007627271162606776
NLD,power,2024-05-22 03:00:00,0.007627272471947689
NLD,power,2024-05-22 04:00:00,0.00762727289722074
NLD,power,2024-05-22 05:00:00,0.007627276213698918
NLD,power,2024-05-22 06:00:00,0.015254493193110953
NLD,power,2024-05-22 07:00:00,-1.0347385444975735e-10
NLD,power,2024-05-22 08:00:00,-1.1852998731702579e-10
NLD,power,2024-05-22 09:00:00,-1.40814937840592e-10
NLD,power,2024-05-22 10:00:00,-1.653372208123234e-10
NLD,power,2024-05-22 11:00:00,0.0
NLD,power,2024-05-22 12:00:00,0.0
NLD,power,2024-05-22 13:00:00,0.0
NLD,power,2024-05-22 14:00:00,-1.588920253961408e-10
NLD,power,2024-05-22 15:00:00,-1.381616277023833e-10
NLD,power,2024-05-22 16:00:00,-1.2412188963797399e-10
NLD,power,2024-05-22 17:00:00,1.027528784211782e-09
NLD,power,2024-05-22 18:00:00,0.030509042270287605
NLD,power,2024-05-22 19:00:00,0.04976841970591793
NLD,power,2024-05-22 20:00:00,0.04976842006406268
NLD,power,2024-05-22 21:00:00,0.04976842006326933
NLD,power,2024-05-22 22:00:00,0.04976841935080062
NLD,power,2024-05-22 23:00:00,0.007627288406478936
NLD,power,2024-05-23 00:00:00,0.0076272742399913895
NLD,power,2024-05-23 01:00:00,0.0076272731335331745
NLD,power,2024-05-23 02:00:00,0.007627271474531772
NLD,power,2024-05-23 03:00:00,0.007627272338687862
NLD,power,2024-05-23 04:00:00,0.00762727339025648
NLD,power,2024-05-23 05:00:00,0.0076272755795395875
NLD,power,2024-05-23 06:00:00,0.015254516894669067
NLD,power,2024-05-23 07:00:00,-1.0165408061750494e-10
NLD,power,2024-05-23 08:00:00,-1.1348974749018979e-10
NLD,power,2024-05-23 09:00:00,-1.2981356112507495e-10
NLD,power,2024-05-23 10:00:00,-1.4625279518714147e-10
NLD,power,2024-05-23 11:00:00,0.0
NLD,power,2024-05-23 12:00:00,0.0
NLD,power,2024-05-23 13:00:00,-1.5147343383974994e-10
NLD,power,2024-05-23 14:00:00,-1.3951122084786398e-10
NLD,power,2024-05-23 15:00:00,-1.2558998179025903e-10
NLD,power,2024-05-23 16:00:00,-1.1427602947044542e-10
NLD,power,2024-05-23 17:00:00,1.9117248051340346e-09
NLD,power,2024-05-23 18:00:00,0.022881819090578185
NLD,power,2024-05-23 19:00:00,0.04976841838239436
NLD,power,2024-05-23 20:00:00,0.049768419139581195
NLD,power,2024-05-23 21:00:00,0.04976841975414726
NLD,power,2024-05-23 22:00:00,0.049768418725580556
NLD,power,2024-05-23 23:00:00,0.007627282572495364
NLD,power,2024-05-24 00:00:00,0.007627273001282528
NLD,power,2024-05-24 01:00:00,0.007627272675236239
NLD,power,2024-05-24 02:00:00,0.007627272562160969
NLD,power,2024-05-24 03:00:00,0.007627272788045734
NLD,power,2024-05-24 04:00:00,0.0076272739761406435
NLD,power,2024-05-24 05:00:00,0.007627290874710125
NLD,power,2024-05-24 06:00:00,0.01525452408604312
NLD,power,2024-05-24 07:00:00,-1.0349966453907631e-10
NLD,power,2024-05-24 08:00:00,-1.1430573388032679e-10
NLD,power,2024-05-24 09:00:00,-1.2941865159474522e-10
NLD,power,2024-05-24 10:00:00,-1.4437854922973254e-10
NLD,power,2024-05-24 11:00:00,-1.5482491392314336e-10
NLD,power,2024-05-24 12:00:00,0.0
NLD,power,2024-05-24 13:00:00,-1.5305590360752803e-10
NLD,power,2024-05-24 14:00:00,-1.4189195885720207e-10
NLD,power,2024-05-24 15:00:00,-1.2912243082244245e-10
NLD,power,2024-05-24 16:00:00,-1.194804843506327e-10
NLD,power,2024-05-24 17:00:00,1.3378154864371538e-09
NLD,power,2024-05-24 18:00:00,0.030509138508254496
NLD,power,2024-05-24 19:00:00,0.0497684199035197
NLD,power,2024-05-24 20:00:00,0.04976842032498612
NLD,power,2024-05-24 21:00:00,0.04976842055078642
NLD,power,2024-05-24 22:00:00,0.04976842046463896
NLD,power,2024-05-24 23:00:00,0.049768419967937974
NLD,power,2024-05-25 00:00:00,0.04976841900212808
NLD,power,2024-05-25 01:00:00,0.04976840897536761
NLD,power,2024-05-25 02:00:00,0.007627276326149747
NLD,power,2024-05-25 03:00:00,0.0076272719908065615
NLD,power,2024-05-25 04:00:00,0.0076272776105731285
NLD,power,2024-05-25 05:00:00,0.015254525010961927
NLD,power,2024-05-25 06:00:00,-1.0222144989821225e-10
NLD,power,2024-05-25 07:00:00,-1.181748025622907e-10
NLD,power,2024-05-25 08:00:00,-1.4308109209073476e-10
NLD,power,2024-05-25 09:00:00,-1.7264249245916874e-10
NLD,power,2024-05-25 10:00:00,0.0
NLD,power,2024-05-25 11:00:00,0.0
NLD,power,2024-05-25 12:00:00,0.0
NLD,power,2024-05-25 13:00:00,0.0
NLD,power,2024-05-25 14:00:00,0.0
NLD,power,2024-05-25 15:00:00,-1.7344808893340026e-10
NLD,power,2024-05-25 16:00:00,-1.4034242317111142e-10
NLD,power,2024-05-25 17:00:00,-1.1860893086828245e-10
NLD,power,2024-05-25 18:00:00,2.303680703637862e-09
NLD,power,2024-05-25 19:00:00,0.022881832397714727
NLD,power,2024-05-25 20:00:00,0.04976839324695384
NLD,power,2024-05-25 21:00:00,0.0497684186080453
NLD,power,2024-05-25 22:00:00,0.04976841853812565
NLD,power,2024-05-25 23:00:00,0.04976840077924896
NLD,power,2024-05-26 00:00:00,0.007627276537578276
NLD,power,2024-05-26 01:00:00,0.007627272214473387
NLD,power,2024-05-26 02:00:00,0.007627272852387747
NLD,power,2024-05-26 03:00:00,0.007627273010205831
NLD,power,2024-05-26 04:00:00,0.007627274614617603
NLD,power,2024-05-26 05:00:00,0.0152545441211119
NLD,power,2024-05-26 06:00:00,-1.0301530632243866e-10
NLD,power,2024-05-26 07:00:00,-1.1678198599020502e-10
NLD,power,2024-05-26 08:00:00,-1.4103635558197756e-10
NLD,power,2024-05-26 09:00:00,-1.663937468168314e-10
NLD,power,2024-05-26 10:00:00,0.0
NLD,power,2024-05-26 11:00:00,0.0
NLD,power,2024-05-26 12:00:00,0.0
NLD,power,2024-05-26 13:00:00,0.0
NLD,power,2024-05-26 14:00:00,0.0
NLD,power,2024-05-26 15:00:00,-1.618564732401867e-10
NLD,power,2024-05-26 16:00:00,-1.370398719245813e-10
NLD,power,2024-05-26 17:00:00,-1.1551283340182942e-10
NLD,power,2024-05-26 18:00:00,-1.0231963312426998e-10
NLD,power,2024-05-26 19:00:00,0.015254529837528837
NLD,power,2024-05-26 20:00:00,2.5807250276431605e-08
NLD,power,2024-05-26 21:00:00,0.015254581440064106
NLD,power,2024-05-26 22:00:00,0.04976841224942049
NLD,power,2024-05-26 23:00:00,0.007627275332720346
NLD,power,2024-05-27 00:00:00,0.007627272740834913
NLD,power,2024-05-27 01:00:00,0.007627272681692948
NLD,power,2024-05-27 02:00:00,0.007627272319691981
NLD,power,2024-05-27 03:00:00,0.00762727229711547
NLD,power,2024-05-27 04:00:00,0.007627273364269396
NLD,power,2024-05-27 05:00:00,0.007627276428320836
NLD,power,2024-05-27 06:00:00,0.007627277897875605
NLD,power,2024-05-27 07:00:00,-1.0288665037869053e-10
NLD,power,2024-05-27 08:00:00,-1.1631976207360659e-10
NLD,power,2024-05-27 09:00:00,-1.3469759397379653e-10
NLD,power,2024-05-27 10:00:00,-1.5131221189237923e-10
NLD,power,2024-05-27 11:00:00,0.0
NLD,power,2024-05-27 12:00:00,0.0
NLD,power,2024-05-27 13:00:00,0.0
NLD,power,2024-05-27 14:00:00,-1.4953363700158286e-10
NLD,power,2024-05-27 15:00:00,-1.3290710988926932e-10
NLD,power,2024-05-27 16:00:00,-1.1797722397572022e-10
NLD,power,2024-05-27 17:00:00,1.4919569864192831e-09
NLD,power,2024-05-27 18:00:00,0.02288179028537337
NLD,power,2024-05-27 19:00:00,0.049768413494538324
NLD,power,2024-05-27 20:00:00,0.049768417674041845
NLD,power,2024-05-27 21:00:00,0.04976841948288321
NLD,power,2024-05-27 22:00:00,0.049768418680748334
NLD,power,2024-05-27 23:00:00,0.007627281474213401
NLD,power,2024-05-28 00:00:00,0.007627274889604759
NLD,power,2024-05-28 01:00:00,0.007627273333891318
NLD,power,2024-05-28 02:00:00,0.007627272246314966
NLD,power,2024-05-28 03:00:00,0.007627272824025256
NLD,power,2024-05-28 04:00:00,0.0076272724023233145
NLD,power,2024-05-28 05:00:00,0.007627277831799426
NLD,power,2024-05-28 06:00:00,0.0076272778693285215
NLD,power,2024-05-28 07:00:00,-1.0488876584985592e-10
NLD,power,2024-05-28 08:00:00,-1.1725758543752805e-10
NLD,power,2024-05-28 09:00:00,-1.3293530672892414e-10
NLD,power,2024-05-28 10:00:00,-1.4996736684878692e-10
NLD,power,2024-05-28 11:00:00,0.0
NLD,power,2024-05-28 12:00:00,0.0
NLD,power,2024-05-28 13:00:00,-1.5726622872649028e-10
NLD,power,2024-05-28 14:00:00,-1.444864046856697e-10
NLD,power,2024-05-28 15:00:00,-1.3057086933440337e-10
NLD,power,2024-05-28 16:00:00,-1.186855114954774e-10
NLD,power,2024-05-28 17:00:00,1.6128942353244258e-09
NLD,power,2024-05-28 18:00:00,0.030509099075472116
NLD,power,2024-05-28 19:00:00,0.0497684196704689
NLD,power,2024-05-28 20:00:00,0.04976842009092831
NLD,power,2024-05-28 21:00:00,0.04976842035156398
NLD,power,2024-05-28 22:00:00,0.049768420100990494
NLD,power,2024-05-28 23:00:00,0.04976841834814207
NLD,power,2024-05-29 00:00:00,0.049768358999291565
NLD,power,2024-05-29 01:00:00,0.007627275543592261
NLD,power,2024-05-29 02:00:00,0.007627274627558347
NLD,power,2024-05-29 03:00:00,0.007627274544879599
NLD,power,2024-05-29 04:00:00,0.007627276639771361
NLD,power,2024-05-29 05:00:00,0.007627281182990211
NLD,power,2024-05-29 06:00:00,0.015254540954467736
NLD,power,2024-05-29 07:00:00,2.7406712055486736e-09
NLD,power,2024-05-29 08:00:00,-1.1328160387806708e-10
NLD,power,2024-05-29 09:00:00,-1.3227167355670354e-10
NLD,power,2024-05-29 10:00:00,-1.4985986960526463e-10
NLD,power,2024-05-29 11:00:00,0.0
NLD,power,2024-05-29 12:00:00,0.0
NLD,power,2024-05-29 13:00:00,-1.5427259583661978e-10
NLD,power,2024-05-29 14:00:00,-1.435583114540952e-10
NLD,power,2024-05-29 15:00:00,-1.3055493543668797e-10
NLD,power,2024-05-29 16:00:00,-1.2027399667411363e-10
NLD,power,2024-05-29 17:00:00,1.2816869741111434e-09
NLD,power,2024-05-29 18:00:00,0.049768383743454485
NLD,power,2024-05-29 19:00:00,0.04976842001420826
NLD,power,2024-05-29 20:00:00,0.049768420215321206
NLD,power,2024-05-29 21:00:00,0.0497684204031583
NLD,power,2024-05-29 22:00:00,0.049768420082956136
NLD,power,2024-05-29 23:00:00,0.049768417009863064
NLD,power,2024-05-30 00:00:00,0.00762728331900014
NLD,power,2024-05-30 01:00:00,0.007627273756971982
NLD,power,2024-05-30 02:00:00,0.0076272725624680045
NLD,power,2024-05-30 03:00:00,0.007627272721095512
NLD,power,2024-05-30 04:00:00,0.0076272736843990135
NLD,power,2024-05-30 05:00:00,0.007627284283718822
NLD,power,2024-05-30 06:00:00,0.015254508248856153
NLD,power,2024-05-30 07:00:00,-1.033477221470352e-10
NLD,power,2024-05-30 08:00:00,-1.1604418632559795e-10
NLD,power,2024-05-30 09:00:00,-1.349566681619207e-10
NLD,power,2024-05-30 10:00:00,-1.5322516700670725e-10
NLD,power,2024-05-30 11:00:00,0.0
NLD,power,2024-05-30 12:00:00,0.0
NLD,power,2024-05-30 13:00:00,0.0
NLD,power,2024-05-30 14:00:00,0.0
NLD,power,2024-05-30 15:00:00,-1.4924299581466992e-10
NLD,power,2024-05-30 16:00:00,-1.3141524329484343e-10
NLD,power,2024-05-30 17:00:00,-1.128932230146803e-10
NLD,power,2024-05-30 18:00:00,3.6411475673415595e-09
NLD,power,2024-05-30 19:00:00,0.015254539286422291
NLD,power,2024-05-30 20:00:00,0.007627273717712853
NLD,power,2024-05-30 21:00:00,0.007627277635184409
NLD,power,2024-05-30 22:00:00,0.007627432835995976
NLD,power,2024-05-30 23:00:00,0.007627114743981295
NLD,power,2024-05-31 00:00:00,0.007627268712550866
NLD,power,2024-05-31 01:00:00,0.007627262418045554
NLD,power,2024-05-31 02:00:00,0.00762725602145948
NLD,power,2024-05-31 03:00:00,0.0076272274396603406
NLD,power,2024-05-31 04:00:00,-1.0012562645931534e-10
NLD,power,2024-05-31 05:00:00,-1.0211343441292104e-10
NLD,power,2024-05-31 06:00:00,-1.1119593720410233e-10
NLD,power,2024-05-31 07:00:00,-1.2338275021404652e-10
NLD,power,2024-05-31 08:00:00,-1.4293476337319265e-10
NLD,power,2024-05-31 09:00:00,-1.717862655387697e-10
NLD,power,2024-05-31 10:00:00,0.0
NLD,power,2024-05-31 11:00:00,0.0
NLD,power,2024-05-31 12:00:00,0.0
NLD,power,2024-05-31 13:00:00,0.0
NLD,power,2024-05-31 14:00:00,0.0
NLD,power,2024-05-31 15:00:00,-1.643919511522083e-10
NLD,power,2024-05-31 16:00:00,-1.3800798748833655e-10
NLD,power,2024-05-31 17:00:00,-1.1614018904826976e-10
NLD,power,2024-05-31 18:00:00,-1.0373551949120968e-10
NLD,power,2024-05-31 19:00:00,0.007627274364021169
NLD,power,2024-05-31 20:00:00,0.007627271406328463
NLD,power,2024-05-31 21:00:00,0.007627274123796861
NLD,power,2024-05-31 22:00:00,0.007627274390745047
NLD,power,2024-05-31 23:00:00,0.00762726393268708
NLD,power,2024-06-01 00:00:00,0.007627264132292493
NLD,power,2024-06-01 01:00:00,-1.0077385010623836e-10
NLD,power,2024-06-01 02:00:00,-1.0207098756385229e-10
NLD,power,2024-06-01 03:00:00,-1.0203025553820021e-10
NLD,power,2024-06-01 04:00:00,-1.0207586491119142e-10
NLD,power,2024-06-01 05:00:00,-1.0498865428802928e-10
NLD,power,2024-06-01 06:00:00,-1.195628746798042e-10
NLD,power,2024-06-01 07:00:00,-1.4256010787295432e-10
NLD,power,2024-06-01 08:00:00,-1.6744641039697122e-10
NLD,power,2024-06-01 09:00:00,0.0
NLD,power,2024-06-01 10:00:00,0.0
NLD,power,2024-06-01 11:00:00,0.0
NLD,power,2024-06-01 12:00:00,0.0
NLD,power,2024-06-01 13:00:00,0.0
NLD,power,2024-06-01 14:00:00,0.0
NLD,power,2024-06-01 15:00:00,0.0
NLD,power,2024-06-01 16:00:00,-1.668389412534657e-10
NLD,power,2024-06-01 17:00:00,-1.361082805301525e-10
NLD,power,2024-06-01 18:00:00,-1.166517085227772e-10
NLD,power,2024-06-01 19:00:00,-1.0421223391890815e-10
NLD,power,2024-06-01 20:00:00,-1.0090598868142937e-10
NLD,power,2024-06-01 21:00:00,0.007627268477667216
NLD,power,2024-06-01 22:00:00,0.007627270348439887
NLD,power,2024-06-01 23:00:00,0.007627201975419148
NLD,power,2024-06-02 00:00:00,-1.0138084959425114e-10
NLD,power,2024-06-02 01:00:00,-1.0308145004742027e-10
NLD,power,2024-06-02 02:00:00,-1.0475095390787415e-10
NLD,power,2024-06-02 03:00:00,-1.0481091807773207e-10
NLD,power,2024-06-02 04:00:00,-1.0476131626161703e-10
NLD,power,2024-06-02 05:00:00,-1.0762362474800543e-10
NLD,power,2024-06-02 06:00:00,-1.222950557826819e-10
NLD,power,2024-06-02 07:00:00,-1.519777631745617e-10
NLD,power,2024-06-02 08:00:00,0.0
NLD,power,2024-06-02 09:00:00,0.0
NLD,power,2024-06-02 10:00:00,0.0
NLD,power,2024-06-02 11:00:00,0.0
NLD,power,2024-06-02 12:00:00,0.0
NLD,power,2024-06-02 13:00:00,0.0
NLD,power,2024-06-02 14:00:00,0.0
NLD,power,2024-06-02 15:00:00,0.0
NLD,power,2024-06-02 16:00:00,-1.517767762653488e-10
NLD,power,2024-06-02 17:00:00,-1.2554671921878448e-10
NLD,power,2024-06-02 18:00:00,-1.0930964086738237e-10
NLD,power,2024-06-02 19:00:00,-1.0158284014758992e-10
NLD,power,2024-06-02 20:00:00,0.007627226030331249
NLD,power,2024-06-02 21:00:00,0.007627309432106657
NLD,power,2024-06-02 22:00:00,0.007627277244450012
NLD,power,2024-06-02 23:00:00,0.007627272627811143
NLD,power,2024-06-03 00:00:00,0.007627270631640015
NLD,power,2024-06-03 01:00:00,0.007627269095739903
NLD,power,2024-06-03 02:00:00,0.007627267372644712
NLD,power,2024-06-03 03:00:00,0.0076272669522626894
NLD,power,2024-06-03 04:00:00,0.007627270105144515
NLD,power,2024-06-03 05:00:00,0.007627274534697904
NLD,power,2024-06-03 06:00:00,0.007627144321236877
NLD,power,2024-06-03 07:00:00,-1.083650467272237e-10
NLD,power,2024-06-03 08:00:00,-1.20738087474243e-10
NLD,power,2024-06-03 09:00:00,-1.3878673573080428e-10
NLD,power,2024-06-03 10:00:00,-1.5429881334498982e-10
NLD,power,2024-06-03 11:00:00,0.0
NLD,power,2024-06-03 12:00:00,0.0
NLD,power,2024-06-03 13:00:00,-1.4789442932289278e-10
NLD,power,2024-06-03 14:00:00,-1.3453416480525107e-10
NLD,power,2024-06-03 15:00:00,-1.2098347342686957e-10
NLD,power,2024-06-03 16:00:00,-1.1242227560756955e-10
NLD,power,2024-06-03 17:00:00,2.509995057802649e-09
NLD,power,2024-06-03 18:00:00,0.02288182252997353
NLD,power,2024-06-03 19:00:00,0.049768417887596665
NLD,power,2024-06-03 20:00:00,0.04976841891243804
NLD,power,2024-06-03 21:00:00,0.04976841947993114
NLD,power,2024-06-03 22:00:00,0.04976841910044971
NLD,power,2024-06-03 23:00:00,0.04976840322844817
NLD,power,2024-06-04 00:00:00,0.0076273340012185855
NLD,power,2024-06-04 01:00:00,0.007627279707491874
NLD,power,2024-06-04 02:00:00,0.007627275295600656
NLD,power,2024-06-04 03:00:00,0.007627275004110429
NLD,power,2024-06-04 04:00:00,0.007627278483900631
NLD,power,2024-06-04 05:00:00,0.00762729107608404
NLD,power,2024-06-04 06:00:00,0.015254548438435312
NLD,power,2024-06-04 07:00:00,2.686404557900631e-09
NLD,power,2024-06-04 08:00:00,-1.112852211539872e-10
NLD,power,2024-06-04 09:00:00,-1.3036458405532935e-10
NLD,power,2024-06-04 10:00:00,-1.4743776897192022e-10
NLD,power,2024-06-04 11:00:00,0.0
NLD,power,2024-06-04 12:00:00,-1.5302414898264646e-10
NLD,power,2024-06-04 13:00:00,-1.4434528806510453e-10
NLD,power,2024-06-04 14:00:00,-1.3114587414234071e-10
NLD,power,2024-06-04 15:00:00,-1.1942543949943954e-10
NLD,power,2024-06-04 16:00:00,-1.0979390879349931e-10
NLD,power,2024-06-04 17:00:00,0.022881769207023887
NLD,power,2024-06-04 18:00:00,0.04976841944942772
NLD,power,2024-06-04 19:00:00,0.04976842047086082
NLD,power,2024-06-04 20:00:00,0.04976842062884763
NLD,power,2024-06-04 21:00:00,0.049768420733176034
NLD,power,2024-06-04 22:00:00,0.04976842062329479
NLD,power,2024-06-04 23:00:00,0.049768420251232307
NLD,power,2024-06-05 00:00:00,0.04976841980762408
NLD,power,2024-06-05 01:00:00,0.049768419182671796
NLD,power,2024-06-05 02:00:00,0.049768418376317874
NLD,power,2024-06-05 03:00:00,0.049768417573060005
NLD,power,2024-06-05 04:00:00,0.049768417640829364
NLD,power,2024-06-05 05:00:00,0.04976840465200204
NLD,power,2024-06-05 06:00:00,0.022881813794060454
NLD,power,2024-06-05 07:00:00,2.5654143710493964e-09
NLD,power,2024-06-05 08:00:00,-1.1239689348314501e-10
NLD,power,2024-06-05 09:00:00,-1.2472302139393827e-10
NLD,power,2024-06-05 10:00:00,-1.401176093908392e-10
NLD,power,2024-06-05 11:00:00,-1.481499625560195e-10
NLD,power,2024-06-05 12:00:00,-1.4693241806519317e-10
NLD,power,2024-06-05 13:00:00,-1.358791172258314e-10
NLD,power,2024-06-05 14:00:00,-1.2452204288023637e-10
NLD,power,2024-06-05 15:00:00,-1.171337293865013e-10
NLD,power,2024-06-05 16:00:00,1.1388221622040837e-09
NLD,power,2024-06-05 17:00:00,0.030509029896283946
NLD,power,2024-06-05 18:00:00,0.04976841997884179
NLD,power,2024-06-05 19:00:00,0.04976842049983694
NLD,power,2024-06-05 20:00:00,0.04976842052714405
NLD,power,2024-06-05 21:00:00,0.049768420594531584
NLD,power,2024-06-05 22:00:00,0.049768420451133916
NLD,power,2024-06-05 23:00:00,0.04976841981424331
NLD,power,2024-06-06 00:00:00,0.04976841787834905
NLD,power,2024-06-06 01:00:00,0.00762732929410452
NLD,power,2024-06-06 02:00:00,0.007627273304385141
NLD,power,2024-06-06 03:00:00,0.007627274670502109
NLD,power,2024-06-06 04:00:00,0.007627274116252632
NLD,power,2024-06-06 05:00:00,0.007627274777766326
NLD,power,2024-06-06 06:00:00,0.015254556560025027
NLD,power,2024-06-06 07:00:00,2.1964463553004157e-09
NLD,power,2024-06-06 08:00:00,-1.1390928247343047e-10
NLD,power,2024-06-06 09:00:00,-1.2926125516634037e-10
NLD,power,2024-06-06 10:00:00,-1.4287556818534352e-10
NLD,power,2024-06-06 11:00:00,-1.5170505635164464e-10
NLD,power,2024-06-06 12:00:00,-1.4781864941218643e-10
NLD,power,2024-06-06 13:00:00,-1.3330560033705715e-10
NLD,power,2024-06-06 14:00:00,-1.201470085419804e-10
NLD,power,2024-06-06 15:00:00,-1.0955220168435043e-10
NLD,power,2024-06-06 16:00:00,-1.0534442602978665e-10
NLD,power,2024-06-06 17:00:00,8.225555731910672e-09
NLD,power,2024-06-06 18:00:00,0.022881826495074902
NLD,power,2024-06-06 19:00:00,0.04976841932299226
NLD,power,2024-06-06 20:00:00,0.04976842000279834
NLD,power,2024-06-06 21:00:00,0.04976842025559785
NLD,power,2024-06-06 22:00:00,0.04976841992161855
NLD,power,2024-06-06 23:00:00,0.04976841577590193
NLD,power,2024-06-07 00:00:00,0.04976841257515103
NLD,power,2024-06-07 01:00:00,0.007627278444087219
NLD,power,2024-06-07 02:00:00,0.00762727305173158
NLD,power,2024-06-07 03:00:00,0.007627270355225914
NLD,power,2024-06-07 04:00:00,0.00762727312475928
NLD,power,2024-06-07 05:00:00,0.007627272017079781
NLD,power,2024-06-07 06:00:00,0.015254530226190563
NLD,power,2024-06-07 07:00:00,1.506747708132908e-08
NLD,power,2024-06-07 08:00:00,-1.0880787432224926e-10
NLD,power,2024-06-07 09:00:00,-1.2300210772459362e-10
NLD,power,2024-06-07 10:00:00,-1.3719292459726863e-10
NLD,power,2024-06-07 11:00:00,-1.47408096480343e-10
NLD,power,2024-06-07 12:00:00,-1.470805092478557e-10
NLD,power,2024-06-07 13:00:00,-1.3917419445754635e-10
NLD,power,2024-06-07 14:00:00,-1.3192508906188064e-10
NLD,power,2024-06-07 15:00:00,-1.2507211507938956e-10
NLD,power,2024-06-07 16:00:00,-1.168839767616072e-10
NLD,power,2024-06-07 17:00:00,-1.100465435639775e-10
NLD,power,2024-06-07 18:00:00,2.771390803363122e-09
NLD,power,2024-06-07 19:00:00,0.022881831830756094
NLD,power,2024-06-07 20:00:00,0.0497683897121331
NLD,power,2024-06-07 21:00:00,0.04976841825442769
NLD,power,2024-06-07 22:00:00,0.04976841788623831
NLD,power,2024-06-07 23:00:00,0.007627332293452026
NLD,power,2024-06-08 00:00:00,0.007627279704865362
NLD,power,2024-06-08 01:00:00,0.007627274875076016
NLD,power,2024-06-08 02:00:00,0.0076272724191700884
NLD,power,2024-06-08 03:00:00,0.0076272729129184475
NLD,power,2024-06-08 04:00:00,0.007627274687215292
NLD,power,2024-06-08 05:00:00,0.01525453410538489
NLD,power,2024-06-08 06:00:00,4.8377555607896315e-08
NLD,power,2024-06-08 07:00:00,-1.0590987856477937e-10
NLD,power,2024-06-08 08:00:00,-1.1404524174771386e-10
NLD,power,2024-06-08 09:00:00,-1.1965355118015677e-10
NLD,power,2024-06-08 10:00:00,-1.2625520257038999e-10
NLD,power,2024-06-08 11:00:00,-1.337986812602562e-10
NLD,power,2024-06-08 12:00:00,-1.413034262525214e-10
NLD,power,2024-06-08 13:00:00,-1.4205208535333746e-10
NLD,power,2024-06-08 14:00:00,-1.38365499993596e-10
NLD,power,2024-06-08 15:00:00,-1.275507589383837e-10
NLD,power,2024-06-08 16:00:00,-1.1394223275519482e-10
NLD,power,2024-06-08 17:00:00,-1.0437224892102563e-10
NLD,power,2024-06-08 18:00:00,1.0921802677517004e-08
NLD,power,2024-06-08 19:00:00,0.01525454865702224
NLD,power,2024-06-08 20:00:00,0.007627275636554505
NLD,power,2024-06-08 21:00:00,0.007627279125632085
NLD,power,2024-06-08 22:00:00,0.022881801376216454
NLD,power,2024-06-08 23:00:00,9.054494408914726e-09
NLD,power,2024-06-09 00:00:00,5.226887716740286e-09
NLD,power,2024-06-09 01:00:00,-1.0500704760707022e-10
NLD,power,2024-06-09 02:00:00,-1.0872059483321338e-10
NLD,power,2024-06-09 03:00:00,-1.0980051108708259e-10
NLD,power,2024-06-09 04:00:00,-1.113942250845644e-10
NLD,power,2024-06-09 05:00:00,-1.1334312101684567e-10
NLD,power,2024-06-09 06:00:00,-1.2882786252996048e-10
NLD,power,2024-06-09 07:00:00,-1.5791958810032248e-10
NLD,power,2024-06-09 08:00:00,0.0
NLD,power,2024-06-09 09:00:00,0.0
NLD,power,2024-06-09 10:00:00,0.0
NLD,power,2024-06-09 11:00:00,0.0
NLD,power,2024-06-09 12:00:00,0.0
NLD,power,2024-06-09 13:00:00,0.0
NLD,power,2024-06-09 14:00:00,0.0
NLD,power,2024-06-09 15:00:00,0.0
NLD,power,2024-06-09 16:00:00,-1.504738488988917e-10
NLD,power,2024-06-09 17:00:00,-1.2544801110244693e-10
NLD,power,2024-06-09 18:00:00,-1.0808734664516592e-10
NLD,power,2024-06-09 19:00:00,0.007627254838500067
NLD,power,2024-06-09 20:00:00,0.007627275253442975
NLD,power,2024-06-09 21:00:00,0.007627280459365988
NLD,power,2024-06-09 22:00:00,0.007627285280420255
NLD,power,2024-06-09 23:00:00,0.00762726748865518
NLD,power,2024-06-10 00:00:00,0.007627267998170843
NLD,power,2024-06-10 01:00:00,0.007627264558769837
NLD,power,2024-06-10 02:00:00,0.007620482922933219
NLD,power,2024-06-10 03:00:00,0.007604190883029437
NLD,power,2024-06-10 04:00:00,0.007627262681841104
NLD,power,2024-06-10 05:00:00,-1.0009782161313196e-10
NLD,power,2024-06-10 06:00:00,-1.0374994086778062e-10
NLD,power,2024-06-10 07:00:00,-1.0998272185587585e-10
NLD,power,2024-06-10 08:00:00,-1.1959686343212824e-10
NLD,power,2024-06-10 09:00:00,-1.3204056043977006e-10
NLD,power,2024-06-10 10:00:00,-1.4266622407161851e-10
NLD,power,2024-06-10 11:00:00,-1.503028612473219e-10
NLD,power,2024-06-10 12:00:00,-1.4835811695478172e-10
NLD,power,2024-06-10 13:00:00,-1.4224179336900058e-10
NLD,power,2024-06-10 14:00:00,-1.3191985911235361e-10
NLD,power,2024-06-10 15:00:00,-1.2242200374034084e-10
NLD,power,2024-06-10 16:00:00,-1.1300247823335667e-10
NLD,power,2024-06-10 17:00:00,1.4337645930123017e-09
NLD,power,2024-06-10 18:00:00,4.014602649184605e-09
NLD,power,2024-06-10 19:00:00,0.030509147306705883
NLD,power,2024-06-10 20:00:00,0.04976841674691942
NLD,power,2024-06-10 21:00:00,0.04976841869205349
NLD,power,2024-06-10 22:00:00,0.049768416856961574
NLD,power,2024-06-10 23:00:00,0.007627276101292623
NLD,power,2024-06-11 00:00:00,0.007627272464142708
NLD,power,2024-06-11 01:00:00,0.007627271765164465
NLD,power,2024-06-11 02:00:00,0.007627271939392899
NLD,power,2024-06-11 03:00:00,0.007627271814562657
NLD,power,2024-06-11 04:00:00,0.007627274230216673
NLD,power,2024-06-11 05:00:00,0.015254535574257416
NLD,power,2024-06-11 06:00:00,8.748614630217577e-09
NLD,power,2024-06-11 07:00:00,-1.0512625380923876e-10
NLD,power,2024-06-11 08:00:00,-1.1591547654855175e-10
NLD,power,2024-06-11 09:00:00,-1.3024217226341752e-10
NLD,power,2024-06-11 10:00:00,-1.4434399139011769e-10
NLD,power,2024-06-11 11:00:00,-1.5112897993419207e-10
NLD,power,2024-06-11 12:00:00,0.0
NLD,power,2024-06-11 13:00:00,-1.487566918725832e-10
NLD,power,2024-06-11 14:00:00,-1.4050716863359314e-10
NLD,power,2024-06-11 15:00:00,-1.295226739991214e-10
NLD,power,2024-06-11 16:00:00,-1.1693795862260865e-10
NLD,power,2024-06-11 17:00:00,1.3116221265036468e-09
NLD,power,2024-06-11 18:00:00,6.778257552472623e-09
NLD,power,2024-06-11 19:00:00,0.049768409056960526
NLD,power,2024-06-11 20:00:00,0.049768417778966324
NLD,power,2024-06-11 21:00:00,0.049768418895593206
NLD,power,2024-06-11 22:00:00,0.049768417479731326
NLD,power,2024-06-11 23:00:00,0.0076272760708595575
NLD,power,2024-06-12 00:00:00,0.007627273265186788
NLD,power,2024-06-12 01:00:00,0.007627272058594235
NLD,power,2024-06-12 02:00:00,0.007627272903889835
NLD,power,2024-06-12 03:00:00,0.007627271932398271
NLD,power,2024-06-12 04:00:00,0.007627274231416671
NLD,power,2024-06-12 05:00:00,0.015254529135837731
NLD,power,2024-06-12 06:00:00,9.855372152667422e-09
NLD,power,2024-06-12 07:00:00,-1.0800065761590136e-10
NLD,power,2024-06-12 08:00:00,-1.2025079679478878e-10
NLD,power,2024-06-12 09:00:00,-1.3440210229227683e-10
NLD,power,2024-06-12 10:00:00,-1.4695434023005143e-10
NLD,power,2024-06-12 11:00:00,0.0
NLD,power,2024-06-12 12:00:00,0.0
NLD,power,2024-06-12 13:00:00,-1.477843989657635e-10
NLD,power,2024-06-12 14:00:00,-1.4083164485932636e-10
NLD,power,2024-06-12 15:00:00,-1.2978944702484294e-10
NLD,power,2024-06-12 16:00:00,-1.196262792382228e-10
NLD,power,2024-06-12 17:00:00,-1.1210543891640818e-10
NLD,power,2024-06-12 18:00:00,2.639756302071104e-09
NLD,power,2024-06-12 19:00:00,0.04976839616796079
NLD,power,2024-06-12 20:00:00,0.04976841801524909
NLD,power,2024-06-12 21:00:00,0.04976841919936134
NLD,power,2024-06-12 22:00:00,0.04976841829876978
NLD,power,2024-06-12 23:00:00,0.007627310769335809
NLD,power,2024-06-13 00:00:00,0.007627276090586156
NLD,power,2024-06-13 01:00:00,0.0076272752652918295
NLD,power,2024-06-13 02:00:00,0.0076272739207530185
NLD,power,2024-06-13 03:00:00,0.007627274277759485
NLD,power,2024-06-13 04:00:00,0.0076272762821914895
NLD,power,2024-06-13 05:00:00,0.007627283462404112
NLD,power,2024-06-13 06:00:00,0.015254526679574755
NLD,power,2024-06-13 07:00:00,-1.0431370045785043e-10
NLD,power,2024-06-13 08:00:00,-1.2009357924423606e-10
NLD,power,2024-06-13 09:00:00,-1.4614043099401687e-10
NLD,power,2024-06-13 10:00:00,-1.7310808218797478e-10
NLD,power,2024-06-13 11:00:00,0.0
NLD,power,2024-06-13 12:00:00,0.0
NLD,power,2024-06-13 13:00:00,0.0
NLD,power,2024-06-13 14:00:00,0.0
NLD,power,2024-06-13 15:00:00,-1.4913392040450866e-10
NLD,power,2024-06-13 16:00:00,-1.3051027961688758e-10
NLD,power,2024-06-13 17:00:00,-1.1193653357896171e-10
NLD,power,2024-06-13 18:00:00,0.022881810691135082
NLD,power,2024-06-13 19:00:00,0.049768419495161614
NLD,power,2024-06-13 20:00:00,0.049768420067518145
NLD,power,2024-06-13 21:00:00,0.049768420252301486
NLD,power,2024-06-13 22:00:00,0.04976841999926436
NLD,power,2024-06-13 23:00:00,0.049768417230785476
NLD,power,2024-06-14 00:00:00,0.007627286624205602
NLD,power,2024-06-14 01:00:00,0.007627273478603591
NLD,power,2024-06-14 02:00:00,0.007627272526682135
NLD,power,2024-06-14 03:00:00,0.007627272799275512
NLD,power,2024-06-14 04:00:00,0.0076272745774564445
NLD,power,2024-06-14 05:00:00,0.007627273467928354
NLD,power,2024-06-14 06:00:00,0.015254529002079664
NLD,power,2024-06-14 07:00:00,-1.0560996797710136e-10
NLD,power,2024-06-14 08:00:00,-1.2422812676078392e-10
NLD,power,2024-06-14 09:00:00,-1.5110599341782512e-10
NLD,power,2024-06-14 10:00:00,0.0
NLD,power,2024-06-14 11:00:00,0.0
NLD,power,2024-06-14 12:00:00,0.0
NLD,power,2024-06-14 13:00:00,0.0
NLD,power,2024-06-14 14:00:00,0.0
NLD,power,2024-06-14 15:00:00,0.0
NLD,power,2024-06-14 16:00:00,-1.4784816717709766e-10
NLD,power,2024-06-14 17:00:00,-1.2153203132955432e-10
NLD,power,2024-06-14 18:00:00,1.9106200746727316e-09
NLD,power,2024-06-14 19:00:00,0.022881814499248067
NLD,power,2024-06-14 20:00:00,0.00762727948070183
NLD,power,2024-06-14 21:00:00,0.00762728042952084
NLD,power,2024-06-14 22:00:00,0.007627277305949833
NLD,power,2024-06-14 23:00:00,0.007627271125082993
NLD,power,2024-06-15 00:00:00,0.0076272735668069915
NLD,power,2024-06-15 01:00:00,0.0076272724824084865
NLD,power,2024-06-15 02:00:00,0.007627270036184217
NLD,power,2024-06-15 03:00:00,0.007627271187979006
NLD,power,2024-06-15 04:00:00,0.007627275498812168
NLD,power,2024-06-15 05:00:00,0.007627277181585038
NLD,power,2024-06-15 06:00:00,-1.0497366849655014e-10
NLD,power,2024-06-15 07:00:00,-1.2457538645469866e-10
NLD,power,2024-06-15 08:00:00,-1.4842270129423597e-10
NLD,power,2024-06-15 09:00:00,0.0
NLD,power,2024-06-15 10:00:00,0.0
NLD,power,2024-06-15 11:00:00,0.0
NLD,power,2024-06-15 12:00:00,0.0
NLD,power,2024-06-15 13:00:00,0.0
NLD,power,2024-06-15 14:00:00,0.0
NLD,power,2024-06-15 15:00:00,-1.7505352565899372e-10
NLD,power,2024-06-15 16:00:00,-1.43794515871176e-10
NLD,power,2024-06-15 17:00:00,-1.165613051411997e-10
NLD,power,2024-06-15 18:00:00,2.2152424834860635e-09
NLD,power,2024-06-15 19:00:00,0.015254594355731498
NLD,power,2024-06-15 20:00:00,0.007627271784933633
NLD,power,2024-06-15 21:00:00,0.04976833910980373
NLD,power,2024-06-15 22:00:00,0.049768415729699624
NLD,power,2024-06-15 23:00:00,0.007627296782914203
NLD,power,2024-06-16 00:00:00,0.00762727609017516
NLD,power,2024-06-16 01:00:00,0.007627272370995581
NLD,power,2024-06-16 02:00:00,0.0076272722318365994
NLD,power,2024-06-16 03:00:00,0.007627272276992188
NLD,power,2024-06-16 04:00:00,0.007627274828800036
NLD,power,2024-06-16 05:00:00,0.007627323882920424
NLD,power,2024-06-16 06:00:00,-1.0313101517091796e-10
NLD,power,2024-06-16 07:00:00,-1.23469274861575e-10
NLD,power,2024-06-16 08:00:00,-1.5838828754164273e-10
NLD,power,2024-06-16 09:00:00,0.0
NLD,power,2024-06-16 10:00:00,0.0
NLD,power,2024-06-16 11:00:00,0.0
NLD,power,2024-06-16 12:00:00,0.0
NLD,power,2024-06-16 13:00:00,0.0
NLD,power,2024-06-16 14:00:00,0.0
NLD,power,2024-06-16 15:00:00,-1.779699552139948e-10
NLD,power,2024-06-16 16:00:00,-1.4415461534755704e-10
NLD,power,2024-06-16 17:00:00,-1.1861841317828527e-10
NLD,power,2024-06-16 18:00:00,1.9756547881777823e-09
NLD,power,2024-06-16 19:00:00,0.022881813921522092
NLD,power,2024-06-16 20:00:00,0.007627289378081281
NLD,power,2024-06-16 21:00:00,0.04976841764822445
NLD,power,2024-06-16 22:00:00,0.04976841851372427
NLD,power,2024-06-16 23:00:00,0.007627288809346859
NLD,power,2024-06-17 00:00:00,0.007627269876927706
NLD,power,2024-06-17 01:00:00,0.007627271347062519
NLD,power,2024-06-17 02:00:00,0.007627271750972811
NLD,power,2024-06-17 03:00:00,0.00762727202187827
NLD,power,2024-06-17 04:00:00,0.007627274513027116
NLD,power,2024-06-17 05:00:00,0.007627273536959635
NLD,power,2024-06-17 06:00:00,0.00762727454225243
NLD,power,2024-06-17 07:00:00,-1.0482506725021476e-10
NLD,power,2024-06-17 08:00:00,-1.210602971552842e-10
NLD,power,2024-06-17 09:00:00,-1.4004164994565565e-10
NLD,power,2024-06-17 10:00:00,-1.5959082130854038e-10
NLD,power,2024-06-17 11:00:00,0.0
NLD,power,2024-06-17 12:00:00,0.0
NLD,power,2024-06-17 13:00:00,0.0
NLD,power,2024-06-17 14:00:00,-1.5172880125542347e-10
NLD,power,2024-06-17 15:00:00,-1.363055762018425e-10
NLD,power,2024-06-17 16:00:00,-1.2363613880275674e-10
NLD,power,2024-06-17 17:00:00,1.0192886296649765e-09
NLD,power,2024-06-17 18:00:00,0.02288182757831513
NLD,power,2024-06-17 19:00:00,0.04976841963595948
NLD,power,2024-06-17 20:00:00,0.049768420195641504
NLD,power,2024-06-17 21:00:00,0.04976842029700645
NLD,power,2024-06-17 22:00:00,0.04976842008262487
NLD,power,2024-06-17 23:00:00,0.04976841893197977
NLD,power,2024-06-18 00:00:00,0.04976841666931761
NLD,power,2024-06-18 01:00:00,0.049768403785447696
NLD,power,2024-06-18 02:00:00,0.007627289218460821
NLD,power,2024-06-18 03:00:00,0.007627279712867143
NLD,power,2024-06-18 04:00:00,0.007627276024967192
NLD,power,2024-06-18 05:00:00,0.007627275733967154
NLD,power,2024-06-18 06:00:00,0.007627424649561659
NLD,power,2024-06-18 07:00:00,0.015254388065655279
NLD,power,2024-06-18 08:00:00,-1.0423500147175087e-10
NLD,power,2024-06-18 09:00:00,-1.163520498436502e-10
NLD,power,2024-06-18 10:00:00,-1.329645499938885e-10
NLD,power,2024-06-18 11:00:00,-1.4907951989760496e-10
NLD,power,2024-06-18 12:00:00,0.0
NLD,power,2024-06-18 13:00:00,0.0
NLD,power,2024-06-18 14:00:00,-1.4864374468585423e-10
NLD,power,2024-06-18 15:00:00,-1.3374357576758545e-10
NLD,power,2024-06-18 16:00:00,-1.2240401404322532e-10
NLD,power,2024-06-18 17:00:00,-1.1050044391368665e-10
NLD,power,2024-06-18 18:00:00,0.022881819911992583
NLD,power,2024-06-18 19:00:00,0.0497684198159532
NLD,power,2024-06-18 20:00:00,0.04976842019395914
NLD,power,2024-06-18 21:00:00,0.04976842032193723
NLD,power,2024-06-18 22:00:00,0.04976842008316444
NLD,power,2024-06-18 23:00:00,0.04976841806677468
NLD,power,2024-06-19 00:00:00,0.007627319962022488
NLD,power,2024-06-19 01:00:00,0.007627275832852642
NLD,power,2024-06-19 02:00:00,0.007627273862011492
NLD,power,2024-06-19 03:00:00,0.007627274373695352
NLD,power,2024-06-19 04:00:00,0.007627277204664623
NLD,power,2024-06-19 05:00:00,0.02288177462186979
NLD,power,2024-06-19 06:00:00,4.2991750681880354e-08
NLD,power,2024-06-19 07:00:00,5.2125934681881056e-09
NLD,power,2024-06-19 08:00:00,-1.0800429892471873e-10
NLD,power,2024-06-19 09:00:00,-1.198299994793692e-10
NLD,power,2024-06-19 10:00:00,-1.3172583299474553e-10
NLD,power,2024-06-19 11:00:00,-1.3889281749350716e-10
NLD,power,2024-06-19 12:00:00,-1.3849235986207257e-10
NLD,power,2024-06-19 13:00:00,-1.3093961947193816e-10
NLD,power,2024-06-19 14:00:00,-1.2269370432375667e-10
NLD,power,2024-06-19 15:00:00,-1.1449528838377684e-10
NLD,power,2024-06-19 16:00:00,1.269277412921053e-09
NLD,power,2024-06-19 17:00:00,0.022881808741351033
NLD,power,2024-06-19 18:00:00,0.049768419415554405
NLD,power,2024-06-19 19:00:00,0.04976842038600565
NLD,power,2024-06-19 20:00:00,0.04976842041389874
NLD,power,2024-06-19 21:00:00,0.049768420404314014
NLD,power,2024-06-19 22:00:00,0.049768420184387055
NLD,power,2024-06-19 23:00:00,0.04976841827401524
NLD,power,2024-06-20 00:00:00,0.007627289874563581
NLD,power,2024-06-20 01:00:00,0.007627272168333564
NLD,power,2024-06-20 02:00:00,0.007627272805454238
NLD,power,2024-06-20 03:00:00,0.007627273270915595
NLD,power,2024-06-20 04:00:00,0.007627273495100222
NLD,power,2024-06-20 05:00:00,0.007627291529464137
NLD,power,2024-06-20 06:00:00,0.015254495465523996
NLD,power,2024-06-20 07:00:00,-1.0180101473074741e-10
NLD,power,2024-06-20 08:00:00,-1.1216537460779088e-10
NLD,power,2024-06-20 09:00:00,-1.246861324460486e-10
NLD,power,2024-06-20 10:00:00,-1.32809996416585e-10
NLD,power,2024-06-20 11:00:00,-1.3652210126247522e-10
NLD,power,2024-06-20 12:00:00,-1.3411899978672806e-10
NLD,power,2024-06-20 13:00:00,-1.2772313487742202e-10
NLD,power,2024-06-20 14:00:00,-1.2335529191914296e-10
NLD,power,2024-06-20 15:00:00,-1.1861273841422742e-10
NLD,power,2024-06-20 16:00:00,-1.1631955512648383e-10
NLD,power,2024-06-20 17:00:00,1.1862932014521477e-09
NLD,power,2024-06-20 18:00:00,0.030509070268476105
NLD,power,2024-06-20 19:00:00,0.04976841979719308
NLD,power,2024-06-20 20:00:00,0.04976842008440404
NLD,power,2024-06-20 21:00:00,0.049768420173827925
NLD,power,2024-06-20 22:00:00,0.049768420005026154
NLD,power,2024-06-20 23:00:00,0.04976841866462371
NLD,power,2024-06-21 00:00:00,0.04976841292913265
NLD,power,2024-06-21 01:00:00,0.0076272806597009225
NLD,power,2024-06-21 02:00:00,0.007627274428368267
NLD,power,2024-06-21 03:00:00,0.007627274399350395
NLD,power,2024-06-21 04:00:00,0.007627277025653458
NLD,power,2024-06-21 05:00:00,0.022881802633192474
NLD,power,2024-06-21 06:00:00,1.552180495017525e-08
NLD,power,2024-06-21 07:00:00,-1.0771564488603276e-10
NLD,power,2024-06-21 08:00:00,-1.2234347775892123e-10
NLD,power,2024-06-21 09:00:00,-1.4247401286420934e-10
NLD,power,2024-06-21 10:00:00,-1.604237197696581e-10
NLD,power,2024-06-21 11:00:00,0.0
NLD,power,2024-06-21 12:00:00,0.0
NLD,power,2024-06-21 13:00:00,0.0
NLD,power,2024-06-21 14:00:00,-1.4972018260915776e-10
NLD,power,2024-06-21 15:00:00,-1.346226648814986e-10
NLD,power,2024-06-21 16:00:00,-1.214357961707955e-10
NLD,power,2024-06-21 17:00:00,1.4548283732979848e-09
NLD,power,2024-06-21 18:00:00,0.049768418292708276
NLD,power,2024-06-21 19:00:00,0.04976842045700799
NLD,power,2024-06-21 20:00:00,0.04976842055143484
NLD,power,2024-06-21 21:00:00,0.04976842061495818
NLD,power,2024-06-21 22:00:00,0.04976842057807543
NLD,power,2024-06-21 23:00:00,0.04976842027922882
NLD,power,2024-06-22 00:00:00,0.04976841964199189
NLD,power,2024-06-22 01:00:00,0.049768416744729205
NLD,power,2024-06-22 02:00:00,0.0076272835307629305
NLD,power,2024-06-22 03:00:00,0.007627275231754557
NLD,power,2024-06-22 04:00:00,0.007627279453161433
NLD,power,2024-06-22 05:00:00,0.015254541744854185
NLD,power,2024-06-22 06:00:00,3.3075842650418555e-09
NLD,power,2024-06-22 07:00:00,-1.1507172945782545e-10
NLD,power,2024-06-22 08:00:00,-1.3514012227397154e-10
NLD,power,2024-06-22 09:00:00,-1.5643095276828352e-10
NLD,power,2024-06-22 10:00:00,0.0
NLD,power,2024-06-22 11:00:00,0.0
NLD,power,2024-06-22 12:00:00,0.0
NLD,power,2024-06-22 13:00:00,0.0
NLD,power,2024-06-22 14:00:00,-1.6042332189374942e-10
NLD,power,2024-06-22 15:00:00,-1.4086383319324428e-10
NLD,power,2024-06-22 16:00:00,-1.237422515983939e-10
NLD,power,2024-06-22 17:00:00,-1.10582584959656e-10
NLD,power,2024-06-22 18:00:00,3.4495255372451707e-09
NLD,power,2024-06-22 19:00:00,0.02288181563894463
NLD,power,2024-06-22 20:00:00,0.007627276886615493
NLD,power,2024-06-22 21:00:00,0.007627353173178051
NLD,power,2024-06-22 22:00:00,0.0076272937230819765
NLD,power,2024-06-22 23:00:00,0.007627277802872231
NLD,power,2024-06-23 00:00:00,0.0076272665438764375
NLD,power,2024-06-23 01:00:00,0.00762726898265583
NLD,power,2024-06-23 02:00:00,0.007627268946463017
NLD,power,2024-06-23 03:00:00,0.007627268487240357
NLD,power,2024-06-23 04:00:00,0.00762726853209211
NLD,power,2024-06-23 05:00:00,-1.0057538636023286e-10
NLD,power,2024-06-23 06:00:00,-1.1298362692718387e-10
NLD,power,2024-06-23 07:00:00,-1.3371770290038052e-10
NLD,power,2024-06-23 08:00:00,-1.5956174784758832e-10
NLD,power,2024-06-23 09:00:00,0.0
NLD,power,2024-06-23 10:00:00,0.0
NLD,power,2024-06-23 11:00:00,0.0
NLD,power,2024-06-23 12:00:00,0.0
NLD,power,2024-06-23 13:00:00,0.0
NLD,power,2024-06-23 14:00:00,0.0
NLD,power,2024-06-23 15:00:00,-1.7180542008678977e-10
NLD,power,2024-06-23 16:00:00,-1.4518740223838257e-10
NLD,power,2024-06-23 17:00:00,-1.2145950340243432e-10
NLD,power,2024-06-23 18:00:00,-1.0485943720992804e-10
NLD,power,2024-06-23 19:00:00,0.013429081298036293
NLD,power,2024-06-23 20:00:00,0.00762727477689823
NLD,power,2024-06-23 21:00:00,0.007627273926750691
NLD,power,2024-06-23 22:00:00,0.007627279051168523
NLD,power,2024-06-23 23:00:00,0.007627274366100845
NLD,power,2024-06-24 00:00:00,0.007627272119561684
NLD,power,2024-06-24 01:00:00,0.007627272751282554
NLD,power,2024-06-24 02:00:00,0.00762727234254396
NLD,power,2024-06-24 03:00:00,0.007627271656496228
NLD,power,2024-06-24 04:00:00,0.0076272738959877835
NLD,power,2024-06-24 05:00:00,0.01525452937696921
NLD,power,2024-06-24 06:00:00,9.824580974272128e-09
NLD,power,2024-06-24 07:00:00,-1.1198230542234114e-10
NLD,power,2024-06-24 08:00:00,-1.2665807859647962e-10
NLD,power,2024-06-24 09:00:00,-1.4032917997096693e-10
NLD,power,2024-06-24 10:00:00,-1.5172320948862454e-10
NLD,power,2024-06-24 11:00:00,0.0
NLD,power,2024-06-24 12:00:00,0.0
NLD,power,2024-06-24 13:00:00,-1.4735266820553342e-10
NLD,power,2024-06-24 14:00:00,-1.3489756863127122e-10
NLD,power,2024-06-24 15:00:00,-1.2424314999751716e-10
NLD,power,2024-06-24 16:00:00,-1.1602570045627731e-10
NLD,power,2024-06-24 17:00:00,1.8053516436263474e-09
NLD,power,2024-06-24 18:00:00,0.030509090598213145
NLD,power,2024-06-24 19:00:00,0.0497684189116961
NLD,power,2024-06-24 20:00:00,0.04976841947917891
NLD,power,2024-06-24 21:00:00,0.04976841981972372
NLD,power,2024-06-24 22:00:00,0.04976841974603509
NLD,power,2024-06-24 23:00:00,0.04976841835866197
NLD,power,2024-06-25 00:00:00,0.049768402334696746
NLD,power,2024-06-25 01:00:00,0.0076272755617287245
NLD,power,2024-06-25 02:00:00,0.0076272729807596185
NLD,power,2024-06-25 03:00:00,0.007627274231859234
NLD,power,2024-06-25 04:00:00,0.00762727761999993
NLD,power,2024-06-25 05:00:00,0.007627279329618977
NLD,power,2024-06-25 06:00:00,0.015254541542303358
NLD,power,2024-06-25 07:00:00,3.1593587781598748e-09
NLD,power,2024-06-25 08:00:00,-1.0939869690364155e-10
NLD,power,2024-06-25 09:00:00,-1.2081900589071162e-10
NLD,power,2024-06-25 10:00:00,-1.316045984959721e-10
NLD,power,2024-06-25 11:00:00,-1.367462833889279e-10
NLD,power,2024-06-25 12:00:00,-1.349071037439696e-10
NLD,power,2024-06-25 13:00:00,-1.2731638372000444e-10
NLD,power,2024-06-25 14:00:00,-1.1959796055964982e-10
NLD,power,2024-06-25 15:00:00,-1.1433148531472015e-10
NLD,power,2024-06-25 16:00:00,1.597837856545908e-09
NLD,power,2024-06-25 17:00:00,0.04976841288519064
NLD,power,2024-06-25 18:00:00,0.049768420159106465
NLD,power,2024-06-25 19:00:00,0.04976842048447541
NLD,power,2024-06-25 20:00:00,0.04976842043721825
NLD,power,2024-06-25 21:00:00,0.04976842048975382
NLD,power,2024-06-25 22:00:00,0.049768420444786333
NLD,power,2024-06-25 23:00:00,0.049768420000405364
NLD,power,2024-06-26 00:00:00,0.049768419196057755
NLD,power,2024-06-26 01:00:00,0.04976841696587467
NLD,power,2024-06-26 02:00:00,0.04976839807380752
NLD,power,2024-06-26 03:00:00,0.049768353857719216
NLD,power,2024-06-26 04:00:00,0.04976839466339699
NLD,power,2024-06-26 05:00:00,0.007627297223324071
NLD,power,2024-06-26 06:00:00,0.022881785705244285
NLD,power,2024-06-26 07:00:00,4.516199878451999e-09
NLD,power,2024-06-26 08:00:00,-1.0624657199727261e-10
NLD,power,2024-06-26 09:00:00,-1.159145857668648e-10
NLD,power,2024-06-26 10:00:00,-1.259295883962267e-10
NLD,power,2024-06-26 11:00:00,-1.3202973146135605e-10
NLD,power,2024-06-26 12:00:00,-1.3213047250149763e-10
NLD,power,2024-06-26 13:00:00,-1.2513765127782543e-10
NLD,power,2024-06-26 14:00:00,-1.1611657330208622e-10
NLD,power,2024-06-26 15:00:00,-1.119068768673587e-10
NLD,power,2024-06-26 16:00:00,1.4531161382919099e-09
NLD,power,2024-06-26 17:00:00,0.02288182342458766
NLD,power,2024-06-26 18:00:00,0.049768419795684374
NLD,power,2024-06-26 19:00:00,0.04976842044593188
NLD,power,2024-06-26 20:00:00,0.049768420591876424
NLD,power,2024-06-26 21:00:00,0.04976842070845658
NLD,power,2024-06-26 22:00:00,0.04976842070189845
NLD,power,2024-06-26 23:00:00,0.04976842046860759
NLD,power,2024-06-27 00:00:00,0.049768420109567814
NLD,power,2024-06-27 01:00:00,0.0497684193679032
NLD,power,2024-06-27 02:00:00,0.04976841657742584
NLD,power,2024-06-27 03:00:00,0.04976840686454385
NLD,power,2024-06-27 04:00:00,0.04976841449630358
NLD,power,2024-06-27 05:00:00,0.04976841527470005
NLD,power,2024-06-27 06:00:00,0.030509084821891536
NLD,power,2024-06-27 07:00:00,9.086075631245309e-09
NLD,power,2024-06-27 08:00:00,2.1385835885634106e-09
NLD,power,2024-06-27 09:00:00,-1.0861675866084383e-10
NLD,power,2024-06-27 10:00:00,-1.1906296748411713e-10
NLD,power,2024-06-27 11:00:00,-1.2985007166724355e-10
NLD,power,2024-06-27 12:00:00,-1.343049597278642e-10
NLD,power,2024-06-27 13:00:00,-1.3061558936702166e-10
NLD,power,2024-06-27 14:00:00,-1.2309868104421836e-10
NLD,power,2024-06-27 15:00:00,-1.1236318441651738e-10
NLD,power,2024-06-27 16:00:00,-1.0842031255606322e-10
NLD,power,2024-06-27 17:00:00,2.7180838738039876e-09
NLD,power,2024-06-27 18:00:00,0.030504863652896907
NLD,power,2024-06-27 19:00:00,0.04976841942238453
NLD,power,2024-06-27 20:00:00,0.04976842010085231
NLD,power,2024-06-27 21:00:00,0.049768420418407545
NLD,power,2024-06-27 22:00:00,0.04976842040777195
NLD,power,2024-06-27 23:00:00,0.04976841993689304
NLD,power,2024-06-28 00:00:00,0.04976841898592523
NLD,power,2024-06-28 01:00:00,0.0497684146192275
NLD,power,2024-06-28 02:00:00,0.007627279893623252
NLD,power,2024-06-28 03:00:00,0.007627275834282514
NLD,power,2024-06-28 04:00:00,0.007627276635748659
NLD,power,2024-06-28 05:00:00,0.007627422253985718
NLD,power,2024-06-28 06:00:00,0.0152543940016107
NLD,power,2024-06-28 07:00:00,6.582001587817257e-09
NLD,power,2024-06-28 08:00:00,-1.0645879692589254e-10
NLD,power,2024-06-28 09:00:00,-1.1890332290207134e-10
NLD,power,2024-06-28 10:00:00,-1.3246104029762978e-10
NLD,power,2024-06-28 11:00:00,-1.4041046706234577e-10
NLD,power,2024-06-28 12:00:00,-1.4162425972823635e-10
NLD,power,2024-06-28 13:00:00,-1.3622368949854437e-10
NLD,power,2024-06-28 14:00:00,-1.2827061755520533e-10
NLD,power,2024-06-28 15:00:00,-1.1970085770088914e-10
NLD,power,2024-06-28 16:00:00,-1.1020445409039972e-10
NLD,power,2024-06-28 17:00:00,2.205019425480705e-09
NLD,power,2024-06-28 18:00:00,0.022881182688125643
NLD,power,2024-06-28 19:00:00,0.04976841752163388
NLD,power,2024-06-28 20:00:00,0.049768419644132186
NLD,power,2024-06-28 21:00:00,0.049768420025698326
NLD,power,2024-06-28 22:00:00,0.04976841962196151
NLD,power,2024-06-28 23:00:00,0.04976841291190534
NLD,power,2024-06-29 00:00:00,0.007627276030634679
NLD,power,2024-06-29 01:00:00,0.007627272521032715
NLD,power,2024-06-29 02:00:00,0.007627273145275421
NLD,power,2024-06-29 03:00:00,0.007627274410065378
NLD,power,2024-06-29 04:00:00,0.007627272535404317
NLD,power,2024-06-29 05:00:00,0.0076272738099034424
NLD,power,2024-06-29 06:00:00,-1.067370937558953e-10
NLD,power,2024-06-29 07:00:00,-1.2549118433968628e-10
NLD,power,2024-06-29 08:00:00,-1.4448984309329018e-10
NLD,power,2024-06-29 09:00:00,-1.6126368154509415e-10
NLD,power,2024-06-29 10:00:00,0.0
NLD,power,2024-06-29 11:00:00,0.0
NLD,power,2024-06-29 12:00:00,0.0
NLD,power,2024-06-29 13:00:00,0.0
NLD,power,2024-06-29 14:00:00,-1.6449769366268404e-10
NLD,power,2024-06-29 15:00:00,-1.4375395615881075e-10
NLD,power,2024-06-29 16:00:00,-1.260802845283995e-10
NLD,power,2024-06-29 17:00:00,-1.1316678475254249e-10
NLD,power,2024-06-29 18:00:00,4.818643852119235e-09
NLD,power,2024-06-29 19:00:00,0.04976841817916491
NLD,power,2024-06-29 20:00:00,0.04976841977008676
NLD,power,2024-06-29 21:00:00,0.049768420174734866
NLD,power,2024-06-29 22:00:00,0.04976842019232677
NLD,power,2024-06-29 23:00:00,0.04976841966654546
NLD,power,2024-06-30 00:00:00,0.04976841754493835
NLD,power,2024-06-30 01:00:00,0.049768264680091406
NLD,power,2024-06-30 02:00:00,0.007627280494495309
NLD,power,2024-06-30 03:00:00,0.007627277189643772
NLD,power,2024-06-30 04:00:00,0.007627281552087341
NLD,power,2024-06-30 05:00:00,0.022881817849586577
NLD,power,2024-06-30 06:00:00,4.2398560268978065e-09
NLD,power,2024-06-30 07:00:00,-1.096149861716128e-10
NLD,power,2024-06-30 08:00:00,-1.1906858686029434e-10
NLD,power,2024-06-30 09:00:00,-1.3092892394872577e-10
NLD,power,2024-06-30 10:00:00,-1.399142174526371e-10
NLD,power,2024-06-30 11:00:00,-1.460815523378505e-10
NLD,power,2024-06-30 12:00:00,-1.4700859335356496e-10
NLD,power,2024-06-30 13:00:00,-1.4146920426436657e-10
NLD,power,2024-06-30 14:00:00,-1.3223179625256848e-10
NLD,power,2024-06-30 15:00:00,-1.2508170158586392e-10
NLD,power,2024-06-30 16:00:00,-1.1268769609484894e-10
NLD,power,2024-06-30 17:00:00,-1.0558797257302522e-10
NLD,power,2024-06-30 18:00:00,7.770716495989115e-09
NLD,power,2024-06-30 19:00:00,0.022881816629058138
NLD,power,2024-06-30 20:00:00,0.007627287489735771
NLD,power,2024-06-30 21:00:00,0.04976841699635122
NLD,power,2024-06-30 22:00:00,0.04976841830409568
NLD,power,2024-06-30 23:00:00,0.007627445739238385
NLD,power,2024-07-01 00:00:00,0.00762727333027555
NLD,power,2024-07-01 01:00:00,0.007627271637465538
NLD,power,2024-07-01 02:00:00,0.007627271665483418
NLD,power,2024-07-01 03:00:00,0.007627271995465303
NLD,power,2024-07-01 04:00:00,0.007627273504755661
NLD,power,2024-07-01 05:00:00,0.007627272626215409
NLD,power,2024-07-01 06:00:00,-1.0283036607433207e-10
NLD,power,2024-07-01 07:00:00,-1.1310756617478263e-10
NLD,power,2024-07-01 08:00:00,-1.2538482922841197e-10
NLD,power,2024-07-01 09:00:00,-1.3805391566949633e-10
NLD,power,2024-07-01 10:00:00,-1.508074635706377e-10
NLD,power,2024-07-01 11:00:00,0.0
NLD,power,2024-07-01 12:00:00,0.0
NLD,power,2024-07-01 13:00:00,0.0
NLD,power,2024-07-01 14:00:00,0.0
NLD,power,2024-07-01 15:00:00,-1.4644317184286702e-10
NLD,power,2024-07-01 16:00:00,-1.2946744530490897e-10
NLD,power,2024-07-01 17:00:00,-1.1557304997249003e-10
NLD,power,2024-07-01 18:00:00,2.015259894447001e-09
NLD,power,2024-07-01 19:00:00,0.04976840468262385
NLD,power,2024-07-01 20:00:00,0.04976841801363169
NLD,power,2024-07-01 21:00:00,0.04976841892915574
NLD,power,2024-07-01 22:00:00,0.049768417897147664
NLD,power,2024-07-01 23:00:00,0.007627282155866212
NLD,power,2024-07-02 00:00:00,0.007627273957415116
NLD,power,2024-07-02 01:00:00,0.007627272437116963
NLD,power,2024-07-02 02:00:00,0.007627271508437579
NLD,power,2024-07-02 03:00:00,0.007627272009591213
NLD,power,2024-07-02 04:00:00,0.0076272751570498265
NLD,power,2024-07-02 05:00:00,0.015254532811022412
NLD,power,2024-07-02 06:00:00,-1.0172578071482471e-10
NLD,power,2024-07-02 07:00:00,-1.1224741298861735e-10
NLD,power,2024-07-02 08:00:00,-1.29058286625891e-10
NLD,power,2024-07-02 09:00:00,-1.4974103484006432e-10
NLD,power,2024-07-02 10:00:00,0.0
NLD,power,2024-07-02 11:00:00,0.0
NLD,power,2024-07-02 12:00:00,0.0
NLD,power,2024-07-02 13:00:00,0.0
NLD,power,2024-07-02 14:00:00,-1.5504234835972963e-10
NLD,power,2024-07-02 15:00:00,-1.370382942696437e-10
NLD,power,2024-07-02 16:00:00,-1.2047746080792017e-10
NLD,power,2024-07-02 17:00:00,1.1925174950830825e-09
NLD,power,2024-07-02 18:00:00,0.02288180227489072
NLD,power,2024-07-02 19:00:00,0.04976841892756506
NLD,power,2024-07-02 20:00:00,0.049768419642748495
NLD,power,2024-07-02 21:00:00,0.04976842000922803
NLD,power,2024-07-02 22:00:00,0.04976841986858663
NLD,power,2024-07-02 23:00:00,0.049768418224719786
NLD,power,2024-07-03 00:00:00,0.04976841405166177
NLD,power,2024-07-03 01:00:00,0.007627280562198615
NLD,power,2024-07-03 02:00:00,0.007627273307416575
NLD,power,2024-07-03 03:00:00,0.007627273632089311
NLD,power,2024-07-03 04:00:00,0.007627276375658491
NLD,power,2024-07-03 05:00:00,0.007627289418563125
NLD,power,2024-07-03 06:00:00,0.015254526535418865
NLD,power,2024-07-03 07:00:00,-1.0373267918560652e-10
NLD,power,2024-07-03 08:00:00,-1.15402203024573e-10
NLD,power,2024-07-03 09:00:00,-1.329464797350535e-10
NLD,power,2024-07-03 10:00:00,-1.4862904924879866e-10
NLD,power,2024-07-03 11:00:00,0.0
NLD,power,2024-07-03 12:00:00,0.0
NLD,power,2024-07-03 13:00:00,-1.5545618392849842e-10
NLD,power,2024-07-03 14:00:00,-1.4368439251395758e-10
NLD,power,2024-07-03 15:00:00,-1.3196815319573055e-10
NLD,power,2024-07-03 16:00:00,-1.2020582855481722e-10
NLD,power,2024-07-03 17:00:00,1.5306149058438328e-09
NLD,power,2024-07-03 18:00:00,0.04976841794993171
NLD,power,2024-07-03 19:00:00,0.04976842040983274
NLD,power,2024-07-03 20:00:00,0.049768420502341634
NLD,power,2024-07-03 21:00:00,0.049768420605508276
NLD,power,2024-07-03 22:00:00,0.04976842059352277
NLD,power,2024-07-03 23:00:00,0.049768420279361916
NLD,power,2024-07-04 00:00:00,0.04976841986356074
NLD,power,2024-07-04 01:00:00,0.04976841839881423
NLD,power,2024-07-04 02:00:00,0.049768385696115185
NLD,power,2024-07-04 03:00:00,0.007627277478772124
NLD,power,2024-07-04 04:00:00,0.0076272774225548895
NLD,power,2024-07-04 05:00:00,0.007627279151856223
NLD,power,2024-07-04 06:00:00,0.015254539003154158
NLD,power,2024-07-04 07:00:00,-1.0370118518538831e-10
NLD,power,2024-07-04 08:00:00,-1.1346285598612186e-10
NLD,power,2024-07-04 09:00:00,-1.264839118765622e-10
NLD,power,2024-07-04 10:00:00,-1.3751126958457743e-10
NLD,power,2024-07-04 11:00:00,-1.4365421335689513e-10
NLD,power,2024-07-04 12:00:00,-1.418441783393671e-10
NLD,power,2024-07-04 13:00:00,-1.3335600221103083e-10
NLD,power,2024-07-04 14:00:00,-1.2339297937409907e-10
NLD,power,2024-07-04 15:00:00,-1.1710052318282389e-10
NLD,power,2024-07-04 16:00:00,1.0702338597043687e-09
NLD,power,2024-07-04 17:00:00,0.022881821185874895
NLD,power,2024-07-04 18:00:00,0.04976841978339996
NLD,power,2024-07-04 19:00:00,0.049768420421133275
NLD,power,2024-07-04 20:00:00,0.049768420404104556
NLD,power,2024-07-04 21:00:00,0.04976842052233452
NLD,power,2024-07-04 22:00:00,0.0497684205046731
NLD,power,2024-07-04 23:00:00,0.04976842016207465
NLD,power,2024-07-05 00:00:00,0.0497684199574496
NLD,power,2024-07-05 01:00:00,0.049768419268734
NLD,power,2024-07-05 02:00:00,0.04976841784573906
NLD,power,2024-07-05 03:00:00,0.049768416050107574
NLD,power,2024-07-05 04:00:00,0.04976841448374724
NLD,power,2024-07-05 05:00:00,0.007627292576690675
NLD,power,2024-07-05 06:00:00,0.022881800664889308
NLD,power,2024-07-05 07:00:00,1.7019934713852423e-09
NLD,power,2024-07-05 08:00:00,-1.1528424998794689e-10
NLD,power,2024-07-05 09:00:00,-1.292988866804576e-10
NLD,power,2024-07-05 10:00:00,-1.4274227487758489e-10
NLD,power,2024-07-05 11:00:00,-1.499999608775612e-10
NLD,power,2024-07-05 12:00:00,-1.4920271326596025e-10
NLD,power,2024-07-05 13:00:00,-1.399021848106472e-10
NLD,power,2024-07-05 14:00:00,-1.2859612864491115e-10
NLD,power,2024-07-05 15:00:00,-1.1985915056210187e-10
NLD,power,2024-07-05 16:00:00,-1.1032939273329192e-10
NLD,power,2024-07-05 17:00:00,0.022881816316518918
NLD,power,2024-07-05 18:00:00,0.049768419850518573
NLD,power,2024-07-05 19:00:00,0.04976842048837487
NLD,power,2024-07-05 20:00:00,0.04976842049004646
NLD,power,2024-07-05 21:00:00,0.04976842056752166
NLD,power,2024-07-05 22:00:00,0.04976842042319677
NLD,power,2024-07-05 23:00:00,0.04976841989311293
NLD,power,2024-07-06 00:00:00,0.04976841893625746
NLD,power,2024-07-06 01:00:00,0.04976841278197555
NLD,power,2024-07-06 02:00:00,0.007627276909488196
NLD,power,2024-07-06 03:00:00,0.007627274296550272
NLD,power,2024-07-06 04:00:00,0.007627277115371904
NLD,power,2024-07-06 05:00:00,0.022881807676081455
NLD,power,2024-07-06 06:00:00,2.0305134859664794e-09
NLD,power,2024-07-06 07:00:00,-1.1547730015909089e-10
NLD,power,2024-07-06 08:00:00,-1.3057841596281037e-10
NLD,power,2024-07-06 09:00:00,-1.469148426364189e-10
NLD,power,2024-07-06 10:00:00,0.0
NLD,power,2024-07-06 11:00:00,0.0
NLD,power,2024-07-06 12:00:00,0.0
NLD,power,2024-07-06 13:00:00,0.0
NLD,power,2024-07-06 14:00:00,0.0
NLD,power,2024-07-06 15:00:00,-1.467852764583792e-10
NLD,power,2024-07-06 16:00:00,-1.3051287013890013e-10
NLD,power,2024-07-06 17:00:00,-1.1359941178628388e-10
NLD,power,2024-07-06 18:00:00,-1.049779778487829e-10
NLD,power,2024-07-06 19:00:00,0.015254550722208968
NLD,power,2024-07-06 20:00:00,0.00762727623370842
NLD,power,2024-07-06 21:00:00,0.007627277518297206
NLD,power,2024-07-06 22:00:00,0.007627283496537789
NLD,power,2024-07-06 23:00:00,0.007627275153122646
NLD,power,2024-07-07 00:00:00,0.007627274653772866
NLD,power,2024-07-07 01:00:00,0.007627272932346382
NLD,power,2024-07-07 02:00:00,0.00762727274002876
NLD,power,2024-07-07 03:00:00,0.007627271592296477
NLD,power,2024-07-07 04:00:00,0.007627275298809197
NLD,power,2024-07-07 05:00:00,0.015254533631823225
NLD,power,2024-07-07 06:00:00,-1.0485002834841441e-10
NLD,power,2024-07-07 07:00:00,-1.2047858341830885e-10
NLD,power,2024-07-07 08:00:00,-1.4063797899842546e-10
NLD,power,2024-07-07 09:00:00,-1.6098060594940617e-10
NLD,power,2024-07-07 10:00:00,0.0
NLD,power,2024-07-07 11:00:00,0.0
NLD,power,2024-07-07 12:00:00,0.0
NLD,power,2024-07-07 13:00:00,0.0
NLD,power,2024-07-07 14:00:00,-1.5972087260166572e-10
NLD,power,2024-07-07 15:00:00,-1.42316427194077e-10
NLD,power,2024-07-07 16:00:00,-1.257471904438095e-10
NLD,power,2024-07-07 17:00:00,-1.1188177265372347e-10
NLD,power,2024-07-07 18:00:00,5.462110573099661e-09
NLD,power,2024-07-07 19:00:00,0.049768417185788665
NLD,power,2024-07-07 20:00:00,0.049768419564896665
NLD,power,2024-07-07 21:00:00,0.0497684202030509
NLD,power,2024-07-07 22:00:00,0.04976842038583685
NLD,power,2024-07-07 23:00:00,0.04976841987761054
NLD,power,2024-07-08 00:00:00,0.04976841801111053
NLD,power,2024-07-08 01:00:00,0.007627678579058947
NLD,power,2024-07-08 02:00:00,0.007627275681467631
NLD,power,2024-07-08 03:00:00,0.007627273700671766
NLD,power,2024-07-08 04:00:00,0.007627275011276143
NLD,power,2024-07-08 05:00:00,0.007627275505245423
NLD,power,2024-07-08 06:00:00,0.015254541237456658
NLD,power,2024-07-08 07:00:00,-1.048099291960469e-10
NLD,power,2024-07-08 08:00:00,-1.1746770143622387e-10
NLD,power,2024-07-08 09:00:00,-1.3587345098452994e-10
NLD,power,2024-07-08 10:00:00,-1.548055646481854e-10
NLD,power,2024-07-08 11:00:00,0.0
NLD,power,2024-07-08 12:00:00,0.0
NLD,power,2024-07-08 13:00:00,-1.6030778951193585e-10
NLD,power,2024-07-08 14:00:00,-1.4354014611453367e-10
NLD,power,2024-07-08 15:00:00,-1.3013817840937272e-10
NLD,power,2024-07-08 16:00:00,-1.1833296924640283e-10
NLD,power,2024-07-08 17:00:00,1.9175398719455028e-09
NLD,power,2024-07-08 18:00:00,0.049768418825908205
NLD,power,2024-07-08 19:00:00,0.04976842037570057
NLD,power,2024-07-08 20:00:00,0.04976842038223301
NLD,power,2024-07-08 21:00:00,0.04976842045568826
NLD,power,2024-07-08 22:00:00,0.04976842028401526
NLD,power,2024-07-08 23:00:00,0.04976841888208158
NLD,power,2024-07-09 00:00:00,0.04976834242610358
NLD,power,2024-07-09 01:00:00,0.007627275758510035
NLD,power,2024-07-09 02:00:00,0.007627274865031938
NLD,power,2024-07-09 03:00:00,0.007627276874514548
NLD,power,2024-07-09 04:00:00,0.007627277308430513
NLD,power,2024-07-09 05:00:00,0.007627276534357247
NLD,power,2024-07-09 06:00:00,0.022881798052389702
NLD,power,2024-07-09 07:00:00,1.8487072337095007e-09
NLD,power,2024-07-09 08:00:00,-1.1694750135810496e-10
NLD,power,2024-07-09 09:00:00,-1.3667424128141772e-10
NLD,power,2024-07-09 10:00:00,-1.575010761320511e-10
NLD,power,2024-07-09 11:00:00,0.0
NLD,power,2024-07-09 12:00:00,0.0
NLD,power,2024-07-09 13:00:00,0.0
NLD,power,2024-07-09 14:00:00,-1.4820448616786693e-10
NLD,power,2024-07-09 15:00:00,-1.3245913100800646e-10
NLD,power,2024-07-09 16:00:00,-1.2052608121074561e-10
NLD,power,2024-07-09 17:00:00,2.209596664443099e-09
NLD,power,2024-07-09 18:00:00,0.049768419534036566
NLD,power,2024-07-09 19:00:00,0.04976842063413578
NLD,power,2024-07-09 20:00:00,0.049768420738019715
NLD,power,2024-07-09 21:00:00,0.04976842073986864
NLD,power,2024-07-09 22:00:00,0.04976842070221406
NLD,power,2024-07-09 23:00:00,0.04976842056319064
NLD,power,2024-07-10 00:00:00,0.0497684204215629
NLD,power,2024-07-10 01:00:00,0.04976842008637387
NLD,power,2024-07-10 02:00:00,0.04976841931872548
NLD,power,2024-07-10 03:00:00,0.049768418137993285
NLD,power,2024-07-10 04:00:00,0.04976841542037735
NLD,power,2024-07-10 05:00:00,0.007627283375177586
NLD,power,2024-07-10 06:00:00,0.02288181247704694
NLD,power,2024-07-10 07:00:00,1.5494239296628264e-09
NLD,power,2024-07-10 08:00:00,-1.1378364803178776e-10
NLD,power,2024-07-10 09:00:00,-1.2514031141643056e-10
NLD,power,2024-07-10 10:00:00,-1.3836836004983282e-10
NLD,power,2024-07-10 11:00:00,-1.453185656497762e-10
NLD,power,2024-07-10 12:00:00,-1.445826525484642e-10
NLD,power,2024-07-10 13:00:00,-1.369470412182171e-10
NLD,power,2024-07-10 14:00:00,-1.284180694902596e-10
NLD,power,2024-07-10 15:00:00,-1.2038912334030446e-10
NLD,power,2024-07-10 16:00:00,1.15656391622976e-09
NLD,power,2024-07-10 17:00:00,0.04976841863318098
NLD,power,2024-07-10 18:00:00,0.04976842072242668
NLD,power,2024-07-10 19:00:00,0.04976842093290966
NLD,power,2024-07-10 20:00:00,0.04976842092624501
NLD,power,2024-07-10 21:00:00,0.04976842094919654
NLD,power,2024-07-10 22:00:00,0.049768420884415805
NLD,power,2024-07-10 23:00:00,0.04976842073360298
NLD,power,2024-07-11 00:00:00,0.04976842056445788
NLD,power,2024-07-11 01:00:00,0.04976842035740729
NLD,power,2024-07-11 02:00:00,0.04976842011229622
NLD,power,2024-07-11 03:00:00,0.04976841981382906
NLD,power,2024-07-11 04:00:00,0.04976841952054966
NLD,power,2024-07-11 05:00:00,0.04976841737652343
NLD,power,2024-07-11 06:00:00,0.030509092824550638
NLD,power,2024-07-11 07:00:00,1.4851957469260563e-09
NLD,power,2024-07-11 08:00:00,-1.1813904683780523e-10
NLD,power,2024-07-11 09:00:00,-1.270995404455711e-10
NLD,power,2024-07-11 10:00:00,-1.3950664409297486e-10
NLD,power,2024-07-11 11:00:00,-1.4988404852658324e-10
NLD,power,2024-07-11 12:00:00,-1.5147248020135435e-10
NLD,power,2024-07-11 13:00:00,-1.462114997192972e-10
NLD,power,2024-07-11 14:00:00,-1.3507547813276616e-10
NLD,power,2024-07-11 15:00:00,-1.2496367139497017e-10
NLD,power,2024-07-11 16:00:00,-1.1479470199247629e-10
NLD,power,2024-07-11 17:00:00,3.565073213800651e-09
NLD,power,2024-07-11 18:00:00,0.04976841954538332
NLD,power,2024-07-11 19:00:00,0.04976842047813603
NLD,power,2024-07-11 20:00:00,0.0497684204875091
NLD,power,2024-07-11 21:00:00,0.049768420447255435
NLD,power,2024-07-11 22:00:00,0.04976842040367177
NLD,power,2024-07-11 23:00:00,0.04976841995359314
NLD,power,2024-07-12 00:00:00,0.0497684191103631
NLD,power,2024-07-12 01:00:00,0.04976841095198606
NLD,power,2024-07-12 02:00:00,0.0076272756050180315
NLD,power,2024-07-12 03:00:00,0.007627274888559352
NLD,power,2024-07-12 04:00:00,0.007627276523228525
NLD,power,2024-07-12 05:00:00,0.022881791729174598
NLD,power,2024-07-12 06:00:00,1.880765665754031e-08
NLD,power,2024-07-12 07:00:00,-1.0589321150075147e-10
NLD,power,2024-07-12 08:00:00,-1.1707477298839018e-10
NLD,power,2024-07-12 09:00:00,-1.3036006541008795e-10
NLD,power,2024-07-12 10:00:00,-1.4373069677053727e-10
NLD,power,2024-07-12 11:00:00,-1.5238142025032715e-10
NLD,power,2024-07-12 12:00:00,-1.523614775208707e-10
NLD,power,2024-07-12 13:00:00,-1.4567394436267313e-10
NLD,power,2024-07-12 14:00:00,-1.3536651299761784e-10
NLD,power,2024-07-12 15:00:00,-1.2290435484399386e-10
NLD,power,2024-07-12 16:00:00,-1.1220614826374932e-10
NLD,power,2024-07-12 17:00:00,6.5662335566331595e-09
NLD,power,2024-07-12 18:00:00,0.04976841949229491
NLD,power,2024-07-12 19:00:00,0.0497684203918432
NLD,power,2024-07-12 20:00:00,0.049768420328034274
NLD,power,2024-07-12 21:00:00,0.04976842024438985
NLD,power,2024-07-12 22:00:00,0.04976842010246735
NLD,power,2024-07-12 23:00:00,0.04976841907717319
NLD,power,2024-07-13 00:00:00,0.049768417317614555
NLD,power,2024-07-13 01:00:00,0.0076273457616006625
NLD,power,2024-07-13 02:00:00,0.007627273579020918
NLD,power,2024-07-13 03:00:00,0.007627273673131984
NLD,power,2024-07-13 04:00:00,0.007627276884720261
NLD,power,2024-07-13 05:00:00,0.02288181256797945
NLD,power,2024-07-13 06:00:00,2.258560378980076e-09
NLD,power,2024-07-13 07:00:00,-1.1233505034432212e-10
NLD,power,2024-07-13 08:00:00,-1.2415303699701977e-10
NLD,power,2024-07-13 09:00:00,-1.3732321762633592e-10
NLD,power,2024-07-13 10:00:00,-1.4977482568150323e-10
NLD,power,2024-07-13 11:00:00,0.0
NLD,power,2024-07-13 12:00:00,0.0
NLD,power,2024-07-13 13:00:00,-1.5096465416976732e-10
NLD,power,2024-07-13 14:00:00,-1.4255571053251912e-10
NLD,power,2024-07-13 15:00:00,-1.296937121304909e-10
NLD,power,2024-07-13 16:00:00,-1.1942543040295316e-10
NLD,power,2024-07-13 17:00:00,-1.0915015174185959e-10
NLD,power,2024-07-13 18:00:00,0.022881813412647452
NLD,power,2024-07-13 19:00:00,0.04976841885855987
NLD,power,2024-07-13 20:00:00,0.04976841990095214
NLD,power,2024-07-13 21:00:00,0.04976842033397967
NLD,power,2024-07-13 22:00:00,0.04976842044383029
NLD,power,2024-07-13 23:00:00,0.049768420110817266
NLD,power,2024-07-14 00:00:00,0.04976841892080718
NLD,power,2024-07-14 01:00:00,0.049768385993708815
NLD,power,2024-07-14 02:00:00,0.007627274408326981
NLD,power,2024-07-14 03:00:00,0.00762727202565112
NLD,power,2024-07-14 04:00:00,0.007627273651262386
NLD,power,2024-07-14 05:00:00,0.015254538914971067
NLD,power,2024-07-14 06:00:00,-1.0283272614018409e-10
NLD,power,2024-07-14 07:00:00,-1.2498215312253172e-10
NLD,power,2024-07-14 08:00:00,-1.5807334873733018e-10
NLD,power,2024-07-14 09:00:00,0.0
NLD,power,2024-07-14 10:00:00,0.0
NLD,power,2024-07-14 11:00:00,0.0
NLD,power,2024-07-14 12:00:00,0.0
NLD,power,2024-07-14 13:00:00,0.0
NLD,power,2024-07-14 14:00:00,-1.6847969373418847e-10
NLD,power,2024-07-14 15:00:00,-1.4476294550737957e-10
NLD,power,2024-07-14 16:00:00,-1.2730825580773962e-10
NLD,power,2024-07-14 17:00:00,-1.1134918378092605e-10
NLD,power,2024-07-14 18:00:00,0.02288181491909671
NLD,power,2024-07-14 19:00:00,0.049768419160282996
NLD,power,2024-07-14 20:00:00,0.049768419751040245
NLD,power,2024-07-14 21:00:00,0.049768419842648924
NLD,power,2024-07-14 22:00:00,0.04976841968011325
NLD,power,2024-07-14 23:00:00,0.04976841653178562
NLD,power,2024-07-15 00:00:00,0.0076277908922619195
NLD,power,2024-07-15 01:00:00,0.0076267605933796915
NLD,power,2024-07-15 02:00:00,0.007627269737964844
NLD,power,2024-07-15 03:00:00,0.007627270156334525
NLD,power,2024-07-15 04:00:00,0.007627270054657929
NLD,power,2024-07-15 05:00:00,0.007627269097388146
NLD,power,2024-07-15 06:00:00,0.0076272669148812495
NLD,power,2024-07-15 07:00:00,-1.1199513215776499e-10
NLD,power,2024-07-15 08:00:00,-1.3232110910600304e-10
NLD,power,2024-07-15 09:00:00,-1.5742051052768835e-10
NLD,power,2024-07-15 10:00:00,0.0
NLD,power,2024-07-15 11:00:00,0.0
NLD,power,2024-07-15 12:00:00,0.0
NLD,power,2024-07-15 13:00:00,0.0
NLD,power,2024-07-15 14:00:00,0.0
NLD,power,2024-07-15 15:00:00,-1.5277588924173517e-10
NLD,power,2024-07-15 16:00:00,-1.3316575760206213e-10
NLD,power,2024-07-15 17:00:00,-1.1481135603425812e-10
NLD,power,2024-07-15 18:00:00,0.0228818257832256
NLD,power,2024-07-15 19:00:00,0.04976842015171188
NLD,power,2024-07-15 20:00:00,0.04976842029569178
NLD,power,2024-07-15 21:00:00,0.049768420363283356
NLD,power,2024-07-15 22:00:00,0.04976842033898179
NLD,power,2024-07-15 23:00:00,0.049768419849439416
NLD,power,2024-07-16 00:00:00,0.04976841940045724
NLD,power,2024-07-16 01:00:00,0.04976841773264074
NLD,power,2024-07-16 02:00:00,0.04976841318139188
NLD,power,2024-07-16 03:00:00,0.049768411869300054
NLD,power,2024-07-16 04:00:00,0.04976841288121974
NLD,power,2024-07-16 05:00:00,0.0076273891281908686
NLD,power,2024-07-16 06:00:00,0.02288181443242521
NLD,power,2024-07-16 07:00:00,3.3799060247586913e-09
NLD,power,2024-07-16 08:00:00,-1.0846195913918054e-10
NLD,power,2024-07-16 09:00:00,-1.1540457146475026e-10
NLD,power,2024-07-16 10:00:00,-1.253440237087218e-10
NLD,power,2024-07-16 11:00:00,-1.3179643874459415e-10
NLD,power,2024-07-16 12:00:00,-1.3136589397829458e-10
NLD,power,2024-07-16 13:00:00,-1.2488463949595054e-10
NLD,power,2024-07-16 14:00:00,-1.1842619553594033e-10
NLD,power,2024-07-16 15:00:00,-1.137424129722765e-10
NLD,power,2024-07-16 16:00:00,1.3700695141940478e-09
NLD,power,2024-07-16 17:00:00,0.04976841380880751
NLD,power,2024-07-16 18:00:00,0.04976842034806808
NLD,power,2024-07-16 19:00:00,0.04976842067423476
NLD,power,2024-07-16 20:00:00,0.04976842063562304
NLD,power,2024-07-16 21:00:00,0.04976842066634211
NLD,power,2024-07-16 22:00:00,0.04976842063498887
NLD,power,2024-07-16 23:00:00,0.049768420411120694
NLD,power,2024-07-17 00:00:00,0.04976842027073468
NLD,power,2024-07-17 01:00:00,0.04976841995852559
NLD,power,2024-07-17 02:00:00,0.0497684196629808
NLD,power,2024-07-17 03:00:00,0.049768419449696864
NLD,power,2024-07-17 04:00:00,0.049768419359706106
NLD,power,2024-07-17 05:00:00,0.04976841879594185
NLD,power,2024-07-17 06:00:00,0.03050911368816806
NLD,power,2024-07-17 07:00:00,2.6276145607618026e-09
NLD,power,2024-07-17 08:00:00,-1.100286595794284e-10
NLD,power,2024-07-17 09:00:00,-1.1556181491914008e-10
NLD,power,2024-07-17 10:00:00,-1.2472763841965973e-10
NLD,power,2024-07-17 11:00:00,-1.3150681373585758e-10
NLD,power,2024-07-17 12:00:00,-1.3078782856615e-10
NLD,power,2024-07-17 13:00:00,-1.242294353860135e-10
NLD,power,2024-07-17 14:00:00,-1.1759090278355714e-10
NLD,power,2024-07-17 15:00:00,-1.1251627329565865e-10
NLD,power,2024-07-17 16:00:00,2.0993993945804014e-09
NLD,power,2024-07-17 17:00:00,0.04976841892583288
NLD,power,2024-07-17 18:00:00,0.04976842058074295
NLD,power,2024-07-17 19:00:00,0.04976842078825711
NLD,power,2024-07-17 20:00:00,0.049768420787542476
NLD,power,2024-07-17 21:00:00,0.049768420830633896
NLD,power,2024-07-17 22:00:00,0.04976842081455782
NLD,power,2024-07-17 23:00:00,0.04976842065274289
NLD,power,2024-07-18 00:00:00,0.04976842050779009
NLD,power,2024-07-18 01:00:00,0.04976842028272424
NLD,power,2024-07-18 02:00:00,0.04976841992890456
NLD,power,2024-07-18 03:00:00,0.049768419633040094
NLD,power,2024-07-18 04:00:00,0.04976841915028414
NLD,power,2024-07-18 05:00:00,0.049768417387087975
NLD,power,2024-07-18 06:00:00,0.049768284628573946
NLD,power,2024-07-18 07:00:00,3.5759036263643314e-09
NLD,power,2024-07-18 08:00:00,-1.0954311153169511e-10
NLD,power,2024-07-18 09:00:00,-1.142625818625633e-10
NLD,power,2024-07-18 10:00:00,-1.2039673564352765e-10
NLD,power,2024-07-18 11:00:00,-1.241761893754849e-10
NLD,power,2024-07-18 12:00:00,-1.226615302962976e-10
NLD,power,2024-07-18 13:00:00,-1.1537904095045961e-10
NLD,power,2024-07-18 14:00:00,-1.1204773470342078e-10
NLD,power,2024-07-18 15:00:00,1.3099645226543694e-09
NLD,power,2024-07-18 16:00:00,0.022881826661739595
NLD,power,2024-07-18 17:00:00,0.04976842031305735
NLD,power,2024-07-18 18:00:00,0.04976842079745961
NLD,power,2024-07-18 19:00:00,0.04976842090954135
NLD,power,2024-07-18 20:00:00,0.0497684208914923
NLD,power,2024-07-18 21:00:00,0.04976842091636414
NLD,power,2024-07-18 22:00:00,0.04976842088981379
NLD,power,2024-07-18 23:00:00,0.04976842073998032
NLD,power,2024-07-19 00:00:00,0.04976842063705826
NLD,power,2024-07-19 01:00:00,0.049768420488762476
NLD,power,2024-07-19 02:00:00,0.049768420329753246
NLD,power,2024-07-19 03:00:00,0.0497684201926427
NLD,power,2024-07-19 04:00:00,0.04976842003086778
NLD,power,2024-07-19 05:00:00,0.04976841958267877
NLD,power,2024-07-19 06:00:00,0.04976841801465472
NLD,power,2024-07-19 07:00:00,0.02288179681120687
NLD,power,2024-07-19 08:00:00,-1.1118783329335566e-10
NLD,power,2024-07-19 09:00:00,-1.192652963849739e-10
NLD,power,2024-07-19 10:00:00,-1.2345644054172076e-10
NLD,power,2024-07-19 11:00:00,-1.2760407078677262e-10
NLD,power,2024-07-19 12:00:00,-1.2706836827526063e-10
NLD,power,2024-07-19 13:00:00,-1.2031434176477212e-10
NLD,power,2024-07-19 14:00:00,-1.1461167531236118e-10
NLD,power,2024-07-19 15:00:00,-1.1021902286864586e-10
NLD,power,2024-07-19 16:00:00,3.258757760307118e-09
NLD,power,2024-07-19 17:00:00,0.04976841971433022
NLD,power,2024-07-19 18:00:00,0.04976842075452918
NLD,power,2024-07-19 19:00:00,0.04976842090346077
NLD,power,2024-07-19 20:00:00,0.04976842088414029
NLD,power,2024-07-19 21:00:00,0.04976842088120519
NLD,power,2024-07-19 22:00:00,0.049768420841590465
NLD,power,2024-07-19 23:00:00,0.04976842068426387
NLD,power,2024-07-20 00:00:00,0.04976842056008375
NLD,power,2024-07-20 01:00:00,0.04976842022560629
NLD,power,2024-07-20 02:00:00,0.049768419596206585
NLD,power,2024-07-20 03:00:00,0.04976841835753938
NLD,power,2024-07-20 04:00:00,0.04976841325785777
NLD,power,2024-07-20 05:00:00,0.0228818271518963
NLD,power,2024-07-20 06:00:00,5.169374102513239e-09
NLD,power,2024-07-20 07:00:00,-1.1208936545913336e-10
NLD,power,2024-07-20 08:00:00,-1.3153445302103465e-10
NLD,power,2024-07-20 09:00:00,-1.587675860991743e-10
NLD,power,2024-07-20 10:00:00,0.0
NLD,power,2024-07-20 11:00:00,0.0
NLD,power,2024-07-20 12:00:00,0.0
NLD,power,2024-07-20 13:00:00,0.0
NLD,power,2024-07-20 14:00:00,0.0
NLD,power,2024-07-20 15:00:00,-1.5622398882297937e-10
NLD,power,2024-07-20 16:00:00,-1.3025836544564932e-10
NLD,power,2024-07-20 17:00:00,-1.1423146317626645e-10
NLD,power,2024-07-20 18:00:00,3.4993377972039994e-09
NLD,power,2024-07-20 19:00:00,0.02288183765239893
NLD,power,2024-07-20 20:00:00,0.007627276180110001
NLD,power,2024-07-20 21:00:00,0.0076272748834242034
NLD,power,2024-07-20 22:00:00,0.007627285857974895
NLD,power,2024-07-20 23:00:00,0.007627266448943381
NLD,power,2024-07-21 00:00:00,0.007627263429007184
NLD,power,2024-07-21 01:00:00,-1.0031004488220031e-10
NLD,power,2024-07-21 02:00:00,-1.0199665312202905e-10
NLD,power,2024-07-21 03:00:00,-1.0182772126306015e-10
NLD,power,2024-07-21 04:00:00,-1.0154667896012336e-10
NLD,power,2024-07-21 05:00:00,-1.043574657163742e-10
NLD,power,2024-07-21 06:00:00,-1.1981524381599261e-10
NLD,power,2024-07-21 07:00:00,-1.5152265719711687e-10
NLD,power,2024-07-21 08:00:00,0.0
NLD,power,2024-07-21 09:00:00,0.0
NLD,power,2024-07-21 10:00:00,0.0
NLD,power,2024-07-21 11:00:00,0.0
NLD,power,2024-07-21 12:00:00,0.0
NLD,power,2024-07-21 13:00:00,0.0
NLD,power,2024-07-21 14:00:00,0.0
NLD,power,2024-07-21 15:00:00,-1.7064422106353499e-10
NLD,power,2024-07-21 16:00:00,-1.4095281773983647e-10
NLD,power,2024-07-21 17:00:00,-1.1525145913645103e-10
NLD,power,2024-07-21 18:00:00,2.454617671963001e-09
NLD,power,2024-07-21 19:00:00,0.015254635241505332
NLD,power,2024-07-21 20:00:00,0.007627271570127209
NLD,power,2024-07-21 21:00:00,0.007627283069575348
NLD,power,2024-07-21 22:00:00,0.04976841693379827
NLD,power,2024-07-21 23:00:00,0.04976840750895127
NLD,power,2024-07-22 00:00:00,0.00762728213215521
NLD,power,2024-07-22 01:00:00,0.0076272746218120245
NLD,power,2024-07-22 02:00:00,0.0076272719413996975
NLD,power,2024-07-22 03:00:00,0.007627272101121054
NLD,power,2024-07-22 04:00:00,0.007627273039680023
NLD,power,2024-07-22 05:00:00,0.007627309266504072
NLD,power,2024-07-22 06:00:00,0.007627239440719013
NLD,power,2024-07-22 07:00:00,-1.0688804131017673e-10
NLD,power,2024-07-22 08:00:00,-1.2029288755081194e-10
NLD,power,2024-07-22 09:00:00,-1.3333275565007645e-10
NLD,power,2024-07-22 10:00:00,-1.4304697855851952e-10
NLD,power,2024-07-22 11:00:00,-1.4804699785355978e-10
NLD,power,2024-07-22 12:00:00,-1.4848434918360254e-10
NLD,power,2024-07-22 13:00:00,-1.4124511016125166e-10
NLD,power,2024-07-22 14:00:00,-1.3111780409810688e-10
NLD,power,2024-07-22 15:00:00,-1.2136297288223028e-10
NLD,power,2024-07-22 16:00:00,-1.1210995071601097e-10
NLD,power,2024-07-22 17:00:00,7.506371346897192e-09
NLD,power,2024-07-22 18:00:00,0.04976841932125636
NLD,power,2024-07-22 19:00:00,0.049768420371174744
NLD,power,2024-07-22 20:00:00,0.049768420287033655
NLD,power,2024-07-22 21:00:00,0.04976842035756453
NLD,power,2024-07-22 22:00:00,0.0497684202849202
NLD,power,2024-07-22 23:00:00,0.049768419600944844
NLD,power,2024-07-23 00:00:00,0.04976841816901168
NLD,power,2024-07-23 01:00:00,0.049767984413022597
NLD,power,2024-07-23 02:00:00,0.007627276561572284
NLD,power,2024-07-23 03:00:00,0.007627274975803743
NLD,power,2024-07-23 04:00:00,0.007627276402952811
NLD,power,2024-07-23 05:00:00,0.007627275802982192
NLD,power,2024-07-23 06:00:00,0.02288181363759627
NLD,power,2024-07-23 07:00:00,2.2323476880579436e-09
NLD,power,2024-07-23 08:00:00,-1.1083435010006762e-10
NLD,power,2024-07-23 09:00:00,-1.1843887450387455e-10
NLD,power,2024-07-23 10:00:00,-1.2612261835879556e-10
NLD,power,2024-07-23 11:00:00,-1.2890330483670274e-10
NLD,power,2024-07-23 12:00:00,-1.2666720932485717e-10
NLD,power,2024-07-23 13:00:00,-1.1971163432935974e-10
NLD,power,2024-07-23 14:00:00,-1.1345991648698647e-10
NLD,power,2024-07-23 15:00:00,-1.1022289103368512e-10
NLD,power,2024-07-23 16:00:00,2.411408159895467e-09
NLD,power,2024-07-23 17:00:00,0.049768417312010454
NLD,power,2024-07-23 18:00:00,0.04976842033442775
NLD,power,2024-07-23 19:00:00,0.049768420622040024
NLD,power,2024-07-23 20:00:00,0.04976842058663099
NLD,power,2024-07-23 21:00:00,0.04976842059117982
NLD,power,2024-07-23 22:00:00,0.04976842056265499
NLD,power,2024-07-23 23:00:00,0.049768420231324065
NLD,power,2024-07-24 00:00:00,0.04976841994003483
NLD,power,2024-07-24 01:00:00,0.049768418986632375
NLD,power,2024-07-24 02:00:00,0.049768417381028156
NLD,power,2024-07-24 03:00:00,0.049768416320246804
NLD,power,2024-07-24 04:00:00,0.04976841660052271
NLD,power,2024-07-24 05:00:00,0.04976841415752914
NLD,power,2024-07-24 06:00:00,0.022881845045992596
NLD,power,2024-07-24 07:00:00,3.477866562450434e-09
NLD,power,2024-07-24 08:00:00,-1.0833248849764325e-10
NLD,power,2024-07-24 09:00:00,-1.1236713963270924e-10
NLD,power,2024-07-24 10:00:00,-1.2054158574127812e-10
NLD,power,2024-07-24 11:00:00,-1.257037052017617e-10
NLD,power,2024-07-24 12:00:00,-1.2518754537974599e-10
NLD,power,2024-07-24 13:00:00,-1.1948368054007753e-10
NLD,power,2024-07-24 14:00:00,-1.143216845924041e-10
NLD,power,2024-07-24 15:00:00,-1.1129470925988121e-10
NLD,power,2024-07-24 16:00:00,2.090446135837963e-09
NLD,power,2024-07-24 17:00:00,0.04976841768347493
NLD,power,2024-07-24 18:00:00,0.049768420467987975
NLD,power,2024-07-24 19:00:00,0.0497684207252694
NLD,power,2024-07-24 20:00:00,0.0497684207073189
NLD,power,2024-07-24 21:00:00,0.04976842073640378
NLD,power,2024-07-24 22:00:00,0.04976842071605971
NLD,power,2024-07-24 23:00:00,0.04976842052293659
NLD,power,2024-07-25 00:00:00,0.049768420350694106
NLD,power,2024-07-25 01:00:00,0.049768420010104966
NLD,power,2024-07-25 02:00:00,0.049768419585474594
NLD,power,2024-07-25 03:00:00,0.04976841919606046
NLD,power,2024-07-25 04:00:00,0.049768418806523905
NLD,power,2024-07-25 05:00:00,0.049768416578444684
NLD,power,2024-07-25 06:00:00,0.022881810985887305
NLD,power,2024-07-25 07:00:00,1.491233267061327e-09
NLD,power,2024-07-25 08:00:00,-1.1489610820006773e-10
NLD,power,2024-07-25 09:00:00,-1.2309270994616637e-10
NLD,power,2024-07-25 10:00:00,-1.3194462772957824e-10
NLD,power,2024-07-25 11:00:00,-1.3612132598663555e-10
NLD,power,2024-07-25 12:00:00,-1.354248590935648e-10
NLD,power,2024-07-25 13:00:00,-1.2949499413168386e-10
NLD,power,2024-07-25 14:00:00,-1.1995155064198114e-10
NLD,power,2024-07-25 15:00:00,-1.1504186894962073e-10
NLD,power,2024-07-25 16:00:00,1.2698792811876898e-09
NLD,power,2024-07-25 17:00:00,0.02288182595654966
NLD,power,2024-07-25 18:00:00,0.04976841959413304
NLD,power,2024-07-25 19:00:00,0.04976842036619391
NLD,power,2024-07-25 20:00:00,0.04976842047015842
NLD,power,2024-07-25 21:00:00,0.04976842062358526
NLD,power,2024-07-25 22:00:00,0.049768420639849244
NLD,power,2024-07-25 23:00:00,0.04976842051790078
NLD,power,2024-07-26 00:00:00,0.04976842045042577
NLD,power,2024-07-26 01:00:00,0.04976842024717945
NLD,power,2024-07-26 02:00:00,0.04976841999597488
NLD,power,2024-07-26 03:00:00,0.04976841983840815
NLD,power,2024-07-26 04:00:00,0.049768419844584744
NLD,power,2024-07-26 05:00:00,0.04976841961348895
NLD,power,2024-07-26 06:00:00,0.049768414278287945
NLD,power,2024-07-26 07:00:00,2.9933572705283907e-09
NLD,power,2024-07-26 08:00:00,-1.0941015760728229e-10
NLD,power,2024-07-26 09:00:00,-1.1276631335243017e-10
NLD,power,2024-07-26 10:00:00,-1.1900515426205523e-10
NLD,power,2024-07-26 11:00:00,-1.225627602755522e-10
NLD,power,2024-07-26 12:00:00,-1.207538334485589e-10
NLD,power,2024-07-26 13:00:00,-1.14812263867701e-10
NLD,power,2024-07-26 14:00:00,-1.0946259141009118e-10
NLD,power,2024-07-26 15:00:00,1.5091604203182379e-09
NLD,power,2024-07-26 16:00:00,4.364538903310385e-08
NLD,power,2024-07-26 17:00:00,0.04976841980111342
NLD,power,2024-07-26 18:00:00,0.0497684205591961
NLD,power,2024-07-26 19:00:00,0.049768420649009035
NLD,power,2024-07-26 20:00:00,0.049768420601828615
NLD,power,2024-07-26 21:00:00,0.049768420650616214
NLD,power,2024-07-26 22:00:00,0.049768420631235426
NLD,power,2024-07-26 23:00:00,0.04976842042976291
NLD,power,2024-07-27 00:00:00,0.04976842033091624
NLD,power,2024-07-27 01:00:00,0.04976842010397533
NLD,power,2024-07-27 02:00:00,0.04976841977449086
NLD,power,2024-07-27 03:00:00,0.04976841951122039
NLD,power,2024-07-27 04:00:00,0.049768419165959296
NLD,power,2024-07-27 05:00:00,0.049768417839224664
NLD,power,2024-07-27 06:00:00,1.4181245862007147e-07
NLD,power,2024-07-27 07:00:00,-1.0946642464596125e-10
NLD,power,2024-07-27 08:00:00,-1.1742537763339426e-10
NLD,power,2024-07-27 09:00:00,-1.2752781024128263e-10
NLD,power,2024-07-27 10:00:00,-1.3923661498891986e-10
NLD,power,2024-07-27 11:00:00,-1.4746447050150894e-10
NLD,power,2024-07-27 12:00:00,-1.458887634702653e-10
NLD,power,2024-07-27 13:00:00,-1.3774080229809244e-10
NLD,power,2024-07-27 14:00:00,-1.258591969429892e-10
NLD,power,2024-07-27 15:00:00,-1.1543543448318479e-10
NLD,power,2024-07-27 16:00:00,-1.0802726025536129e-10
NLD,power,2024-07-27 17:00:00,5.832228545597402e-09
NLD,power,2024-07-27 18:00:00,0.04976841602029273
NLD,power,2024-07-27 19:00:00,0.04976841877610708
NLD,power,2024-07-27 20:00:00,0.04976841872033948
NLD,power,2024-07-27 21:00:00,0.04976841971646532
NLD,power,2024-07-27 22:00:00,0.04976841983587576
NLD,power,2024-07-27 23:00:00,0.04976841863670009
NLD,power,2024-07-28 00:00:00,0.04976841304481113
NLD,power,2024-07-28 01:00:00,0.0076272863867096734
NLD,power,2024-07-28 02:00:00,0.007627275142076484
NLD,power,2024-07-28 03:00:00,0.0076272742651905204
NLD,power,2024-07-28 04:00:00,0.007627275281694897
NLD,power,2024-07-28 05:00:00,0.015254570695291191
NLD,power,2024-07-28 06:00:00,3.591541661522249e-09
NLD,power,2024-07-28 07:00:00,-1.1701546657497116e-10
NLD,power,2024-07-28 08:00:00,-1.414629049313908e-10
NLD,power,2024-07-28 09:00:00,-1.6647191902367667e-10
NLD,power,2024-07-28 10:00:00,0.0
NLD,power,2024-07-28 11:00:00,0.0
NLD,power,2024-07-28 12:00:00,0.0
NLD,power,2024-07-28 13:00:00,0.0
NLD,power,2024-07-28 14:00:00,-1.5657198936252207e-10
NLD,power,2024-07-28 15:00:00,-1.3574137389334258e-10
NLD,power,2024-07-28 16:00:00,-1.1993094601576682e-10
NLD,power,2024-07-28 17:00:00,1.1920366421183958e-09
NLD,power,2024-07-28 18:00:00,0.022881810334536058
NLD,power,2024-07-28 19:00:00,0.04976841396777034
NLD,power,2024-07-28 20:00:00,0.049768418719002235
NLD,power,2024-07-28 21:00:00,0.04976842012266461
NLD,power,2024-07-28 22:00:00,0.04976842046061487
NLD,power,2024-07-28 23:00:00,0.04976842030924255
NLD,power,2024-07-29 00:00:00,0.04976841989062506
NLD,power,2024-07-29 01:00:00,0.04976841798217024
NLD,power,2024-07-29 02:00:00,0.007627291124376685
NLD,power,2024-07-29 03:00:00,0.007627274476563528
NLD,power,2024-07-29 04:00:00,0.0076272753687739005
NLD,power,2024-07-29 05:00:00,0.00762727640585171
NLD,power,2024-07-29 06:00:00,0.007627290374070049
NLD,power,2024-07-29 07:00:00,0.022881802972009598
NLD,power,2024-07-29 08:00:00,2.523625264108532e-09
NLD,power,2024-07-29 09:00:00,-1.0534381029163823e-10
NLD,power,2024-07-29 10:00:00,-1.1084145832935417e-10
NLD,power,2024-07-29 11:00:00,-1.1550257043559986e-10
NLD,power,2024-07-29 12:00:00,-1.1543879578274496e-10
NLD,power,2024-07-29 13:00:00,-1.1100248138783724e-10
NLD,power,2024-07-29 14:00:00,-1.0895025311563616e-10
NLD,power,2024-07-29 15:00:00,2.136639787861689e-09
NLD,power,2024-07-29 16:00:00,0.04976839373709674
NLD,power,2024-07-29 17:00:00,0.049768420288235395
NLD,power,2024-07-29 18:00:00,0.04976842072924042
NLD,power,2024-07-29 19:00:00,0.04976842081850691
NLD,power,2024-07-29 20:00:00,0.049768420834253785
NLD,power,2024-07-29 21:00:00,0.04976842089129775
NLD,power,2024-07-29 22:00:00,0.04976842086002917
NLD,power,2024-07-29 23:00:00,0.04976842068806184
NLD,power,2024-07-30 00:00:00,0.04976842050309494
NLD,power,2024-07-30 01:00:00,0.04976842019388484
NLD,power,2024-07-30 02:00:00,0.049768419810649354
NLD,power,2024-07-30 03:00:00,0.049768419324881207
NLD,power,2024-07-30 04:00:00,0.04976841843421516
NLD,power,2024-07-30 05:00:00,0.04976841497685183
NLD,power,2024-07-30 06:00:00,0.04976838676269332
NLD,power,2024-07-30 07:00:00,1.2425579228815273e-08
NLD,power,2024-07-30 08:00:00,-1.1383702737862648e-10
NLD,power,2024-07-30 09:00:00,-1.2863384796301768e-10
NLD,power,2024-07-30 10:00:00,-1.4004040724499807e-10
NLD,power,2024-07-30 11:00:00,-1.4755054218341467e-10
NLD,power,2024-07-30 12:00:00,-1.4832969623052011e-10
NLD,power,2024-07-30 13:00:00,-1.4009051050510717e-10
NLD,power,2024-07-30 14:00:00,-1.2831430301354726e-10
NLD,power,2024-07-30 15:00:00,-1.223498396076333e-10
NLD,power,2024-07-30 16:00:00,8.064378206505306e-10
NLD,power,2024-07-30 17:00:00,0.030509091703422028
NLD,power,2024-07-30 18:00:00,0.04976842040782058
NLD,power,2024-07-30 19:00:00,0.049768420606807515
NLD,power,2024-07-30 20:00:00,0.04976842057848366
NLD,power,2024-07-30 21:00:00,0.049768420672467444
NLD,power,2024-07-30 22:00:00,0.049768420693665265
NLD,power,2024-07-30 23:00:00,0.04976842055780423
NLD,power,2024-07-31 00:00:00,0.049768420471680834
NLD,power,2024-07-31 01:00:00,0.049768420329107825
NLD,power,2024-07-31 02:00:00,0.04976842014366781
NLD,power,2024-07-31 03:00:00,0.049768420044960945
NLD,power,2024-07-31 04:00:00,0.04976842001698674
NLD,power,2024-07-31 05:00:00,0.04976841959033044
NLD,power,2024-07-31 06:00:00,0.04976841635934816
NLD,power,2024-07-31 07:00:00,4.436555509368758e-09
NLD,power,2024-07-31 08:00:00,-1.1119943608347948e-10
NLD,power,2024-07-31 09:00:00,-1.1663833101921838e-10
NLD,power,2024-07-31 10:00:00,-1.2474169862852302e-10
NLD,power,2024-07-31 11:00:00,-1.3161450084981818e-10
NLD,power,2024-07-31 12:00:00,-1.3299401528514546e-10
NLD,power,2024-07-31 13:00:00,-1.2728615107403932e-10
NLD,power,2024-07-31 14:00:00,-1.203459288380457e-10
NLD,power,2024-07-31 15:00:00,-1.1497876113623163e-10
NLD,power,2024-07-31 16:00:00,1.9385222389396182e-09
NLD,power,2024-07-31 17:00:00,0.0497684194684235
NLD,power,2024-07-31 18:00:00,0.04976842074231353
NLD,power,2024-07-31 19:00:00,0.049768420855173454
NLD,power,2024-07-31 20:00:00,0.049768420817948446
NLD,power,2024-07-31 21:00:00,0.04976842082411442
NLD,power,2024-07-31 22:00:00,0.04976842077532938
NLD,power,2024-07-31 23:00:00,0.04976842061350524
NLD,power,2024-08-01 00:00:00,0.04976842048364571
NLD,power,2024-08-01 01:00:00,0.049768420186606425
NLD,power,2024-08-01 02:00:00,0.04976841978515154
NLD,power,2024-08-01 03:00:00,0.049768419498329934
NLD,power,2024-08-01 04:00:00,0.049768419283899724
NLD,power,2024-08-01 05:00:00,0.04976841910060531
NLD,power,2024-08-01 06:00:00,0.049768395056380935
NLD,power,2024-08-01 07:00:00,4.524685717252933e-09
NLD,power,2024-08-01 08:00:00,-1.090095087801062e-10
NLD,power,2024-08-01 09:00:00,-1.1285390526524932e-10
NLD,power,2024-08-01 10:00:00,-1.1902712672969408e-10
NLD,power,2024-08-01 11:00:00,-1.244745576464434e-10
NLD,power,2024-08-01 12:00:00,-1.2332539978042285e-10
NLD,power,2024-08-01 13:00:00,-1.178807469055397e-10
NLD,power,2024-08-01 14:00:00,-1.130944225324909e-10
NLD,power,2024-08-01 15:00:00,-1.1044768926573722e-10
NLD,power,2024-08-01 16:00:00,2.5260644564559698e-09
NLD,power,2024-08-01 17:00:00,0.049768418749095406
NLD,power,2024-08-01 18:00:00,0.04976842056037222
NLD,power,2024-08-01 19:00:00,0.04976842070172401
NLD,power,2024-08-01 20:00:00,0.04976842067061669
NLD,power,2024-08-01 21:00:00,0.049768420654606786
NLD,power,2024-08-01 22:00:00,0.049768420575728535
NLD,power,2024-08-01 23:00:00,0.049768420316056924
NLD,power,2024-08-02 00:00:00,0.04976842001727968
NLD,power,2024-08-02 01:00:00,0.04976841943319279
NLD,power,2024-08-02 02:00:00,0.04976841827612162
NLD,power,2024-08-02 03:00:00,0.049768417174209635
NLD,power,2024-08-02 04:00:00,0.04976841700006277
NLD,power,2024-08-02 05:00:00,0.04976840603527605
NLD,power,2024-08-02 06:00:00,1.0313340488474938e-08
NLD,power,2024-08-02 07:00:00,1.6073360538588781e-09
NLD,power,2024-08-02 08:00:00,-1.1244494804289874e-10
NLD,power,2024-08-02 09:00:00,-1.2198771246271794e-10
NLD,power,2024-08-02 10:00:00,-1.3101772515295865e-10
NLD,power,2024-08-02 11:00:00,-1.3721431002377333e-10
NLD,power,2024-08-02 12:00:00,-1.3843402932186252e-10
NLD,power,2024-08-02 13:00:00,-1.3425777721853462e-10
NLD,power,2024-08-02 14:00:00,-1.2861761591861565e-10
NLD,power,2024-08-02 15:00:00,-1.2166290609491415e-10
NLD,power,2024-08-02 16:00:00,-1.1230408750845872e-10
NLD,power,2024-08-02 17:00:00,3.559059806865177e-09
NLD,power,2024-08-02 18:00:00,0.049768418414484004
NLD,power,2024-08-02 19:00:00,0.04976842013233426
NLD,power,2024-08-02 20:00:00,0.049768420069348646
NLD,power,2024-08-02 21:00:00,0.04976842008937182
NLD,power,2024-08-02 22:00:00,0.04976841958653776
NLD,power,2024-08-02 23:00:00,0.04976841765032677
NLD,power,2024-08-03 00:00:00,0.04976840877505712
NLD,power,2024-08-03 01:00:00,0.007627275917251799
NLD,power,2024-08-03 02:00:00,0.007627275665458191
NLD,power,2024-08-03 03:00:00,0.0076272728799213025
NLD,power,2024-08-03 04:00:00,0.007627273460421763
NLD,power,2024-08-03 05:00:00,0.015254656680604559
NLD,power,2024-08-03 06:00:00,3.478834521964037e-09
NLD,power,2024-08-03 07:00:00,-1.1242110186277564e-10
NLD,power,2024-08-03 08:00:00,-1.3001252242836395e-10
NLD,power,2024-08-03 09:00:00,-1.461669785826131e-10
NLD,power,2024-08-03 10:00:00,-1.585357819846449e-10
NLD,power,2024-08-03 11:00:00,0.0
NLD,power,2024-08-03 12:00:00,0.0
NLD,power,2024-08-03 13:00:00,-1.541389667607022e-10
NLD,power,2024-08-03 14:00:00,-1.3833236468103457e-10
NLD,power,2024-08-03 15:00:00,-1.2452173065852857e-10
NLD,power,2024-08-03 16:00:00,-1.141611593638662e-10
NLD,power,2024-08-03 17:00:00,2.823917952450872e-09
NLD,power,2024-08-03 18:00:00,0.049768417847801845
NLD,power,2024-08-03 19:00:00,0.04976841989318833
NLD,power,2024-08-03 20:00:00,0.049768419955793085
NLD,power,2024-08-03 21:00:00,0.04976842027857735
NLD,power,2024-08-03 22:00:00,0.049768420304110404
NLD,power,2024-08-03 23:00:00,0.04976841986035966
NLD,power,2024-08-04 00:00:00,0.04976841861883834
NLD,power,2024-08-04 01:00:00,0.049768404080892704
NLD,power,2024-08-04 02:00:00,0.0076272756696534
NLD,power,2024-08-04 03:00:00,0.007627274195956536
NLD,power,2024-08-04 04:00:00,0.007627273801027899
NLD,power,2024-08-04 05:00:00,0.022881809125492036
NLD,power,2024-08-04 06:00:00,6.144266363519268e-09
NLD,power,2024-08-04 07:00:00,-1.1141323084179942e-10
NLD,power,2024-08-04 08:00:00,-1.2820906051811457e-10
NLD,power,2024-08-04 09:00:00,-1.46334794521439e-10
NLD,power,2024-08-04 10:00:00,0.0
NLD,power,2024-08-04 11:00:00,0.0
NLD,power,2024-08-04 12:00:00,0.0
NLD,power,2024-08-04 13:00:00,-1.5127468971999072e-10
NLD,power,2024-08-04 14:00:00,-1.3618316240004744e-10
NLD,power,2024-08-04 15:00:00,-1.2295155779770213e-10
NLD,power,2024-08-04 16:00:00,-1.1352148922880117e-10
NLD,power,2024-08-04 17:00:00,3.2173326518442183e-09
NLD,power,2024-08-04 18:00:00,0.04976841851319442
NLD,power,2024-08-04 19:00:00,0.04976842009899089
NLD,power,2024-08-04 20:00:00,0.04976842015286261
NLD,power,2024-08-04 21:00:00,0.049768420406736694
NLD,power,2024-08-04 22:00:00,0.04976842050395902
NLD,power,2024-08-04 23:00:00,0.04976842028933762
NLD,power,2024-08-05 00:00:00,0.049768419877701586
NLD,power,2024-08-05 01:00:00,0.049768419029794474
NLD,power,2024-08-05 02:00:00,0.049768417532764446
NLD,power,2024-08-05 03:00:00,0.049768416426453264
NLD,power,2024-08-05 04:00:00,0.04976841695096691
NLD,power,2024-08-05 05:00:00,0.049768417539025056
NLD,power,2024-08-05 06:00:00,0.030509100825520174
NLD,power,2024-08-05 07:00:00,2.7551134953721183e-09
NLD,power,2024-08-05 08:00:00,-1.1022314708296766e-10
NLD,power,2024-08-05 09:00:00,-1.1491946413796908e-10
NLD,power,2024-08-05 10:00:00,-1.2365091041549365e-10
NLD,power,2024-08-05 11:00:00,-1.3021858894073165e-10
NLD,power,2024-08-05 12:00:00,-1.298828756704283e-10
NLD,power,2024-08-05 13:00:00,-1.217440998956219e-10
NLD,power,2024-08-05 14:00:00,-1.1415339529651694e-10
NLD,power,2024-08-05 15:00:00,-1.0918366415737336e-10
NLD,power,2024-08-05 16:00:00,5.822957041036379e-09
NLD,power,2024-08-05 17:00:00,0.049768419745527925
NLD,power,2024-08-05 18:00:00,0.04976842067082412
NLD,power,2024-08-05 19:00:00,0.0497684207639036
NLD,power,2024-08-05 20:00:00,0.049768420736681376
NLD,power,2024-08-05 21:00:00,0.04976842078587832
NLD,power,2024-08-05 22:00:00,0.04976842072103892
NLD,power,2024-08-05 23:00:00,0.04976842048015258
NLD,power,2024-08-06 00:00:00,0.04976842023845847
NLD,power,2024-08-06 01:00:00,0.04976841977808805
NLD,power,2024-08-06 02:00:00,0.049768419093035594
NLD,power,2024-08-06 03:00:00,0.04976841834027672
NLD,power,2024-08-06 04:00:00,0.0497684180610645
NLD,power,2024-08-06 05:00:00,0.04976841844569273
NLD,power,2024-08-06 06:00:00,0.049768395314892334
NLD,power,2024-08-06 07:00:00,4.091541856026171e-09
NLD,power,2024-08-06 08:00:00,-1.0892632513706054e-10
NLD,power,2024-08-06 09:00:00,-1.1487725936748137e-10
NLD,power,2024-08-06 10:00:00,-1.2426602412070225e-10
NLD,power,2024-08-06 11:00:00,-1.3076594584677795e-10
NLD,power,2024-08-06 12:00:00,-1.2784110424385508e-10
NLD,power,2024-08-06 13:00:00,-1.2019936114131496e-10
NLD,power,2024-08-06 14:00:00,-1.126782824402995e-10
NLD,power,2024-08-06 15:00:00,-1.0904895986998734e-10
NLD,power,2024-08-06 16:00:00,4.16664498545063e-09
NLD,power,2024-08-06 17:00:00,0.04976841915349315
NLD,power,2024-08-06 18:00:00,0.04976842046617706
NLD,power,2024-08-06 19:00:00,0.0497684206107553
NLD,power,2024-08-06 20:00:00,0.04976842063831596
NLD,power,2024-08-06 21:00:00,0.049768420715635905
NLD,power,2024-08-06 22:00:00,0.049768420604731474
NLD,power,2024-08-06 23:00:00,0.04976842033299675
NLD,power,2024-08-07 00:00:00,0.04976841997015144
NLD,power,2024-08-07 01:00:00,0.04976841890357964
NLD,power,2024-08-07 02:00:00,0.04976841535885405
NLD,power,2024-08-07 03:00:00,0.04976839682949566
NLD,power,2024-08-07 04:00:00,0.04976840428845722
NLD,power,2024-08-07 05:00:00,0.04976841309210335
NLD,power,2024-08-07 06:00:00,0.022881820563301097
NLD,power,2024-08-07 07:00:00,2.4479259277220626e-09
NLD,power,2024-08-07 08:00:00,-1.1082996787003473e-10
NLD,power,2024-08-07 09:00:00,-1.171342444520046e-10
NLD,power,2024-08-07 10:00:00,-1.23509193313498e-10
NLD,power,2024-08-07 11:00:00,-1.2788028740907162e-10
NLD,power,2024-08-07 12:00:00,-1.263116743801223e-10
NLD,power,2024-08-07 13:00:00,-1.2009649463272646e-10
NLD,power,2024-08-07 14:00:00,-1.1444824488318606e-10
NLD,power,2024-08-07 15:00:00,-1.1096717907022597e-10
NLD,power,2024-08-07 16:00:00,2.2630965090705693e-09
NLD,power,2024-08-07 17:00:00,0.049768416866880015
NLD,power,2024-08-07 18:00:00,0.04976842030811401
NLD,power,2024-08-07 19:00:00,0.04976842050455072
NLD,power,2024-08-07 20:00:00,0.049768420550219156
NLD,power,2024-08-07 21:00:00,0.04976842067956424
NLD,power,2024-08-07 22:00:00,0.0497684206610693
NLD,power,2024-08-07 23:00:00,0.04976842046362238
NLD,power,2024-08-08 00:00:00,0.04976842024917752
NLD,power,2024-08-08 01:00:00,0.04976841983685838
NLD,power,2024-08-08 02:00:00,0.04976841863959129
NLD,power,2024-08-08 03:00:00,0.049768416027150056
NLD,power,2024-08-08 04:00:00,0.049768414882523655
NLD,power,2024-08-08 05:00:00,0.04976841293356782
NLD,power,2024-08-08 06:00:00,0.022881820708616565
NLD,power,2024-08-08 07:00:00,1.9215487775402173e-09
NLD,power,2024-08-08 08:00:00,-1.1280150765226225e-10
NLD,power,2024-08-08 09:00:00,-1.1848686360943708e-10
NLD,power,2024-08-08 10:00:00,-1.2693558585045278e-10
NLD,power,2024-08-08 11:00:00,-1.318213493259916e-10
NLD,power,2024-08-08 12:00:00,-1.2908865311770266e-10
NLD,power,2024-08-08 13:00:00,-1.2136701418163838e-10
NLD,power,2024-08-08 14:00:00,-1.1397588547757482e-10
NLD,power,2024-08-08 15:00:00,-1.097755010570258e-10
NLD,power,2024-08-08 16:00:00,3.3307893004957186e-09
NLD,power,2024-08-08 17:00:00,0.04976841876195749
NLD,power,2024-08-08 18:00:00,0.04976842039353092
NLD,power,2024-08-08 19:00:00,0.049768420477339995
NLD,power,2024-08-08 20:00:00,0.049768420502695206
NLD,power,2024-08-08 21:00:00,0.049768420647159486
NLD,power,2024-08-08 22:00:00,0.04976842062589844
NLD,power,2024-08-08 23:00:00,0.04976842049054198
NLD,power,2024-08-09 00:00:00,0.04976842038236717
NLD,power,2024-08-09 01:00:00,0.04976842018958493
NLD,power,2024-08-09 02:00:00,0.049768419877263756
NLD,power,2024-08-09 03:00:00,0.04976841948379313
NLD,power,2024-08-09 04:00:00,0.04976841897653578
NLD,power,2024-08-09 05:00:00,0.04976841843607616
NLD,power,2024-08-09 06:00:00,0.030509089814972936
NLD,power,2024-08-09 07:00:00,1.8769899978987174e-09
NLD,power,2024-08-09 08:00:00,-1.134415786955347e-10
NLD,power,2024-08-09 09:00:00,-1.1810525985567177e-10
NLD,power,2024-08-09 10:00:00,-1.2654414409542012e-10
NLD,power,2024-08-09 11:00:00,-1.3154229935664772e-10
NLD,power,2024-08-09 12:00:00,-1.30946601693022e-10
NLD,power,2024-08-09 13:00:00,-1.2386544394717897e-10
NLD,power,2024-08-09 14:00:00,-1.1753942805643672e-10
NLD,power,2024-08-09 15:00:00,-1.1352230319308689e-10
NLD,power,2024-08-09 16:00:00,1.4557862601099227e-09
NLD,power,2024-08-09 17:00:00,0.049768395616034314
NLD,power,2024-08-09 18:00:00,0.04976842018001124
NLD,power,2024-08-09 19:00:00,0.04976842042897234
NLD,power,2024-08-09 20:00:00,0.04976842051162554
NLD,power,2024-08-09 21:00:00,0.04976842061160843
NLD,power,2024-08-09 22:00:00,0.04976842054283859
NLD,power,2024-08-09 23:00:00,0.04976842025982733
NLD,power,2024-08-10 00:00:00,0.04976842009437033
NLD,power,2024-08-10 01:00:00,0.04976841958329762
NLD,power,2024-08-10 02:00:00,0.049768418106899866
NLD,power,2024-08-10 03:00:00,0.04976841285481969
NLD,power,2024-08-10 04:00:00,0.007627332188301925
NLD,power,2024-08-10 05:00:00,0.022881980801243967
NLD,power,2024-08-10 06:00:00,8.997708007598718e-09
NLD,power,2024-08-10 07:00:00,-1.1134177001653201e-10
NLD,power,2024-08-10 08:00:00,-1.2739828333348657e-10
NLD,power,2024-08-10 09:00:00,-1.4604952058238422e-10
NLD,power,2024-08-10 10:00:00,-1.5757987695745566e-10
NLD,power,2024-08-10 11:00:00,0.0
NLD,power,2024-08-10 12:00:00,0.0
NLD,power,2024-08-10 13:00:00,-1.5064296707549633e-10
NLD,power,2024-08-10 14:00:00,-1.369199010527095e-10
NLD,power,2024-08-10 15:00:00,-1.2578663707831573e-10
NLD,power,2024-08-10 16:00:00,-1.1690818514426675e-10
NLD,power,2024-08-10 17:00:00,1.4907380494069148e-09
NLD,power,2024-08-10 18:00:00,0.049768140607807355
NLD,power,2024-08-10 19:00:00,0.049768419074887105
NLD,power,2024-08-10 20:00:00,0.04976841964997648
NLD,power,2024-08-10 21:00:00,0.04976842015760812
NLD,power,2024-08-10 22:00:00,0.04976841993604423
NLD,power,2024-08-10 23:00:00,0.04976841871992696
NLD,power,2024-08-11 00:00:00,0.0076276363026190385
NLD,power,2024-08-11 01:00:00,0.007627267248856647
NLD,power,2024-08-11 02:00:00,0.007627271901118219
NLD,power,2024-08-11 03:00:00,0.0076272714228900786
NLD,power,2024-08-11 04:00:00,0.00762727297680522
NLD,power,2024-08-11 05:00:00,0.0076273004221962
NLD,power,2024-08-11 06:00:00,0.007627163676756374
NLD,power,2024-08-11 07:00:00,-1.1696102044398937e-10
NLD,power,2024-08-11 08:00:00,-1.4796153217192644e-10
NLD,power,2024-08-11 09:00:00,0.0
NLD,power,2024-08-11 10:00:00,0.0
NLD,power,2024-08-11 11:00:00,0.0
NLD,power,2024-08-11 12:00:00,0.0
NLD,power,2024-08-11 13:00:00,0.0
NLD,power,2024-08-11 14:00:00,-1.5116208587610608e-10
NLD,power,2024-08-11 15:00:00,-1.3232388064968888e-10
NLD,power,2024-08-11 16:00:00,-1.1943819595444905e-10
NLD,power,2024-08-11 17:00:00,1.4615568995278018e-09
NLD,power,2024-08-11 18:00:00,0.030509138886388867
NLD,power,2024-08-11 19:00:00,0.04976841903450508
NLD,power,2024-08-11 20:00:00,0.04976841991828102
NLD,power,2024-08-11 21:00:00,0.049768420385567405
NLD,power,2024-08-11 22:00:00,0.04976842043607237
NLD,power,2024-08-11 23:00:00,0.04976842011008134
NLD,power,2024-08-12 00:00:00,0.049768419337541135
NLD,power,2024-08-12 01:00:00,0.04976841779510972
NLD,power,2024-08-12 02:00:00,0.04976841598809433
NLD,power,2024-08-12 03:00:00,0.04976841579215734
NLD,power,2024-08-12 04:00:00,0.04976841711666514
NLD,power,2024-08-12 05:00:00,0.04976841753547699
NLD,power,2024-08-12 06:00:00,0.030509087025550198
NLD,power,2024-08-12 07:00:00,1.7802993028233175e-09
NLD,power,2024-08-12 08:00:00,-1.1248850463126268e-10
NLD,power,2024-08-12 09:00:00,-1.1585307743086102e-10
NLD,power,2024-08-12 10:00:00,-1.240293260654678e-10
NLD,power,2024-08-12 11:00:00,-1.3012249203324581e-10
NLD,power,2024-08-12 12:00:00,-1.3089793368906208e-10
NLD,power,2024-08-12 13:00:00,-1.2491051437702283e-10
NLD,power,2024-08-12 14:00:00,-1.1727901126017447e-10
NLD,power,2024-08-12 15:00:00,-1.1191163748890191e-10
NLD,power,2024-08-12 16:00:00,3.185849606748316e-09
NLD,power,2024-08-12 17:00:00,0.0497684194361154
NLD,power,2024-08-12 18:00:00,0.04976842057453476
NLD,power,2024-08-12 19:00:00,0.049768420651318604
NLD,power,2024-08-12 20:00:00,0.049768420688098496
NLD,power,2024-08-12 21:00:00,0.04976842080321426
NLD,power,2024-08-12 22:00:00,0.04976842075001262
NLD,power,2024-08-12 23:00:00,0.049768420599321156
NLD,power,2024-08-13 00:00:00,0.04976842046756596
NLD,power,2024-08-13 01:00:00,0.04976842022859001
NLD,power,2024-08-13 02:00:00,0.049768419953915184
NLD,power,2024-08-13 03:00:00,0.049768419713878666
NLD,power,2024-08-13 04:00:00,0.04976841957307145
NLD,power,2024-08-13 05:00:00,0.04976841949382457
NLD,power,2024-08-13 06:00:00,0.04976841627869472
NLD,power,2024-08-13 07:00:00,0.022881705818264975
NLD,power,2024-08-13 08:00:00,2.3431769676801444e-09
NLD,power,2024-08-13 09:00:00,-1.0564098018263577e-10
NLD,power,2024-08-13 10:00:00,-1.1054811553786527e-10
NLD,power,2024-08-13 11:00:00,-1.1452917204409961e-10
NLD,power,2024-08-13 12:00:00,-1.1442743391671955e-10
NLD,power,2024-08-13 13:00:00,-1.1029543589532743e-10
NLD,power,2024-08-13 14:00:00,-1.057581621071625e-10
NLD,power,2024-08-13 15:00:00,2.7843782651854505e-09
NLD,power,2024-08-13 16:00:00,0.022881789273899916
NLD,power,2024-08-13 17:00:00,0.04976841948218936
NLD,power,2024-08-13 18:00:00,0.049768420517711576
NLD,power,2024-08-13 19:00:00,0.049768420598473743
NLD,power,2024-08-13 20:00:00,0.049768420582319804
NLD,power,2024-08-13 21:00:00,0.04976842063435216
NLD,power,2024-08-13 22:00:00,0.049768420366295224
NLD,power,2024-08-13 23:00:00,0.04976841966925555
NLD,power,2024-08-14 00:00:00,0.04976841747068667
NLD,power,2024-08-14 01:00:00,0.007627283821437877
NLD,power,2024-08-14 02:00:00,0.007627271616106435
NLD,power,2024-08-14 03:00:00,0.007627272835661851
NLD,power,2024-08-14 04:00:00,0.007627272693515931
NLD,power,2024-08-14 05:00:00,0.007627327803351048
NLD,power,2024-08-14 06:00:00,0.015254470011544698
NLD,power,2024-08-14 07:00:00,-1.0653942405203318e-10
NLD,power,2024-08-14 08:00:00,-1.2025878614925581e-10
NLD,power,2024-08-14 09:00:00,-1.351687368447504e-10
NLD,power,2024-08-14 10:00:00,-1.4982335496818122e-10
NLD,power,2024-08-14 11:00:00,0.0
NLD,power,2024-08-14 12:00:00,0.0
NLD,power,2024-08-14 13:00:00,-1.5240916082647448e-10
NLD,power,2024-08-14 14:00:00,-1.3943074392270015e-10
NLD,power,2024-08-14 15:00:00,-1.282754185012556e-10
NLD,power,2024-08-14 16:00:00,-1.1371008382157749e-10
NLD,power,2024-08-14 17:00:00,1.8933124228266672e-09
NLD,power,2024-08-14 18:00:00,0.015255209622761888
NLD,power,2024-08-14 19:00:00,0.007627279768559437
NLD,power,2024-08-14 20:00:00,0.007627274321577948
NLD,power,2024-08-14 21:00:00,0.04976840804805092
NLD,power,2024-08-14 22:00:00,0.007627294798470014
NLD,power,2024-08-14 23:00:00,0.007627273627092584
NLD,power,2024-08-15 00:00:00,0.00762727439535332
NLD,power,2024-08-15 01:00:00,0.00762727339475064
NLD,power,2024-08-15 02:00:00,0.007627272137382229
NLD,power,2024-08-15 03:00:00,0.0076272717128840475
NLD,power,2024-08-15 04:00:00,0.007627272546270843
NLD,power,2024-08-15 05:00:00,0.01525450233960808
NLD,power,2024-08-15 06:00:00,-1.0386705617894743e-10
NLD,power,2024-08-15 07:00:00,-1.209817341823753e-10
NLD,power,2024-08-15 08:00:00,-1.447480952373136e-10
NLD,power,2024-08-15 09:00:00,-1.6927094459012058e-10
NLD,power,2024-08-15 10:00:00,0.0
NLD,power,2024-08-15 11:00:00,0.0
NLD,power,2024-08-15 12:00:00,0.0
NLD,power,2024-08-15 13:00:00,0.0
NLD,power,2024-08-15 14:00:00,-1.547062110948377e-10
NLD,power,2024-08-15 15:00:00,-1.3505987322005116e-10
NLD,power,2024-08-15 16:00:00,-1.181944210554893e-10
NLD,power,2024-08-15 17:00:00,1.4741070592239992e-09
NLD,power,2024-08-15 18:00:00,0.02288181343463511
NLD,power,2024-08-15 19:00:00,0.007627280692227473
NLD,power,2024-08-15 20:00:00,0.00762728918107156
NLD,power,2024-08-15 21:00:00,0.04976841846277299
NLD,power,2024-08-15 22:00:00,0.049768418693256274
NLD,power,2024-08-15 23:00:00,0.049768411319574976
NLD,power,2024-08-16 00:00:00,0.007627280079209419
NLD,power,2024-08-16 01:00:00,0.0076272728349880015
NLD,power,2024-08-16 02:00:00,0.007627272753721749
NLD,power,2024-08-16 03:00:00,0.007627272002016544
NLD,power,2024-08-16 04:00:00,0.007627272140132714
NLD,power,2024-08-16 05:00:00,0.007627335492280599
NLD,power,2024-08-16 06:00:00,0.0076272138278207875
NLD,power,2024-08-16 07:00:00,-1.074937502323155e-10
NLD,power,2024-08-16 08:00:00,-1.24383506886917e-10
NLD,power,2024-08-16 09:00:00,-1.4134479547541503e-10
NLD,power,2024-08-16 10:00:00,-1.5590608761102535e-10
NLD,power,2024-08-16 11:00:00,0.0
NLD,power,2024-08-16 12:00:00,0.0
NLD,power,2024-08-16 13:00:00,-1.542618302625276e-10
NLD,power,2024-08-16 14:00:00,-1.3763787309541943e-10
NLD,power,2024-08-16 15:00:00,-1.2556469519504635e-10
NLD,power,2024-08-16 16:00:00,-1.1386658599230564e-10
NLD,power,2024-08-16 17:00:00,4.8534608583202816e-09
NLD,power,2024-08-16 18:00:00,0.04976841933450106
NLD,power,2024-08-16 19:00:00,0.04976841994521877
NLD,power,2024-08-16 20:00:00,0.049768420120295205
NLD,power,2024-08-16 21:00:00,0.0497684203998266
NLD,power,2024-08-16 22:00:00,0.049768420256190986
NLD,power,2024-08-16 23:00:00,0.04976841955686037
NLD,power,2024-08-17 00:00:00,0.04976841847063441
NLD,power,2024-08-17 01:00:00,0.04976836555067433
NLD,power,2024-08-17 02:00:00,0.007627274219669119
NLD,power,2024-08-17 03:00:00,0.0076272738939526285
NLD,power,2024-08-17 04:00:00,0.007627274313278991
NLD,power,2024-08-17 05:00:00,0.022881800002443654
NLD,power,2024-08-17 06:00:00,8.33893342244961e-09
NLD,power,2024-08-17 07:00:00,-1.0969725873765491e-10
NLD,power,2024-08-17 08:00:00,-1.298006892617329e-10
NLD,power,2024-08-17 09:00:00,-1.5059250052786155e-10
NLD,power,2024-08-17 10:00:00,0.0
NLD,power,2024-08-17 11:00:00,0.0
NLD,power,2024-08-17 12:00:00,0.0
NLD,power,2024-08-17 13:00:00,0.0
NLD,power,2024-08-17 14:00:00,-1.5021327361298298e-10
NLD,power,2024-08-17 15:00:00,-1.3268286104262572e-10
NLD,power,2024-08-17 16:00:00,-1.2250338563952934e-10
NLD,power,2024-08-17 17:00:00,9.823541769855744e-10
NLD,power,2024-08-17 18:00:00,0.049768322224020035
NLD,power,2024-08-17 19:00:00,0.049768419361093795
NLD,power,2024-08-17 20:00:00,0.049768419995525885
NLD,power,2024-08-17 21:00:00,0.04976842046057844
NLD,power,2024-08-17 22:00:00,0.049768420312637784
NLD,power,2024-08-17 23:00:00,0.049768419909400945
NLD,power,2024-08-18 00:00:00,0.049768418946556786
NLD,power,2024-08-18 01:00:00,0.04976840865521753
NLD,power,2024-08-18 02:00:00,0.007627276326075671
NLD,power,2024-08-18 03:00:00,0.00762727382856375
NLD,power,2024-08-18 04:00:00,0.007627273247438369
NLD,power,2024-08-18 05:00:00,0.015254820492827916
NLD,power,2024-08-18 06:00:00,1.9943046462855983e-09
NLD,power,2024-08-18 07:00:00,-1.1873268868132175e-10
NLD,power,2024-08-18 08:00:00,-1.4682902621735064e-10
NLD,power,2024-08-18 09:00:00,0.0
NLD,power,2024-08-18 10:00:00,0.0
NLD,power,2024-08-18 11:00:00,0.0
NLD,power,2024-08-18 12:00:00,0.0
NLD,power,2024-08-18 13:00:00,0.0
NLD,power,2024-08-18 14:00:00,0.0
NLD,power,2024-08-18 15:00:00,-1.6119985835729997e-10
NLD,power,2024-08-18 16:00:00,-1.3250696396192267e-10
NLD,power,2024-08-18 17:00:00,-1.0968448298811167e-10
NLD,power,2024-08-18 18:00:00,0.015254449961293744
NLD,power,2024-08-18 19:00:00,0.007627349231853582
NLD,power,2024-08-18 20:00:00,0.007627266012926744
NLD,power,2024-08-18 21:00:00,0.049768412537685235
NLD,power,2024-08-18 22:00:00,0.04976841706643644
NLD,power,2024-08-18 23:00:00,0.049768303476170055
NLD,power,2024-08-19 00:00:00,0.007627276864482078
NLD,power,2024-08-19 01:00:00,0.007627272828410649
NLD,power,2024-08-19 02:00:00,0.007627271363318975
NLD,power,2024-08-19 03:00:00,0.007627271970662828
NLD,power,2024-08-19 04:00:00,0.007627272080369595
NLD,power,2024-08-19 05:00:00,0.007627276906739811
NLD,power,2024-08-19 06:00:00,0.015254542934355611
NLD,power,2024-08-19 07:00:00,-1.0429059061078458e-10
NLD,power,2024-08-19 08:00:00,-1.1494679295512411e-10
NLD,power,2024-08-19 09:00:00,-1.2808121818855707e-10
NLD,power,2024-08-19 10:00:00,-1.4221453953895892e-10
NLD,power,2024-08-19 11:00:00,-1.5160927554160667e-10
NLD,power,2024-08-19 12:00:00,-1.517174729995555e-10
NLD,power,2024-08-19 13:00:00,-1.4123997417308947e-10
NLD,power,2024-08-19 14:00:00,-1.3026998260899457e-10
NLD,power,2024-08-19 15:00:00,-1.2298099524690856e-10
NLD,power,2024-08-19 16:00:00,8.149870008545522e-10
NLD,power,2024-08-19 17:00:00,0.04976840472782421
NLD,power,2024-08-19 18:00:00,0.04976842044453896
NLD,power,2024-08-19 19:00:00,0.04976842050519548
NLD,power,2024-08-19 20:00:00,0.049768420557845736
NLD,power,2024-08-19 21:00:00,0.04976842065533931
NLD,power,2024-08-19 22:00:00,0.04976842049325221
NLD,power,2024-08-19 23:00:00,0.049768420071252636
NLD,power,2024-08-20 00:00:00,0.04976841957512416
NLD,power,2024-08-20 01:00:00,0.04976841796772767
NLD,power,2024-08-20 02:00:00,0.049768407425981404
NLD,power,2024-08-20 03:00:00,0.007627282364018718
NLD,power,2024-08-20 04:00:00,0.00762727882115196
NLD,power,2024-08-20 05:00:00,0.0076272863555942
NLD,power,2024-08-20 06:00:00,0.022881810238448094
NLD,power,2024-08-20 07:00:00,2.608268107622807e-09
NLD,power,2024-08-20 08:00:00,-1.1333380627266571e-10
NLD,power,2024-08-20 09:00:00,-1.243499189994642e-10
NLD,power,2024-08-20 10:00:00,-1.3940069533282775e-10
NLD,power,2024-08-20 11:00:00,-1.4884652108020375e-10
NLD,power,2024-08-20 12:00:00,-1.4819102653134623e-10
NLD,power,2024-08-20 13:00:00,-1.4000722649921808e-10
NLD,power,2024-08-20 14:00:00,-1.2882471391373896e-10
NLD,power,2024-08-20 15:00:00,-1.1806696333620727e-10
NLD,power,2024-08-20 16:00:00,-1.0946967168100225e-10
NLD,power,2024-08-20 17:00:00,8.78251671507102e-08
NLD,power,2024-08-20 18:00:00,0.04976841893091842
NLD,power,2024-08-20 19:00:00,0.049768419595933686
NLD,power,2024-08-20 20:00:00,0.049768419687624924
NLD,power,2024-08-20 21:00:00,0.04976842015220903
NLD,power,2024-08-20 22:00:00,0.04976841958082741
NLD,power,2024-08-20 23:00:00,0.049768408778307245
NLD,power,2024-08-21 00:00:00,0.007627275935363744
NLD,power,2024-08-21 01:00:00,0.007627273086206634
NLD,power,2024-08-21 02:00:00,0.007627270723519311
NLD,power,2024-08-21 03:00:00,0.007627271567433959
NLD,power,2024-08-21 04:00:00,0.0076272721540300405
NLD,power,2024-08-21 05:00:00,0.007627275887976936
NLD,power,2024-08-21 06:00:00,0.015254543401173177
NLD,power,2024-08-21 07:00:00,-1.0549614584200823e-10
NLD,power,2024-08-21 08:00:00,-1.1655149778043333e-10
NLD,power,2024-08-21 09:00:00,-1.2850128322902446e-10
NLD,power,2024-08-21 10:00:00,-1.3824690494880825e-10
NLD,power,2024-08-21 11:00:00,-1.4399857945447976e-10
NLD,power,2024-08-21 12:00:00,-1.421568745815501e-10
NLD,power,2024-08-21 13:00:00,-1.304330844312694e-10
NLD,power,2024-08-21 14:00:00,-1.198579467271224e-10
NLD,power,2024-08-21 15:00:00,-1.1404252477421498e-10
NLD,power,2024-08-21 16:00:00,2.1673461356753882e-09
NLD,power,2024-08-21 17:00:00,0.04976841884238936
NLD,power,2024-08-21 18:00:00,0.049768420517636594
NLD,power,2024-08-21 19:00:00,0.04976842057714299
NLD,power,2024-08-21 20:00:00,0.049768420615136075
NLD,power,2024-08-21 21:00:00,0.04976842074526524
NLD,power,2024-08-21 22:00:00,0.049768420630795285
NLD,power,2024-08-21 23:00:00,0.04976842039104471
NLD,power,2024-08-22 00:00:00,0.04976842024982432
NLD,power,2024-08-22 01:00:00,0.04976841995653859
NLD,power,2024-08-22 02:00:00,0.04976841957520678
NLD,power,2024-08-22 03:00:00,0.0497684192756546
NLD,power,2024-08-22 04:00:00,0.04976841923467891
NLD,power,2024-08-22 05:00:00,0.04976841954481842
NLD,power,2024-08-22 06:00:00,0.049768418015629506
NLD,power,2024-08-22 07:00:00,1.010513141492827e-08
NLD,power,2024-08-22 08:00:00,-1.0853880403222543e-10
NLD,power,2024-08-22 09:00:00,-1.1318955857329232e-10
NLD,power,2024-08-22 10:00:00,-1.200569603275356e-10
NLD,power,2024-08-22 11:00:00,-1.2542735018196033e-10
NLD,power,2024-08-22 12:00:00,-1.2530860047753946e-10
NLD,power,2024-08-22 13:00:00,-1.1813854595418282e-10
NLD,power,2024-08-22 14:00:00,-1.1182057834620977e-10
NLD,power,2024-08-22 15:00:00,1.272210792727892e-09
NLD,power,2024-08-22 16:00:00,0.022881813941376544
NLD,power,2024-08-22 17:00:00,0.04976842009414765
NLD,power,2024-08-22 18:00:00,0.04976842066135671
NLD,power,2024-08-22 19:00:00,0.04976842065667612
NLD,power,2024-08-22 20:00:00,0.04976842071432672
NLD,power,2024-08-22 21:00:00,0.049768420807467614
NLD,power,2024-08-22 22:00:00,0.04976842069828816
NLD,power,2024-08-22 23:00:00,0.04976842051649231
NLD,power,2024-08-23 00:00:00,0.049768420374712886
NLD,power,2024-08-23 01:00:00,0.049768420125987936
NLD,power,2024-08-23 02:00:00,0.04976841981293644
NLD,power,2024-08-23 03:00:00,0.049768419466299646
NLD,power,2024-08-23 04:00:00,0.049768419324995795
NLD,power,2024-08-23 05:00:00,0.04976841948031641
NLD,power,2024-08-23 06:00:00,0.0497684174655073
NLD,power,2024-08-23 07:00:00,6.9342772102331805e-09
NLD,power,2024-08-23 08:00:00,-1.106194786346916e-10
NLD,power,2024-08-23 09:00:00,-1.163167072910539e-10
NLD,power,2024-08-23 10:00:00,-1.244028015186194e-10
NLD,power,2024-08-23 11:00:00,-1.3150141912002617e-10
NLD,power,2024-08-23 12:00:00,-1.3087458549212515e-10
NLD,power,2024-08-23 13:00:00,-1.2248691203839445e-10
NLD,power,2024-08-23 14:00:00,-1.1446526909404464e-10
NLD,power,2024-08-23 15:00:00,-1.0903595066632027e-10
NLD,power,2024-08-23 16:00:00,9.183245247794035e-09
NLD,power,2024-08-23 17:00:00,0.04976841982842702
NLD,power,2024-08-23 18:00:00,0.049768420663368944
NLD,power,2024-08-23 19:00:00,0.04976842067244243
NLD,power,2024-08-23 20:00:00,0.04976842065070634
NLD,power,2024-08-23 21:00:00,0.04976842070026583
NLD,power,2024-08-23 22:00:00,0.04976842046491323
NLD,power,2024-08-23 23:00:00,0.04976841987748513
NLD,power,2024-08-24 00:00:00,0.04976841849373326
NLD,power,2024-08-24 01:00:00,0.007627297210962223
NLD,power,2024-08-24 02:00:00,0.007627269928868367
NLD,power,2024-08-24 03:00:00,0.007627271474775535
NLD,power,2024-08-24 04:00:00,0.007627272095248493
NLD,power,2024-08-24 05:00:00,0.007627282183611304
NLD,power,2024-08-24 06:00:00,0.007627263582645168
NLD,power,2024-08-24 07:00:00,-1.1226739674168414e-10
NLD,power,2024-08-24 08:00:00,-1.4117124321681315e-10
NLD,power,2024-08-24 09:00:00,-1.6487878923407267e-10
NLD,power,2024-08-24 10:00:00,0.0
NLD,power,2024-08-24 11:00:00,0.0
NLD,power,2024-08-24 12:00:00,0.0
NLD,power,2024-08-24 13:00:00,-1.6195898110849454e-10
NLD,power,2024-08-24 14:00:00,-1.372474965685239e-10
NLD,power,2024-08-24 15:00:00,-1.2122924662135884e-10
NLD,power,2024-08-24 16:00:00,-1.1222872083632511e-10
NLD,power,2024-08-24 17:00:00,2.706952724527853e-09
NLD,power,2024-08-24 18:00:00,0.04976818087290707
NLD,power,2024-08-24 19:00:00,0.049768411087756204
NLD,power,2024-08-24 20:00:00,0.0497684096290961
NLD,power,2024-08-24 21:00:00,0.04976841840290537
NLD,power,2024-08-24 22:00:00,0.049768412941960195
NLD,power,2024-08-24 23:00:00,0.007627281217985514
NLD,power,2024-08-25 00:00:00,0.007627274884464549
NLD,power,2024-08-25 01:00:00,0.007627274025871216
NLD,power,2024-08-25 02:00:00,0.007627270973965322
NLD,power,2024-08-25 03:00:00,0.007627269903620697
NLD,power,2024-08-25 04:00:00,0.007627271107300312
NLD,power,2024-08-25 05:00:00,0.007627278817510333
NLD,power,2024-08-25 06:00:00,-1.0259776255636093e-10
NLD,power,2024-08-25 07:00:00,-1.2014860962041142e-10
NLD,power,2024-08-25 08:00:00,-1.4183074384132492e-10
NLD,power,2024-08-25 09:00:00,-1.5948611141556377e-10
NLD,power,2024-08-25 10:00:00,0.0
NLD,power,2024-08-25 11:00:00,0.0
NLD,power,2024-08-25 12:00:00,0.0
NLD,power,2024-08-25 13:00:00,-1.5692207443520744e-10
NLD,power,2024-08-25 14:00:00,-1.389874614490306e-10
NLD,power,2024-08-25 15:00:00,-1.2452636174083851e-10
NLD,power,2024-08-25 16:00:00,-1.1089192673979659e-10
NLD,power,2024-08-25 17:00:00,2.8421163442109796e-09
NLD,power,2024-08-25 18:00:00,0.022881780232124584
NLD,power,2024-08-25 19:00:00,0.007627273549724001
NLD,power,2024-08-25 20:00:00,0.007627277503591688
NLD,power,2024-08-25 21:00:00,0.04976841852675765
NLD,power,2024-08-25 22:00:00,0.049768418895477874
NLD,power,2024-08-25 23:00:00,0.049768415481163744
NLD,power,2024-08-26 00:00:00,0.007627316942342745
NLD,power,2024-08-26 01:00:00,0.00762727446143773
NLD,power,2024-08-26 02:00:00,0.007627273814431384
NLD,power,2024-08-26 03:00:00,0.007627273644775356
NLD,power,2024-08-26 04:00:00,0.007627272770165593
NLD,power,2024-08-26 05:00:00,0.0076272760599813425
NLD,power,2024-08-26 06:00:00,0.015254580263011302
NLD,power,2024-08-26 07:00:00,2.36339121185394e-09
NLD,power,2024-08-26 08:00:00,-1.1128608733700275e-10
NLD,power,2024-08-26 09:00:00,-1.225371729052958e-10
NLD,power,2024-08-26 10:00:00,-1.3110634663634247e-10
NLD,power,2024-08-26 11:00:00,-1.362447178308283e-10
NLD,power,2024-08-26 12:00:00,-1.337215317910241e-10
NLD,power,2024-08-26 13:00:00,-1.2500670105468935e-10
NLD,power,2024-08-26 14:00:00,-1.163485727844088e-10
NLD,power,2024-08-26 15:00:00,-1.1017438723313995e-10
NLD,power,2024-08-26 16:00:00,6.476805021908924e-09
NLD,power,2024-08-26 17:00:00,0.049768419793035784
NLD,power,2024-08-26 18:00:00,0.04976842059839164
NLD,power,2024-08-26 19:00:00,0.04976842053061636
NLD,power,2024-08-26 20:00:00,0.04976842055899864
NLD,power,2024-08-26 21:00:00,0.049768420710353735
NLD,power,2024-08-26 22:00:00,0.04976842057285057
NLD,power,2024-08-26 23:00:00,0.049768420318758756
NLD,power,2024-08-27 00:00:00,0.049768420017488595
NLD,power,2024-08-27 01:00:00,0.04976841953680349
NLD,power,2024-08-27 02:00:00,0.04976841882950632
NLD,power,2024-08-27 03:00:00,0.049768418680928794
NLD,power,2024-08-27 04:00:00,0.04976841869496066
NLD,power,2024-08-27 05:00:00,0.049768419035899396
NLD,power,2024-08-27 06:00:00,0.049768418246247025
NLD,power,2024-08-27 07:00:00,0.02288180967682975
NLD,power,2024-08-27 08:00:00,1.1650512234553025e-09
NLD,power,2024-08-27 09:00:00,-1.1446671757569264e-10
NLD,power,2024-08-27 10:00:00,-1.2159611122580507e-10
NLD,power,2024-08-27 11:00:00,-1.265398633090327e-10
NLD,power,2024-08-27 12:00:00,-1.2458104741454807e-10
NLD,power,2024-08-27 13:00:00,-1.1862599728019416e-10
NLD,power,2024-08-27 14:00:00,-1.1506159821495386e-10
NLD,power,2024-08-27 15:00:00,1.1653762057473485e-09
NLD,power,2024-08-27 16:00:00,0.049768403022752684
NLD,power,2024-08-27 17:00:00,0.0497684205093634
NLD,power,2024-08-27 18:00:00,0.049768420807208696
NLD,power,2024-08-27 19:00:00,0.04976842079564586
NLD,power,2024-08-27 20:00:00,0.049768420815005314
NLD,power,2024-08-27 21:00:00,0.04976842091507949
NLD,power,2024-08-27 22:00:00,0.0497684208266196
NLD,power,2024-08-27 23:00:00,0.049768420691443584
NLD,power,2024-08-28 00:00:00,0.0497684205684038
NLD,power,2024-08-28 01:00:00,0.04976842038056669
NLD,power,2024-08-28 02:00:00,0.04976842019937252
NLD,power,2024-08-28 03:00:00,0.04976842005225828
NLD,power,2024-08-28 04:00:00,0.049768419953322846
NLD,power,2024-08-28 05:00:00,0.049768420028971645
NLD,power,2024-08-28 06:00:00,0.04976841941699816
NLD,power,2024-08-28 07:00:00,0.022881819006889813
NLD,power,2024-08-28 08:00:00,1.0089091536716257e-09
NLD,power,2024-08-28 09:00:00,-1.18879517376623e-10
NLD,power,2024-08-28 10:00:00,-1.2709384760795994e-10
NLD,power,2024-08-28 11:00:00,-1.3384390096074508e-10
NLD,power,2024-08-28 12:00:00,-1.323654168463827e-10
NLD,power,2024-08-28 13:00:00,-1.2412496181144319e-10
NLD,power,2024-08-28 14:00:00,-1.1536011379987125e-10
NLD,power,2024-08-28 15:00:00,-1.0961854209048888e-10
NLD,power,2024-08-28 16:00:00,4.2474012831767035e-09
NLD,power,2024-08-28 17:00:00,0.04976841904519333
NLD,power,2024-08-28 18:00:00,0.04976842035126396
NLD,power,2024-08-28 19:00:00,0.04976842036091986
NLD,power,2024-08-28 20:00:00,0.049768420522318356
NLD,power,2024-08-28 21:00:00,0.04976842072823701
NLD,power,2024-08-28 22:00:00,0.04976842056276908
NLD,power,2024-08-28 23:00:00,0.049768420170550005
NLD,power,2024-08-29 00:00:00,0.04976841971203883
NLD,power,2024-08-29 01:00:00,0.04976841914742222
NLD,power,2024-08-29 02:00:00,0.04976841859750763
NLD,power,2024-08-29 03:00:00,0.049768418254822415
NLD,power,2024-08-29 04:00:00,0.049768418520624545
NLD,power,2024-08-29 05:00:00,0.049768419230223876
NLD,power,2024-08-29 06:00:00,0.049768419896235996
NLD,power,2024-08-29 07:00:00,0.04976841802156583
NLD,power,2024-08-29 08:00:00,9.783332064512771e-09
NLD,power,2024-08-29 09:00:00,2.359634631917924e-09
NLD,power,2024-08-29 10:00:00,-1.0610251119380163e-10
NLD,power,2024-08-29 11:00:00,-1.0980038084865506e-10
NLD,power,2024-08-29 12:00:00,-1.1067850529857698e-10
NLD,power,2024-08-29 13:00:00,-1.0936933519030597e-10
NLD,power,2024-08-29 14:00:00,1.3172662434553114e-09
NLD,power,2024-08-29 15:00:00,3.4228486045593848e-09
NLD,power,2024-08-29 16:00:00,0.04976841710469573
NLD,power,2024-08-29 17:00:00,0.04976842049467924
NLD,power,2024-08-29 18:00:00,0.049768420786807765
NLD,power,2024-08-29 19:00:00,0.04976842078789651
NLD,power,2024-08-29 20:00:00,0.049768420814435714
NLD,power,2024-08-29 21:00:00,0.049768420889931664
NLD,power,2024-08-29 22:00:00,0.049768420765946175
NLD,power,2024-08-29 23:00:00,0.04976842056443929
NLD,power,2024-08-30 00:00:00,0.049768420341616056
NLD,power,2024-08-30 01:00:00,0.04976841996098547
NLD,power,2024-08-30 02:00:00,0.04976841901322254
NLD,power,2024-08-30 03:00:00,0.04976841800505831
NLD,power,2024-08-30 04:00:00,0.04976841744300333
NLD,power,2024-08-30 05:00:00,0.049768418233112906
NLD,power,2024-08-30 06:00:00,0.04976841840958586
NLD,power,2024-08-30 07:00:00,0.022881805374373072
NLD,power,2024-08-30 08:00:00,-1.0843229889612904e-10
NLD,power,2024-08-30 09:00:00,-1.1389036778530425e-10
NLD,power,2024-08-30 10:00:00,-1.1817483129004134e-10
NLD,power,2024-08-30 11:00:00,-1.2145887373636226e-10
NLD,power,2024-08-30 12:00:00,-1.1928413319217376e-10
NLD,power,2024-08-30 13:00:00,-1.1271503091671732e-10
NLD,power,2024-08-30 14:00:00,-1.0901773076724199e-10
NLD,power,2024-08-30 15:00:00,2.470515252892834e-09
NLD,power,2024-08-30 16:00:00,0.04976841695969805
NLD,power,2024-08-30 17:00:00,0.04976842043578416
NLD,power,2024-08-30 18:00:00,0.04976842067014457
NLD,power,2024-08-30 19:00:00,0.04976842054021708
NLD,power,2024-08-30 20:00:00,0.049768420538851874
NLD,power,2024-08-30 21:00:00,0.049768420667588714
NLD,power,2024-08-30 22:00:00,0.049768420412072766
NLD,power,2024-08-30 23:00:00,0.0497684199912907
NLD,power,2024-08-31 00:00:00,0.04976841938608281
NLD,power,2024-08-31 01:00:00,0.0497684179010091
NLD,power,2024-08-31 02:00:00,0.049768408569507816
NLD,power,2024-08-31 03:00:00,0.007627284347393249
NLD,power,2024-08-31 04:00:00,0.007627276986259677
NLD,power,2024-08-31 05:00:00,0.00762727788533822
NLD,power,2024-08-31 06:00:00,0.02288181293078766
NLD,power,2024-08-31 07:00:00,4.071328600646186e-09
NLD,power,2024-08-31 08:00:00,-1.0942345705968883e-10
NLD,power,2024-08-31 09:00:00,-1.159626218295415e-10
NLD,power,2024-08-31 10:00:00,-1.2264685977520897e-10
NLD,power,2024-08-31 11:00:00,-1.2740868704616826e-10
NLD,power,2024-08-31 12:00:00,-1.2548784636943717e-10
NLD,power,2024-08-31 13:00:00,-1.1966134492703365e-10
NLD,power,2024-08-31 14:00:00,-1.1329204636468344e-10
NLD,power,2024-08-31 15:00:00,-1.1057581185532247e-10
NLD,power,2024-08-31 16:00:00,2.455194220570589e-09
NLD,power,2024-08-31 17:00:00,0.04976841740294263
NLD,power,2024-08-31 18:00:00,0.04976842035077949
NLD,power,2024-08-31 19:00:00,0.049768420422983406
NLD,power,2024-08-31 20:00:00,0.049768420518672765
NLD,power,2024-08-31 21:00:00,0.049768420694161895
NLD,power,2024-08-31 22:00:00,0.049768420565166734
NLD,power,2024-08-31 23:00:00,0.04976842033570238
NLD,power,2024-09-01 00:00:00,0.04976842004321805
NLD,power,2024-09-01 01:00:00,0.04976841955424253
NLD,power,2024-09-01 02:00:00,0.049768418936010264
NLD,power,2024-09-01 03:00:00,0.04976841842849028
NLD,power,2024-09-01 04:00:00,0.0497684183106967
NLD,power,2024-09-01 05:00:00,0.04976841814005758
NLD,power,2024-09-01 06:00:00,0.030509563246068957
NLD,power,2024-09-01 07:00:00,1.5688755307292608e-09
NLD,power,2024-09-01 08:00:00,-1.1931763713176507e-10
NLD,power,2024-09-01 09:00:00,-1.278559981351583e-10
NLD,power,2024-09-01 10:00:00,-1.3751933827132685e-10
NLD,power,2024-09-01 11:00:00,-1.5041349934193355e-10
NLD,power,2024-09-01 12:00:00,-1.5592299542230157e-10
NLD,power,2024-09-01 13:00:00,-1.4329592560001413e-10
NLD,power,2024-09-01 14:00:00,-1.2466249952653612e-10
NLD,power,2024-09-01 15:00:00,-1.1860370783779265e-10
NLD,power,2024-09-01 16:00:00,1.195619320477487e-09
NLD,power,2024-09-01 17:00:00,0.04976841381000498
NLD,power,2024-09-01 18:00:00,0.04976842034975721
NLD,power,2024-09-01 19:00:00,0.04976842024012633
NLD,power,2024-09-01 20:00:00,0.049768420334964626
NLD,power,2024-09-01 21:00:00,0.04976842060120242
NLD,power,2024-09-01 22:00:00,0.04976842052542142
NLD,power,2024-09-01 23:00:00,0.049768420227621075
NLD,power,2024-09-02 00:00:00,0.0497684197421709
NLD,power,2024-09-02 01:00:00,0.04976841868898323
NLD,power,2024-09-02 02:00:00,0.04976841674741389
NLD,power,2024-09-02 03:00:00,0.04976841638655399
NLD,power,2024-09-02 04:00:00,0.04976841687950502
NLD,power,2024-09-02 05:00:00,0.0497684187619402
NLD,power,2024-09-02 06:00:00,0.04976841907250891
NLD,power,2024-09-02 07:00:00,0.03050900424436375
NLD,power,2024-09-02 08:00:00,1.5242814999079907e-09
NLD,power,2024-09-02 09:00:00,-1.1196279757749276e-10
NLD,power,2024-09-02 10:00:00,-1.1333472976142998e-10
NLD,power,2024-09-02 11:00:00,-1.1717762073721102e-10
NLD,power,2024-09-02 12:00:00,-1.1408844708643836e-10
NLD,power,2024-09-02 13:00:00,-1.0931647886379694e-10
NLD,power,2024-09-02 14:00:00,2.002329067417929e-09
NLD,power,2024-09-02 15:00:00,0.02288181476405481
NLD,power,2024-09-02 16:00:00,0.049768419728383674
NLD,power,2024-09-02 17:00:00,0.04976842064679049
NLD,power,2024-09-02 18:00:00,0.049768420773497975
NLD,power,2024-09-02 19:00:00,0.04976842060823612
NLD,power,2024-09-02 20:00:00,0.04976842062315193
NLD,power,2024-09-02 21:00:00,0.0497684206974105
NLD,power,2024-09-02 22:00:00,0.04976842039148961
NLD,power,2024-09-02 23:00:00,0.04976841999327379
NLD,power,2024-09-03 00:00:00,0.04976841925826684
NLD,power,2024-09-03 01:00:00,0.04976841767594493
NLD,power,2024-09-03 02:00:00,0.049768410423943144
NLD,power,2024-09-03 03:00:00,0.04976837750969511
NLD,power,2024-09-03 04:00:00,0.04976839110945904
NLD,power,2024-09-03 05:00:00,0.04976841333404284
NLD,power,2024-09-03 06:00:00,0.04976841074217978
NLD,power,2024-09-03 07:00:00,1.104165448861698e-08
NLD,power,2024-09-03 08:00:00,1.7580615510912668e-09
NLD,power,2024-09-03 09:00:00,-1.072773157577694e-10
NLD,power,2024-09-03 10:00:00,-1.1148860529210775e-10
NLD,power,2024-09-03 11:00:00,-1.1415926254516791e-10
NLD,power,2024-09-03 12:00:00,-1.1540942634316837e-10
NLD,power,2024-09-03 13:00:00,-1.1226680167798414e-10
NLD,power,2024-09-03 14:00:00,-1.0962155709713455e-10
NLD,power,2024-09-03 15:00:00,-1.0922745574219213e-10
NLD,power,2024-09-03 16:00:00,1.942927868091165e-09
NLD,power,2024-09-03 17:00:00,0.030509108881294187
NLD,power,2024-09-03 18:00:00,0.049768419956670515
NLD,power,2024-09-03 19:00:00,0.049768420035803666
NLD,power,2024-09-03 20:00:00,0.049768420310256294
NLD,power,2024-09-03 21:00:00,0.04976842052087255
NLD,power,2024-09-03 22:00:00,0.04976841999301788
NLD,power,2024-09-03 23:00:00,0.04976841851555562
NLD,power,2024-09-04 00:00:00,0.04976841264081696
NLD,power,2024-09-04 01:00:00,0.0076272909304420195
NLD,power,2024-09-04 02:00:00,0.0076272770386378854
NLD,power,2024-09-04 03:00:00,0.007627276684708173
NLD,power,2024-09-04 04:00:00,0.007627277267414118
NLD,power,2024-09-04 05:00:00,0.007627275416703328
NLD,power,2024-09-04 06:00:00,0.022881825023001616
NLD,power,2024-09-04 07:00:00,2.8659264089267912e-09
NLD,power,2024-09-04 08:00:00,-1.1249659568846884e-10
NLD,power,2024-09-04 09:00:00,-1.2081893225811828e-10
NLD,power,2024-09-04 10:00:00,-1.3394570281840888e-10
NLD,power,2024-09-04 11:00:00,-1.429998076658725e-10
NLD,power,2024-09-04 12:00:00,-1.4690469046938797e-10
NLD,power,2024-09-04 13:00:00,-1.4199667793488676e-10
NLD,power,2024-09-04 14:00:00,-1.369673946001664e-10
NLD,power,2024-09-04 15:00:00,-1.295343668063817e-10
NLD,power,2024-09-04 16:00:00,-1.193517799849853e-10
NLD,power,2024-09-04 17:00:00,1.6239600417605e-09
NLD,power,2024-09-04 18:00:00,0.04976841469441631
NLD,power,2024-09-04 19:00:00,0.049768418176596656
NLD,power,2024-09-04 20:00:00,0.04976841977365181
NLD,power,2024-09-04 21:00:00,0.04976842028254741
NLD,power,2024-09-04 22:00:00,0.04976841934585037
NLD,power,2024-09-04 23:00:00,0.049768412555273055
NLD,power,2024-09-05 00:00:00,0.007627279036452005
NLD,power,2024-09-05 01:00:00,0.007627273596852832
NLD,power,2024-09-05 02:00:00,0.007627273665356463
NLD,power,2024-09-05 03:00:00,0.007627273562193018
NLD,power,2024-09-05 04:00:00,0.0076272734267448785
NLD,power,2024-09-05 05:00:00,0.007627274586863082
NLD,power,2024-09-05 06:00:00,0.007627294793013384
NLD,power,2024-09-05 07:00:00,0.022881808276630725
NLD,power,2024-09-05 08:00:00,1.4253031676464932e-09
NLD,power,2024-09-05 09:00:00,-1.1271872915003214e-10
NLD,power,2024-09-05 10:00:00,-1.1917435839629252e-10
NLD,power,2024-09-05 11:00:00,-1.241309392351091e-10
NLD,power,2024-09-05 12:00:00,-1.22694479190829e-10
NLD,power,2024-09-05 13:00:00,-1.1724100827766423e-10
NLD,power,2024-09-05 14:00:00,-1.1298719552138068e-10
NLD,power,2024-09-05 15:00:00,1.265798462139973e-09
NLD,power,2024-09-05 16:00:00,0.02288181801493742
NLD,power,2024-09-05 17:00:00,0.04976842005872607
NLD,power,2024-09-05 18:00:00,0.04976842056698111
NLD,power,2024-09-05 19:00:00,0.049768420551256305
NLD,power,2024-09-05 20:00:00,0.04976842065019697
NLD,power,2024-09-05 21:00:00,0.04976842072881074
NLD,power,2024-09-05 22:00:00,0.04976842042659407
NLD,power,2024-09-05 23:00:00,0.04976841955036424
NLD,power,2024-09-06 00:00:00,0.04976841520945554
NLD,power,2024-09-06 01:00:00,0.007627279565204842
NLD,power,2024-09-06 02:00:00,0.007627270703663709
NLD,power,2024-09-06 03:00:00,0.007627271637796927
NLD,power,2024-09-06 04:00:00,0.007627271615160274
NLD,power,2024-09-06 05:00:00,0.0076272749790452865
NLD,power,2024-09-06 06:00:00,0.022881826485165128
NLD,power,2024-09-06 07:00:00,2.855876151321069e-09
NLD,power,2024-09-06 08:00:00,-1.1691074397624433e-10
NLD,power,2024-09-06 09:00:00,-1.3194784704691587e-10
NLD,power,2024-09-06 10:00:00,-1.5340872602094333e-10
NLD,power,2024-09-06 11:00:00,0.0
NLD,power,2024-09-06 12:00:00,0.0
NLD,power,2024-09-06 13:00:00,-1.6214637639690745e-10
NLD,power,2024-09-06 14:00:00,-1.456795068752311e-10
NLD,power,2024-09-06 15:00:00,-1.3306314608253334e-10
NLD,power,2024-09-06 16:00:00,-1.175453630102859e-10
NLD,power,2024-09-06 17:00:00,0.02288182326753165
NLD,power,2024-09-06 18:00:00,0.04976842023714025
NLD,power,2024-09-06 19:00:00,0.04976842032638347
NLD,power,2024-09-06 20:00:00,0.04976842045849306
NLD,power,2024-09-06 21:00:00,0.04976842053371965
NLD,power,2024-09-06 22:00:00,0.04976842000747584
NLD,power,2024-09-06 23:00:00,0.049768417815912645
NLD,power,2024-09-07 00:00:00,0.007627290078011929
NLD,power,2024-09-07 01:00:00,0.007627275739959632
NLD,power,2024-09-07 02:00:00,0.007627268613046684
NLD,power,2024-09-07 03:00:00,0.007627270246257812
NLD,power,2024-09-07 04:00:00,0.007627271088431894
NLD,power,2024-09-07 05:00:00,0.007627275140870217
NLD,power,2024-09-07 06:00:00,0.007627269576398872
NLD,power,2024-09-07 07:00:00,-1.0861912636946359e-10
NLD,power,2024-09-07 08:00:00,-1.4095920860444487e-10
NLD,power,2024-09-07 09:00:00,-1.7832349695058475e-10
NLD,power,2024-09-07 10:00:00,0.0
NLD,power,2024-09-07 11:00:00,0.0
NLD,power,2024-09-07 12:00:00,0.0
NLD,power,2024-09-07 13:00:00,0.0
NLD,power,2024-09-07 14:00:00,-1.7193834399507037e-10
NLD,power,2024-09-07 15:00:00,-1.4210720233485312e-10
NLD,power,2024-09-07 16:00:00,-1.1902877667167078e-10
NLD,power,2024-09-07 17:00:00,2.191639164267419e-08
NLD,power,2024-09-07 18:00:00,0.04976842007666528
NLD,power,2024-09-07 19:00:00,0.049768420346208896
NLD,power,2024-09-07 20:00:00,0.04976842051296929
NLD,power,2024-09-07 21:00:00,0.0497684206149378
NLD,power,2024-09-07 22:00:00,0.04976842033840611
NLD,power,2024-09-07 23:00:00,0.04976841963135721
NLD,power,2024-09-08 00:00:00,0.04976841559479441
NLD,power,2024-09-08 01:00:00,0.007627277329271965
NLD,power,2024-09-08 02:00:00,0.007627270761322192
NLD,power,2024-09-08 03:00:00,0.0076272723231694825
NLD,power,2024-09-08 04:00:00,0.007627272479145809
NLD,power,2024-09-08 05:00:00,0.007627274812511708
NLD,power,2024-09-08 06:00:00,0.015254535321610986
NLD,power,2024-09-08 07:00:00,-1.0620483974444292e-10
NLD,power,2024-09-08 08:00:00,-1.2904213505857318e-10
NLD,power,2024-09-08 09:00:00,-1.56851733350201e-10
NLD,power,2024-09-08 10:00:00,0.0
NLD,power,2024-09-08 11:00:00,0.0
NLD,power,2024-09-08 12:00:00,0.0
NLD,power,2024-09-08 13:00:00,0.0
NLD,power,2024-09-08 14:00:00,0.0
NLD,power,2024-09-08 15:00:00,-1.751240013601138e-10
NLD,power,2024-09-08 16:00:00,-1.4318026917101787e-10
NLD,power,2024-09-08 17:00:00,-1.1335979734520895e-10
NLD,power,2024-09-08 18:00:00,0.007627267178129609
NLD,power,2024-09-08 19:00:00,0.007627190132266872
NLD,power,2024-09-08 20:00:00,0.007627346408044454
NLD,power,2024-09-08 21:00:00,0.007627297411312711
NLD,power,2024-09-08 22:00:00,0.007627276843170111
NLD,power,2024-09-08 23:00:00,0.007627272752592507
NLD,power,2024-09-09 00:00:00,0.0076272725877729
NLD,power,2024-09-09 01:00:00,0.007627272819680541
NLD,power,2024-09-09 02:00:00,0.007627272095183561
NLD,power,2024-09-09 03:00:00,0.007627272622160425
NLD,power,2024-09-09 04:00:00,0.007627271716805948
NLD,power,2024-09-09 05:00:00,0.007627273588478093
NLD,power,2024-09-09 06:00:00,0.02288177536550502
NLD,power,2024-09-09 07:00:00,7.62467830103179e-09
NLD,power,2024-09-09 08:00:00,-1.1192306424677747e-10
NLD,power,2024-09-09 09:00:00,-1.3419563183387326e-10
NLD,power,2024-09-09 10:00:00,-1.5417350985189933e-10
NLD,power,2024-09-09 11:00:00,0.0
NLD,power,2024-09-09 12:00:00,0.0
NLD,power,2024-09-09 13:00:00,-1.6223979843510083e-10
NLD,power,2024-09-09 14:00:00,-1.4570722288336212e-10
NLD,power,2024-09-09 15:00:00,-1.3044633155989998e-10
NLD,power,2024-09-09 16:00:00,-1.1612214704611019e-10
NLD,power,2024-09-09 17:00:00,9.073371810501012e-09
NLD,power,2024-09-09 18:00:00,0.049768419305994474
NLD,power,2024-09-09 19:00:00,0.049768419677232674
NLD,power,2024-09-09 20:00:00,0.049768420259231325
NLD,power,2024-09-09 21:00:00,0.04976842047817539
NLD,power,2024-09-09 22:00:00,0.049768419920799466
NLD,power,2024-09-09 23:00:00,0.04976841742880748
NLD,power,2024-09-10 00:00:00,0.007627281283043816
NLD,power,2024-09-10 01:00:00,0.007627272704379835
NLD,power,2024-09-10 02:00:00,0.007627272508384213
NLD,power,2024-09-10 03:00:00,0.007627271905168726
NLD,power,2024-09-10 04:00:00,0.007627271903909421
NLD,power,2024-09-10 05:00:00,0.007627273278772177
NLD,power,2024-09-10 06:00:00,0.02288180731422339
NLD,power,2024-09-10 07:00:00,4.3745660471509874e-09
NLD,power,2024-09-10 08:00:00,-1.1335120982926541e-10
NLD,power,2024-09-10 09:00:00,-1.3079518345236323e-10
NLD,power,2024-09-10 10:00:00,-1.4935450484550729e-10
NLD,power,2024-09-10 11:00:00,0.0
NLD,power,2024-09-10 12:00:00,0.0
NLD,power,2024-09-10 13:00:00,-1.54387374365413e-10
NLD,power,2024-09-10 14:00:00,-1.4197756636804358e-10
NLD,power,2024-09-10 15:00:00,-1.2799458251469443e-10
NLD,power,2024-09-10 16:00:00,-1.1479843595639782e-10
NLD,power,2024-09-10 17:00:00,9.726950296825143e-09
NLD,power,2024-09-10 18:00:00,0.04976841867113806
NLD,power,2024-09-10 19:00:00,0.04976841876429554
NLD,power,2024-09-10 20:00:00,0.049768419975379175
NLD,power,2024-09-10 21:00:00,0.049768420191965604
NLD,power,2024-09-10 22:00:00,0.049768418520607725
NLD,power,2024-09-10 23:00:00,0.007627280070526802
NLD,power,2024-09-11 00:00:00,0.007627275189624358
NLD,power,2024-09-11 01:00:00,0.007627273415549888
NLD,power,2024-09-11 02:00:00,0.007627271563894582
NLD,power,2024-09-11 03:00:00,0.007627272114441126
NLD,power,2024-09-11 04:00:00,0.007627272395738505
NLD,power,2024-09-11 05:00:00,0.007627273257851374
NLD,power,2024-09-11 06:00:00,0.022881773512294944
NLD,power,2024-09-11 07:00:00,4.14838498658125e-09
NLD,power,2024-09-11 08:00:00,-1.1570335745831737e-10
NLD,power,2024-09-11 09:00:00,-1.3463966776632205e-10
NLD,power,2024-09-11 10:00:00,-1.5150766939203733e-10
NLD,power,2024-09-11 11:00:00,0.0
NLD,power,2024-09-11 12:00:00,0.0
NLD,power,2024-09-11 13:00:00,-1.5264969921211976e-10
NLD,power,2024-09-11 14:00:00,-1.389374701948902e-10
NLD,power,2024-09-11 15:00:00,-1.2688284300856664e-10
NLD,power,2024-09-11 16:00:00,-1.1677692204294732e-10
NLD,power,2024-09-11 17:00:00,3.349555855321893e-09
NLD,power,2024-09-11 18:00:00,0.04976841726516159
NLD,power,2024-09-11 19:00:00,0.04976841838204669
NLD,power,2024-09-11 20:00:00,0.049768419820910195
NLD,power,2024-09-11 21:00:00,0.04976842001182039
NLD,power,2024-09-11 22:00:00,0.04976841759608147
NLD,power,2024-09-11 23:00:00,0.007627279581479236
NLD,power,2024-09-12 00:00:00,0.007627274101412981
NLD,power,2024-09-12 01:00:00,0.007627272463761806
NLD,power,2024-09-12 02:00:00,0.007627272672531351
NLD,power,2024-09-12 03:00:00,0.007627273367745959
NLD,power,2024-09-12 04:00:00,0.007627273079194501
NLD,power,2024-09-12 05:00:00,0.007627272656691629
NLD,power,2024-09-12 06:00:00,0.022881790465881218
NLD,power,2024-09-12 07:00:00,3.970703459495458e-08
NLD,power,2024-09-12 08:00:00,-1.1113893326577325e-10
NLD,power,2024-09-12 09:00:00,-1.2612193654182538e-10
NLD,power,2024-09-12 10:00:00,-1.496271260929996e-10
NLD,power,2024-09-12 11:00:00,0.0
NLD,power,2024-09-12 12:00:00,0.0
NLD,power,2024-09-12 13:00:00,0.0
NLD,power,2024-09-12 14:00:00,-1.6330752739983331e-10
NLD,power,2024-09-12 15:00:00,-1.43845092882403e-10
NLD,power,2024-09-12 16:00:00,-1.2705628858652617e-10
NLD,power,2024-09-12 17:00:00,1.1527203168532382e-09
NLD,power,2024-09-12 18:00:00,0.049768415103882795
NLD,power,2024-09-12 19:00:00,0.04976841907491391
NLD,power,2024-09-12 20:00:00,0.0497684201527966
NLD,power,2024-09-12 21:00:00,0.049768420352907114
NLD,power,2024-09-12 22:00:00,0.049768419112540235
NLD,power,2024-09-12 23:00:00,0.007627313519326617
NLD,power,2024-09-13 00:00:00,0.00762727411191329
NLD,power,2024-09-13 01:00:00,0.007627274748345677
NLD,power,2024-09-13 02:00:00,0.007627270279422513
NLD,power,2024-09-13 03:00:00,0.007627271714113327
NLD,power,2024-09-13 04:00:00,0.007627271289931865
NLD,power,2024-09-13 05:00:00,0.0076272714839650466
NLD,power,2024-09-13 06:00:00,0.015254536770489737
NLD,power,2024-09-13 07:00:00,-1.0685215818293442e-10
NLD,power,2024-09-13 08:00:00,-1.2894480954855573e-10
NLD,power,2024-09-13 09:00:00,-1.5476163329646654e-10
NLD,power,2024-09-13 10:00:00,0.0
NLD,power,2024-09-13 11:00:00,0.0
NLD,power,2024-09-13 12:00:00,0.0
NLD,power,2024-09-13 13:00:00,0.0
NLD,power,2024-09-13 14:00:00,-1.6224235042275834e-10
NLD,power,2024-09-13 15:00:00,-1.4169462893522758e-10
NLD,power,2024-09-13 16:00:00,-1.1896657100816864e-10
NLD,power,2024-09-13 17:00:00,-1.0432834448086906e-10
NLD,power,2024-09-13 18:00:00,0.01525454981692198
NLD,power,2024-09-13 19:00:00,0.007627265542392711
NLD,power,2024-09-13 20:00:00,0.00762727966928282
NLD,power,2024-09-13 21:00:00,0.007627284477486295
NLD,power,2024-09-13 22:00:00,0.007627270967587877
NLD,power,2024-09-13 23:00:00,0.007627268112097376
NLD,power,2024-09-14 00:00:00,0.007627272448801441
NLD,power,2024-09-14 01:00:00,0.007627270885136875
NLD,power,2024-09-14 02:00:00,0.007627271184451665
NLD,power,2024-09-14 03:00:00,0.0076272692621833895
NLD,power,2024-09-14 04:00:00,0.007627268750415308
NLD,power,2024-09-14 05:00:00,0.0076272712327645
NLD,power,2024-09-14 06:00:00,0.00762726341925473
NLD,power,2024-09-14 07:00:00,-1.1069236512491631e-10
NLD,power,2024-09-14 08:00:00,-1.3201258268681142e-10
NLD,power,2024-09-14 09:00:00,-1.512458846464858e-10
NLD,power,2024-09-14 10:00:00,0.0
NLD,power,2024-09-14 11:00:00,0.0
NLD,power,2024-09-14 12:00:00,0.0
NLD,power,2024-09-14 13:00:00,0.0
NLD,power,2024-09-14 14:00:00,-1.5319467668103016e-10
NLD,power,2024-09-14 15:00:00,-1.3534939966445457e-10
NLD,power,2024-09-14 16:00:00,-1.1483996425199684e-10
NLD,power,2024-09-14 17:00:00,3.746254067748045e-09
NLD,power,2024-09-14 18:00:00,0.015254541185794212
NLD,power,2024-09-14 19:00:00,0.007627268044511498
NLD,power,2024-09-14 20:00:00,0.0076272753877097395
NLD,power,2024-09-14 21:00:00,0.00762728232068965
NLD,power,2024-09-14 22:00:00,0.007627273115892438
NLD,power,2024-09-14 23:00:00,0.007627267805873043
NLD,power,2024-09-15 00:00:00,0.007627268831024027
NLD,power,2024-09-15 01:00:00,0.00762722718203275
NLD,power,2024-09-15 02:00:00,-1.0101985723540494e-10
NLD,power,2024-09-15 03:00:00,-1.0263431081767533e-10
NLD,power,2024-09-15 04:00:00,-1.0346811023889401e-10
NLD,power,2024-09-15 05:00:00,-1.0384633855779906e-10
NLD,power,2024-09-15 06:00:00,-1.0832445755525851e-10
NLD,power,2024-09-15 07:00:00,-1.2108134521957515e-10
NLD,power,2024-09-15 08:00:00,-1.5271770722106957e-10
NLD,power,2024-09-15 09:00:00,0.0
NLD,power,2024-09-15 10:00:00,0.0
NLD,power,2024-09-15 11:00:00,0.0
NLD,power,2024-09-15 12:00:00,0.0
NLD,power,2024-09-15 13:00:00,0.0
NLD,power,2024-09-15 14:00:00,0.0
NLD,power,2024-09-15 15:00:00,0.0
NLD,power,2024-09-15 16:00:00,-1.4658386318124064e-10
NLD,power,2024-09-15 17:00:00,-1.1641953530651384e-10
NLD,power,2024-09-15 18:00:00,-1.0215075769652159e-10
NLD,power,2024-09-15 19:00:00,1.7861356392011478e-08
NLD,power,2024-09-15 20:00:00,0.015254508635596116
NLD,power,2024-09-15 21:00:00,0.007627281238200497
NLD,power,2024-09-15 22:00:00,0.007627319029965995
NLD,power,2024-09-15 23:00:00,0.007627174729004105
NLD,power,2024-09-16 00:00:00,-1.0350818501567514e-10
NLD,power,2024-09-16 01:00:00,-1.0700404753495999e-10
NLD,power,2024-09-16 02:00:00,-1.0897264003386794e-10
NLD,power,2024-09-16 03:00:00,-1.0979573232182337e-10
NLD,power,2024-09-16 04:00:00,-1.0993114980971848e-10
NLD,power,2024-09-16 05:00:00,-1.0785436713498263e-10
NLD,power,2024-09-16 06:00:00,-1.050391093342975e-10
NLD,power,2024-09-16 07:00:00,-1.0975197093229567e-10
NLD,power,2024-09-16 08:00:00,-1.3224927382788922e-10
NLD,power,2024-09-16 09:00:00,-1.625761733956374e-10
NLD,power,2024-09-16 10:00:00,0.0
NLD,power,2024-09-16 11:00:00,0.0
NLD,power,2024-09-16 12:00:00,0.0
NLD,power,2024-09-16 13:00:00,0.0
NLD,power,2024-09-16 14:00:00,0.0
NLD,power,2024-09-16 15:00:00,-1.5176345130236213e-10
NLD,power,2024-09-16 16:00:00,-1.247016966170287e-10
NLD,power,2024-09-16 17:00:00,-1.0579717780915511e-10
NLD,power,2024-09-16 18:00:00,0.0152545495019785
NLD,power,2024-09-16 19:00:00,1.2198390069296824e-08
NLD,power,2024-09-16 20:00:00,0.015254538372220957
NLD,power,2024-09-16 21:00:00,0.02288178562074883
NLD,power,2024-09-16 22:00:00,8.84254139157507e-09
NLD,power,2024-09-16 23:00:00,5.195265961788004e-08
NLD,power,2024-09-17 00:00:00,0.007627267510111183
NLD,power,2024-09-17 01:00:00,0.007627265537590763
NLD,power,2024-09-17 02:00:00,0.00762724903630437
NLD,power,2024-09-17 03:00:00,0.0
NLD,power,2024-09-17 04:00:00,0.0076272486039753755
NLD,power,2024-09-17 05:00:00,0.007627266314723938
NLD,power,2024-09-17 06:00:00,0.007627280820998747
NLD,power,2024-09-17 07:00:00,-1.0323219708267909e-10
NLD,power,2024-09-17 08:00:00,-1.2873717905519489e-10
NLD,power,2024-09-17 09:00:00,-1.5863195160525575e-10
NLD,power,2024-09-17 10:00:00,0.0
NLD,power,2024-09-17 11:00:00,0.0
NLD,power,2024-09-17 12:00:00,0.0
NLD,power,2024-09-17 13:00:00,0.0
NLD,power,2024-09-17 14:00:00,-1.6777845507572824e-10
NLD,power,2024-09-17 15:00:00,-1.399650605995558e-10
NLD,power,2024-09-17 16:00:00,-1.1526684315582116e-10
NLD,power,2024-09-17 17:00:00,3.3381159917354437e-09
NLD,power,2024-09-17 18:00:00,0.022881798307280026
NLD,power,2024-09-17 19:00:00,0.007627269252847398
NLD,power,2024-09-17 20:00:00,0.04976841590266068
NLD,power,2024-09-17 21:00:00,0.04976841877815409
NLD,power,2024-09-17 22:00:00,0.0076272906319992005
NLD,power,2024-09-17 23:00:00,0.007627262304302856
NLD,power,2024-09-18 00:00:00,0.007627272072524342
NLD,power,2024-09-18 01:00:00,0.007627272053152446
NLD,power,2024-09-18 02:00:00,0.007627272092266604
NLD,power,2024-09-18 03:00:00,0.007627272517594445
NLD,power,2024-09-18 04:00:00,0.007627272128861701
NLD,power,2024-09-18 05:00:00,0.007627265973241223
NLD,power,2024-09-18 06:00:00,0.04976840855935425
NLD,power,2024-09-18 07:00:00,0.022881831298865934
NLD,power,2024-09-18 08:00:00,1.0535817646961066e-09
NLD,power,2024-09-18 09:00:00,-1.1864538671179963e-10
NLD,power,2024-09-18 10:00:00,-1.2514602951710915e-10
NLD,power,2024-09-18 11:00:00,-1.3367095658020203e-10
NLD,power,2024-09-18 12:00:00,-1.327873552196506e-10
NLD,power,2024-09-18 13:00:00,-1.2374910254875381e-10
NLD,power,2024-09-18 14:00:00,-1.1619208498355448e-10
NLD,power,2024-09-18 15:00:00,-1.1140523785970038e-10
NLD,power,2024-09-18 16:00:00,2.2872518046902366e-09
NLD,power,2024-09-18 17:00:00,0.04976841472205358
NLD,power,2024-09-18 18:00:00,0.049768419315462636
NLD,power,2024-09-18 19:00:00,0.049768418914940764
NLD,power,2024-09-18 20:00:00,0.04976842011616695
NLD,power,2024-09-18 21:00:00,0.04976842021513365
NLD,power,2024-09-18 22:00:00,0.049768419096609964
NLD,power,2024-09-18 23:00:00,0.049768393194351015
NLD,power,2024-09-19 00:00:00,0.007627279701636328
NLD,power,2024-09-19 01:00:00,0.0076272740079679725
NLD,power,2024-09-19 02:00:00,0.0076272731445497935
NLD,power,2024-09-19 03:00:00,0.007627272972598703
NLD,power,2024-09-19 04:00:00,0.007627272427608194
NLD,power,2024-09-19 05:00:00,0.007627266465427219
NLD,power,2024-09-19 06:00:00,0.04976836046361836
NLD,power,2024-09-19 07:00:00,0.04976840598653772
NLD,power,2024-09-19 08:00:00,2.3286501838396816e-09
NLD,power,2024-09-19 09:00:00,-1.1163032102564289e-10
NLD,power,2024-09-19 10:00:00,-1.1494646676032572e-10
NLD,power,2024-09-19 11:00:00,-1.162917102077495e-10
NLD,power,2024-09-19 12:00:00,-1.1281509887719633e-10
NLD,power,2024-09-19 13:00:00,-1.0784266487834003e-10
NLD,power,2024-09-19 14:00:00,1.6892069328089387e-09
NLD,power,2024-09-19 15:00:00,5.3685388288865286e-09
NLD,power,2024-09-19 16:00:00,0.04976841832914224
NLD,power,2024-09-19 17:00:00,0.04976842044096501
NLD,power,2024-09-19 18:00:00,0.04976842053942623
NLD,power,2024-09-19 19:00:00,0.04976842051113612
NLD,power,2024-09-19 20:00:00,0.049768420684500186
NLD,power,2024-09-19 21:00:00,0.04976842064540303
NLD,power,2024-09-19 22:00:00,0.049768420144181764
NLD,power,2024-09-19 23:00:00,0.04976841853788401
NLD,power,2024-09-20 00:00:00,0.049768401112413485
NLD,power,2024-09-20 01:00:00,0.007627278569494716
NLD,power,2024-09-20 02:00:00,0.007627275897480359
NLD,power,2024-09-20 03:00:00,0.007627275238566994
NLD,power,2024-09-20 04:00:00,0.007627274939189418
NLD,power,2024-09-20 05:00:00,0.007627276789106696
NLD,power,2024-09-20 06:00:00,0.04976841722877926
NLD,power,2024-09-20 07:00:00,0.0497684174315124
NLD,power,2024-09-20 08:00:00,2.7587863114057633e-09
NLD,power,2024-09-20 09:00:00,-1.1126129630198473e-10
NLD,power,2024-09-20 10:00:00,-1.1394693634459956e-10
NLD,power,2024-09-20 11:00:00,-1.1515160305634556e-10
NLD,power,2024-09-20 12:00:00,-1.1336962527367382e-10
NLD,power,2024-09-20 13:00:00,-1.0830195718535188e-10
NLD,power,2024-09-20 14:00:00,-1.0703222815868996e-10
NLD,power,2024-09-20 15:00:00,2.0053028351922016e-09
NLD,power,2024-09-20 16:00:00,0.02288183383979396
NLD,power,2024-09-20 17:00:00,0.04976841999138945
NLD,power,2024-09-20 18:00:00,0.04976842020268834
NLD,power,2024-09-20 19:00:00,0.04976842010017358
NLD,power,2024-09-20 20:00:00,0.049768420411628864
NLD,power,2024-09-20 21:00:00,0.04976842034238119
NLD,power,2024-09-20 22:00:00,0.04976841892031369
NLD,power,2024-09-20 23:00:00,0.007627289485500108
NLD,power,2024-09-21 00:00:00,0.007627272608552977
NLD,power,2024-09-21 01:00:00,0.00762727161587153
NLD,power,2024-09-21 02:00:00,0.0076272716363735985
NLD,power,2024-09-21 03:00:00,0.0076272733897170585
NLD,power,2024-09-21 04:00:00,0.007627271705011048
NLD,power,2024-09-21 05:00:00,0.007627272266231717
NLD,power,2024-09-21 06:00:00,0.007627280103563262
NLD,power,2024-09-21 07:00:00,0.015254511717796992
NLD,power,2024-09-21 08:00:00,-1.0558758679530095e-10
NLD,power,2024-09-21 09:00:00,-1.1785936277840588e-10
NLD,power,2024-09-21 10:00:00,-1.2887085148073834e-10
NLD,power,2024-09-21 11:00:00,-1.3313412130364604e-10
NLD,power,2024-09-21 12:00:00,-1.3205466627622385e-10
NLD,power,2024-09-21 13:00:00,-1.2536712150167293e-10
NLD,power,2024-09-21 14:00:00,-1.1736845588815357e-10
NLD,power,2024-09-21 15:00:00,-1.1040833702744466e-10
NLD,power,2024-09-21 16:00:00,1.6359882253625439e-09
NLD,power,2024-09-21 17:00:00,1.227538824461493e-07
NLD,power,2024-09-21 18:00:00,0.049768413655006505
NLD,power,2024-09-21 19:00:00,0.049768418320772514
NLD,power,2024-09-21 20:00:00,0.04976842001923507
NLD,power,2024-09-21 21:00:00,0.049768420168537025
NLD,power,2024-09-21 22:00:00,0.0497684193868516
NLD,power,2024-09-21 23:00:00,0.04976841536230399
NLD,power,2024-09-22 00:00:00,0.007627283365073172
NLD,power,2024-09-22 01:00:00,0.007627272801013145
NLD,power,2024-09-22 02:00:00,0.007627272937114459
NLD,power,2024-09-22 03:00:00,0.007627272162083876
NLD,power,2024-09-22 04:00:00,0.007627271644540913
NLD,power,2024-09-22 05:00:00,0.007627272904074328
NLD,power,2024-09-22 06:00:00,0.01525453673150292
NLD,power,2024-09-22 07:00:00,-1.0257405094761815e-10
NLD,power,2024-09-22 08:00:00,-1.2097611699354342e-10
NLD,power,2024-09-22 09:00:00,-1.43720536314926e-10
NLD,power,2024-09-22 10:00:00,-1.606292366914459e-10
NLD,power,2024-09-22 11:00:00,0.0
NLD,power,2024-09-22 12:00:00,0.0
NLD,power,2024-09-22 13:00:00,-1.5916161125575657e-10
NLD,power,2024-09-22 14:00:00,-1.4300804543358986e-10
NLD,power,2024-09-22 15:00:00,-1.2779439138885232e-10
NLD,power,2024-09-22 16:00:00,-1.1511145219826006e-10
NLD,power,2024-09-22 17:00:00,3.3050641657985296e-09
NLD,power,2024-09-22 18:00:00,0.030509068995865002
NLD,power,2024-09-22 19:00:00,0.049768411146154864
NLD,power,2024-09-22 20:00:00,0.0497684197512505
NLD,power,2024-09-22 21:00:00,0.04976842008990456
NLD,power,2024-09-22 22:00:00,0.04976841907536602
NLD,power,2024-09-22 23:00:00,0.007627297030808002
NLD,power,2024-09-23 00:00:00,0.007627271022962633
NLD,power,2024-09-23 01:00:00,0.0076272723825561725
NLD,power,2024-09-23 02:00:00,0.007627272140545554
NLD,power,2024-09-23 03:00:00,0.007627272134858
NLD,power,2024-09-23 04:00:00,0.007627271319928577
NLD,power,2024-09-23 05:00:00,0.00762726168594431
NLD,power,2024-09-23 06:00:00,0.007627290699084392
NLD,power,2024-09-23 07:00:00,0.022881819972712263
NLD,power,2024-09-23 08:00:00,-1.1155355784536142e-10
NLD,power,2024-09-23 09:00:00,-1.2587824098083603e-10
NLD,power,2024-09-23 10:00:00,-1.38242141495929e-10
NLD,power,2024-09-23 11:00:00,-1.5310835810737792e-10
NLD,power,2024-09-23 12:00:00,0.0
NLD,power,2024-09-23 13:00:00,-1.464712783379482e-10
NLD,power,2024-09-23 14:00:00,-1.3632633779199926e-10
NLD,power,2024-09-23 15:00:00,-1.2739350353845118e-10
NLD,power,2024-09-23 16:00:00,8.119213595955547e-10
NLD,power,2024-09-23 17:00:00,0.04976841606124705
NLD,power,2024-09-23 18:00:00,0.0497684203729646
NLD,power,2024-09-23 19:00:00,0.04976842047922041
NLD,power,2024-09-23 20:00:00,0.049768420708569794
NLD,power,2024-09-23 21:00:00,0.04976842067137805
NLD,power,2024-09-23 22:00:00,0.04976841999192054
NLD,power,2024-09-23 23:00:00,0.049768412310875414
NLD,power,2024-09-24 00:00:00,0.007627277681598205
NLD,power,2024-09-24 01:00:00,0.007627271128557517
NLD,power,2024-09-24 02:00:00,0.007627271014948349
NLD,power,2024-09-24 03:00:00,0.0076272713369567955
NLD,power,2024-09-24 04:00:00,0.007627270860952041
NLD,power,2024-09-24 05:00:00,0.007627262732322618
NLD,power,2024-09-24 06:00:00,0.007627278836955486
NLD,power,2024-09-24 07:00:00,0.022881822276872493
NLD,power,2024-09-24 08:00:00,2.558152201933592e-09
NLD,power,2024-09-24 09:00:00,-1.1494432990848929e-10
NLD,power,2024-09-24 10:00:00,-1.2646373618626529e-10
NLD,power,2024-09-24 11:00:00,-1.3764299086266773e-10
NLD,power,2024-09-24 12:00:00,-1.4217643329404562e-10
NLD,power,2024-09-24 13:00:00,-1.392831841557296e-10
NLD,power,2024-09-24 14:00:00,-1.3221438959111637e-10
NLD,power,2024-09-24 15:00:00,-1.2544202119385244e-10
NLD,power,2024-09-24 16:00:00,7.391685710803976e-10
NLD,power,2024-09-24 17:00:00,0.030509105080065425
NLD,power,2024-09-24 18:00:00,0.049768419761781646
NLD,power,2024-09-24 19:00:00,0.049768420079739924
NLD,power,2024-09-24 20:00:00,0.049768420555133246
NLD,power,2024-09-24 21:00:00,0.049768420346101856
NLD,power,2024-09-24 22:00:00,0.04976839095210216
NLD,power,2024-09-24 23:00:00,3.229215214211755e-09
NLD,power,2024-09-25 00:00:00,3.950678685632424e-09
NLD,power,2024-09-25 01:00:00,9.677369636259442e-08
NLD,power,2024-09-25 02:00:00,-1.0054947313851137e-10
NLD,power,2024-09-25 03:00:00,-1.0151898907607578e-10
NLD,power,2024-09-25 04:00:00,-1.0220545229994323e-10
NLD,power,2024-09-25 05:00:00,-1.012372460870429e-10
NLD,power,2024-09-25 06:00:00,0.007627271536051149
NLD,power,2024-09-25 07:00:00,0.015254520652158366
NLD,power,2024-09-25 08:00:00,-1.1099469520756006e-10
NLD,power,2024-09-25 09:00:00,-1.3642128041544872e-10
NLD,power,2024-09-25 10:00:00,-1.6981538088813373e-10
NLD,power,2024-09-25 11:00:00,0.0
NLD,power,2024-09-25 12:00:00,0.0
NLD,power,2024-09-25 13:00:00,0.0
NLD,power,2024-09-25 14:00:00,0.0
NLD,power,2024-09-25 15:00:00,-1.6480592478225123e-10
NLD,power,2024-09-25 16:00:00,-1.3066048939328944e-10
NLD,power,2024-09-25 17:00:00,-1.0838167013436741e-10
NLD,power,2024-09-25 18:00:00,-1.0220720050521642e-10
NLD,power,2024-09-25 19:00:00,-1.0025820153990493e-10
NLD,power,2024-09-25 20:00:00,0.007627547714417594
NLD,power,2024-09-25 21:00:00,0.007627281527492899
NLD,power,2024-09-25 22:00:00,-1.0211382463639038e-10
NLD,power,2024-09-25 23:00:00,-1.0856283928005107e-10
NLD,power,2024-09-26 00:00:00,-1.1299300090620403e-10
NLD,power,2024-09-26 01:00:00,-1.165927941310373e-10
NLD,power,2024-09-26 02:00:00,-1.2004628281173992e-10
NLD,power,2024-09-26 03:00:00,-1.2189500849541768e-10
NLD,power,2024-09-26 04:00:00,-1.232273696350306e-10
NLD,power,2024-09-26 05:00:00,-1.2387639745974393e-10
NLD,power,2024-09-26 06:00:00,-1.178364645512218e-10
NLD,power,2024-09-26 07:00:00,-1.2361780690985465e-10
NLD,power,2024-09-26 08:00:00,-1.6428082438443166e-10
NLD,power,2024-09-26 09:00:00,0.0
NLD,power,2024-09-26 10:00:00,0.0
NLD,power,2024-09-26 11:00:00,0.0
NLD,power,2024-09-26 12:00:00,0.0
NLD,power,2024-09-26 13:00:00,0.0
NLD,power,2024-09-26 14:00:00,0.0
NLD,power,2024-09-26 15:00:00,0.0
NLD,power,2024-09-26 16:00:00,-1.5886770639912752e-10
NLD,power,2024-09-26 17:00:00,-1.1349081702680695e-10
NLD,power,2024-09-26 18:00:00,5.296283889395173e-09
NLD,power,2024-09-26 19:00:00,5.774680208573063e-09
NLD,power,2024-09-26 20:00:00,0.022881824797580285
NLD,power,2024-09-26 21:00:00,0.022881819557731362
NLD,power,2024-09-26 22:00:00,4.333612721276467e-09
NLD,power,2024-09-26 23:00:00,2.8005019125903223e-09
NLD,power,2024-09-27 00:00:00,-1.0340988600095116e-10
NLD,power,2024-09-27 01:00:00,-1.0758128918432186e-10
NLD,power,2024-09-27 02:00:00,-1.0897949481425131e-10
NLD,power,2024-09-27 03:00:00,-1.0837408466596938e-10
NLD,power,2024-09-27 04:00:00,-1.0652443878624903e-10
NLD,power,2024-09-27 05:00:00,-1.0383359957339416e-10
NLD,power,2024-09-27 06:00:00,0.0076272720955282165
NLD,power,2024-09-27 07:00:00,-1.034929060848439e-10
NLD,power,2024-09-27 08:00:00,-1.3417149552894158e-10
NLD,power,2024-09-27 09:00:00,-1.762003257850593e-10
NLD,power,2024-09-27 10:00:00,0.0
NLD,power,2024-09-27 11:00:00,0.0
NLD,power,2024-09-27 12:00:00,0.0
NLD,power,2024-09-27 13:00:00,0.0
NLD,power,2024-09-27 14:00:00,0.0
NLD,power,2024-09-27 15:00:00,-1.74827811121615e-10
NLD,power,2024-09-27 16:00:00,-1.3535667510741438e-10
NLD,power,2024-09-27 17:00:00,-1.0645116426710629e-10
NLD,power,2024-09-27 18:00:00,0.015254544314346703
NLD,power,2024-09-27 19:00:00,0.007609060012296942
NLD,power,2024-09-27 20:00:00,0.007645492185351601
NLD,power,2024-09-27 21:00:00,0.007627294774865468
NLD,power,2024-09-27 22:00:00,0.0076272624559561575
NLD,power,2024-09-27 23:00:00,0.007627271528039388
NLD,power,2024-09-28 00:00:00,0.007627270396919027
NLD,power,2024-09-28 01:00:00,0.007627271094247147
NLD,power,2024-09-28 02:00:00,0.007627268574028282
NLD,power,2024-09-28 03:00:00,0.007627268176011256
NLD,power,2024-09-28 04:00:00,0.0076272699638496155
NLD,power,2024-09-28 05:00:00,0.007627269402175408
NLD,power,2024-09-28 06:00:00,0.007627273818192511
NLD,power,2024-09-28 07:00:00,-1.0773108412089703e-10
NLD,power,2024-09-28 08:00:00,-1.3311813110892577e-10
NLD,power,2024-09-28 09:00:00,-1.5104811194827697e-10
NLD,power,2024-09-28 10:00:00,0.0
NLD,power,2024-09-28 11:00:00,0.0
NLD,power,2024-09-28 12:00:00,0.0
NLD,power,2024-09-28 13:00:00,0.0
NLD,power,2024-09-28 14:00:00,-1.5552500188287466e-10
NLD,power,2024-09-28 15:00:00,-1.3261597386570073e-10
NLD,power,2024-09-28 16:00:00,-1.1310402579452682e-10
NLD,power,2024-09-28 17:00:00,1.503852275260883e-08
NLD,power,2024-09-28 18:00:00,0.02288181161097644
NLD,power,2024-09-28 19:00:00,0.00762727245328791
NLD,power,2024-09-28 20:00:00,0.049768415401068175
NLD,power,2024-09-28 21:00:00,0.04976841787772497
NLD,power,2024-09-28 22:00:00,0.0076272860710772
NLD,power,2024-09-28 23:00:00,0.007627271488878507
NLD,power,2024-09-29 00:00:00,0.007627272428041825
NLD,power,2024-09-29 01:00:00,0.007627268089589062
NLD,power,2024-09-29 02:00:00,0.00762725885126691
NLD,power,2024-09-29 03:00:00,-1.012760397450489e-10
NLD,power,2024-09-29 04:00:00,-1.0279980203979393e-10
NLD,power,2024-09-29 05:00:00,-1.0368302250080006e-10
NLD,power,2024-09-29 06:00:00,-1.0522619837461666e-10
NLD,power,2024-09-29 07:00:00,-1.1727788107311e-10
NLD,power,2024-09-29 08:00:00,-1.5015332694742074e-10
NLD,power,2024-09-29 09:00:00,0.0
NLD,power,2024-09-29 10:00:00,0.0
NLD,power,2024-09-29 11:00:00,0.0
NLD,power,2024-09-29 12:00:00,0.0
NLD,power,2024-09-29 13:00:00,0.0
NLD,power,2024-09-29 14:00:00,0.0
NLD,power,2024-09-29 15:00:00,-1.5729048286354382e-10
NLD,power,2024-09-29 16:00:00,-1.2332285986749214e-10
NLD,power,2024-09-29 17:00:00,2.232501739547703e-09
NLD,power,2024-09-29 18:00:00,0.015254561358210645
NLD,power,2024-09-29 19:00:00,0.007627257870873714
NLD,power,2024-09-29 20:00:00,0.0076272959562403994
NLD,power,2024-09-29 21:00:00,0.007627289470988438
NLD,power,2024-09-29 22:00:00,0.007627274048210496
NLD,power,2024-09-29 23:00:00,0.007627271531067201
NLD,power,2024-09-30 00:00:00,0.0076272721499080435
NLD,power,2024-09-30 01:00:00,0.007627271848832833
NLD,power,2024-09-30 02:00:00,0.007627271997190415
NLD,power,2024-09-30 03:00:00,0.007627272304617108
NLD,power,2024-09-30 04:00:00,0.007627271088680824
NLD,power,2024-09-30 05:00:00,0.007627265482444605
NLD,power,2024-09-30 06:00:00,0.007627288874588127
NLD,power,2024-09-30 07:00:00,0.015254551751088292
NLD,power,2024-09-30 08:00:00,2.088834347841789e-09
NLD,power,2024-09-30 09:00:00,-1.1448588415031972e-10
NLD,power,2024-09-30 10:00:00,-1.321524024037411e-10
NLD,power,2024-09-30 11:00:00,-1.444211348423979e-10
NLD,power,2024-09-30 12:00:00,-1.4630020341370642e-10
NLD,power,2024-09-30 13:00:00,-1.3787778318830003e-10
NLD,power,2024-09-30 14:00:00,-1.2736855561089007e-10
NLD,power,2024-09-30 15:00:00,-1.1680936610782366e-10
NLD,power,2024-09-30 16:00:00,2.910875984127786e-09
NLD,power,2024-09-30 17:00:00,0.04976841983356364
NLD,power,2024-09-30 18:00:00,0.04976842056344099
NLD,power,2024-09-30 19:00:00,0.04976842060756532
NLD,power,2024-09-30 20:00:00,0.04976842081081831
NLD,power,2024-09-30 21:00:00,0.04976842074659952
NLD,power,2024-09-30 22:00:00,0.049768420351104
NLD,power,2024-09-30 23:00:00,0.04976841863577372
NLD,power,2024-10-01 00:00:00,0.0076272923863789435
NLD,power,2024-10-01 01:00:00,0.007627268068334174
NLD,power,2024-10-01 02:00:00,0.007627267757329747
NLD,power,2024-10-01 03:00:00,0.007627270155538096
NLD,power,2024-10-01 04:00:00,0.00762727055120971
NLD,power,2024-10-01 05:00:00,0.007627210616225361
NLD,power,2024-10-01 06:00:00,0.007627334639876412
NLD,power,2024-10-01 07:00:00,0.022881750934714236
NLD,power,2024-10-01 08:00:00,6.886248633884279e-08
NLD,power,2024-10-01 09:00:00,-1.0886231756698675e-10
NLD,power,2024-10-01 10:00:00,-1.2225707791183938e-10
NLD,power,2024-10-01 11:00:00,-1.367233864392314e-10
NLD,power,2024-10-01 12:00:00,-1.4447273321693454e-10
NLD,power,2024-10-01 13:00:00,-1.4181236793808312e-10
NLD,power,2024-10-01 14:00:00,-1.3385915083979752e-10
NLD,power,2024-10-01 15:00:00,-1.2305545558281978e-10
NLD,power,2024-10-01 16:00:00,1.2641204791169694e-09
NLD,power,2024-10-01 17:00:00,0.04976841877051914
NLD,power,2024-10-01 18:00:00,0.049768419608869935
NLD,power,2024-10-01 19:00:00,0.04976841958989578
NLD,power,2024-10-01 20:00:00,0.049768420226668796
NLD,power,2024-10-01 21:00:00,0.04976841979066358
NLD,power,2024-10-01 22:00:00,0.022881797349183622
NLD,power,2024-10-01 23:00:00,6.367313783233966e-09
NLD,power,2024-10-02 00:00:00,2.838415975917196e-08
NLD,power,2024-10-02 01:00:00,0.007627268509616658
NLD,power,2024-10-02 02:00:00,0.007627267303250534
NLD,power,2024-10-02 03:00:00,0.007627265919598752
NLD,power,2024-10-02 04:00:00,0.0076272662840350045
NLD,power,2024-10-02 05:00:00,1.8322704071967926e-08
NLD,power,2024-10-02 06:00:00,0.015254463476187592
NLD,power,2024-10-02 07:00:00,0.007627361570693042
NLD,power,2024-10-02 08:00:00,0.015254537434312834
NLD,power,2024-10-02 09:00:00,-1.0549514578041046e-10
NLD,power,2024-10-02 10:00:00,-1.0953457923966847e-10
NLD,power,2024-10-02 11:00:00,-1.1549471979189947e-10
NLD,power,2024-10-02 12:00:00,-1.180087855674262e-10
NLD,power,2024-10-02 13:00:00,-1.1787692490657725e-10
NLD,power,2024-10-02 14:00:00,-1.1405649813734191e-10
NLD,power,2024-10-02 15:00:00,-1.1149496717384294e-10
NLD,power,2024-10-02 16:00:00,1.9464106489532086e-09
NLD,power,2024-10-02 17:00:00,0.022881836321461197
NLD,power,2024-10-02 18:00:00,0.04976839267146529
NLD,power,2024-10-02 19:00:00,0.049768415698776554
NLD,power,2024-10-02 20:00:00,0.049768418890062165
NLD,power,2024-10-02 21:00:00,0.022881860073838283
NLD,power,2024-10-02 22:00:00,1.9356403606845516e-09
NLD,power,2024-10-02 23:00:00,1.8546617460627357e-09
NLD,power,2024-10-03 00:00:00,-1.0335930706430806e-10
NLD,power,2024-10-03 01:00:00,-1.0451975637134697e-10
NLD,power,2024-10-03 02:00:00,-1.0460797541581055e-10
NLD,power,2024-10-03 03:00:00,-1.0283131418289684e-10
NLD,power,2024-10-03 04:00:00,-1.020901647590481e-10
NLD,power,2024-10-03 05:00:00,-1.0049154449577664e-10
NLD,power,2024-10-03 06:00:00,0.015253615581212182
NLD,power,2024-10-03 07:00:00,0.007627273179756724
NLD,power,2024-10-03 08:00:00,-1.1367143288838095e-10
NLD,power,2024-10-03 09:00:00,-1.350682243238552e-10
NLD,power,2024-10-03 10:00:00,-1.5518300485847263e-10
NLD,power,2024-10-03 11:00:00,0.0
NLD,power,2024-10-03 12:00:00,0.0
NLD,power,2024-10-03 13:00:00,-1.60051792822272e-10
NLD,power,2024-10-03 14:00:00,-1.459852946476722e-10
NLD,power,2024-10-03 15:00:00,-1.2991100814574435e-10
NLD,power,2024-10-03 16:00:00,-1.1582289062923006e-10
NLD,power,2024-10-03 17:00:00,0.022881780959104144
NLD,power,2024-10-03 18:00:00,0.04976841803959289
NLD,power,2024-10-03 19:00:00,0.04976841950478468
NLD,power,2024-10-03 20:00:00,0.04976842049708383
NLD,power,2024-10-03 21:00:00,0.04976842046064293
NLD,power,2024-10-03 22:00:00,0.04976841969614708
NLD,power,2024-10-03 23:00:00,0.049768414691351834
NLD,power,2024-10-04 00:00:00,0.0076272820620538005
NLD,power,2024-10-04 01:00:00,0.007627273847818383
NLD,power,2024-10-04 02:00:00,0.007627273323223953
NLD,power,2024-10-04 03:00:00,0.007627273442701838
NLD,power,2024-10-04 04:00:00,0.007627272388396223
NLD,power,2024-10-04 05:00:00,0.0076272672600713595
NLD,power,2024-10-04 06:00:00,0.007627306808973485
NLD,power,2024-10-04 07:00:00,0.02288181845457872
NLD,power,2024-10-04 08:00:00,1.075051302434521e-09
NLD,power,2024-10-04 09:00:00,-1.2234350004673704e-10
NLD,power,2024-10-04 10:00:00,-1.3554563604760057e-10
NLD,power,2024-10-04 11:00:00,-1.498842708839613e-10
NLD,power,2024-10-04 12:00:00,-1.5408631197756813e-10
NLD,power,2024-10-04 13:00:00,-1.4513026628138066e-10
NLD,power,2024-10-04 14:00:00,-1.318343109256721e-10
NLD,power,2024-10-04 15:00:00,-1.2143211030065612e-10
NLD,power,2024-10-04 16:00:00,1.2651923381159187e-09
NLD,power,2024-10-04 17:00:00,0.04976841792666309
NLD,power,2024-10-04 18:00:00,0.049768420105478196
NLD,power,2024-10-04 19:00:00,0.049768420367777295
NLD,power,2024-10-04 20:00:00,0.049768420676747076
NLD,power,2024-10-04 21:00:00,0.04976842065142224
NLD,power,2024-10-04 22:00:00,0.049768420302674345
NLD,power,2024-10-04 23:00:00,0.049768418741556596
NLD,power,2024-10-05 00:00:00,0.00762739737728944
NLD,power,2024-10-05 01:00:00,0.007627270859235564
NLD,power,2024-10-05 02:00:00,0.0076272705457494944
NLD,power,2024-10-05 03:00:00,0.007627272605623715
NLD,power,2024-10-05 04:00:00,0.007627272134269012
NLD,power,2024-10-05 05:00:00,0.00762727136421883
NLD,power,2024-10-05 06:00:00,0.007627276831196973
NLD,power,2024-10-05 07:00:00,0.007627265295024534
NLD,power,2024-10-05 08:00:00,-1.083505757511982e-10
NLD,power,2024-10-05 09:00:00,-1.2970122260388344e-10
NLD,power,2024-10-05 10:00:00,-1.5133075437819788e-10
NLD,power,2024-10-05 11:00:00,0.0
NLD,power,2024-10-05 12:00:00,0.0
NLD,power,2024-10-05 13:00:00,0.0
NLD,power,2024-10-05 14:00:00,-1.5888513539619718e-10
NLD,power,2024-10-05 15:00:00,-1.380915950446854e-10
NLD,power,2024-10-05 16:00:00,-1.1388749193958416e-10
NLD,power,2024-10-05 17:00:00,0.00762727000649768
NLD,power,2024-10-05 18:00:00,0.007627278226877526
NLD,power,2024-10-05 19:00:00,0.00762727197037639
NLD,power,2024-10-05 20:00:00,0.007627276126353136
NLD,power,2024-10-05 21:00:00,0.007627285202715853
NLD,power,2024-10-05 22:00:00,0.00762725390049428
NLD,power,2024-10-05 23:00:00,-1.0116295470064718e-10
NLD,power,2024-10-06 00:00:00,-1.0439188428138778e-10
NLD,power,2024-10-06 01:00:00,-1.0810733869440696e-10
NLD,power,2024-10-06 02:00:00,-1.10609272759807e-10
NLD,power,2024-10-06 03:00:00,-1.1209955286460165e-10
NLD,power,2024-10-06 04:00:00,-1.1320614880238483e-10
NLD,power,2024-10-06 05:00:00,-1.139958347928756e-10
NLD,power,2024-10-06 06:00:00,-1.1284673303572844e-10
NLD,power,2024-10-06 07:00:00,-1.168287536003544e-10
NLD,power,2024-10-06 08:00:00,-1.4027381908013073e-10
NLD,power,2024-10-06 09:00:00,-1.8378249869424984e-10
NLD,power,2024-10-06 10:00:00,0.0
NLD,power,2024-10-06 11:00:00,0.0
NLD,power,2024-10-06 12:00:00,0.0
NLD,power,2024-10-06 13:00:00,0.0
NLD,power,2024-10-06 14:00:00,0.0
NLD,power,2024-10-06 15:00:00,-1.534573513469416e-10
NLD,power,2024-10-06 16:00:00,-1.2339844198171494e-10
NLD,power,2024-10-06 17:00:00,-1.0651579909779934e-10
NLD,power,2024-10-06 18:00:00,-1.0264041182904082e-10
NLD,power,2024-10-06 19:00:00,3.2175901562925386e-09
NLD,power,2024-10-06 20:00:00,0.022881799890580107
NLD,power,2024-10-06 21:00:00,0.007627277295667303
NLD,power,2024-10-06 22:00:00,0.007627279901415904
NLD,power,2024-10-06 23:00:00,0.007627267861887055
NLD,power,2024-10-07 00:00:00,0.007627266801214238
NLD,power,2024-10-07 01:00:00,0.007627234299704465
NLD,power,2024-10-07 02:00:00,-1.0059304173507798e-10
NLD,power,2024-10-07 03:00:00,-1.0063054815782872e-10
NLD,power,2024-10-07 04:00:00,-1.0020588678778461e-10
NLD,power,2024-10-07 05:00:00,7.660188780674213e-08
NLD,power,2024-10-07 06:00:00,0.01525444933178959
NLD,power,2024-10-07 07:00:00,0.007627302112911058
NLD,power,2024-10-07 08:00:00,0.01525451427161001
NLD,power,2024-10-07 09:00:00,-1.0702792487311685e-10
NLD,power,2024-10-07 10:00:00,-1.2229370973048758e-10
NLD,power,2024-10-07 11:00:00,-1.3678921237333927e-10
NLD,power,2024-10-07 12:00:00,-1.4574075164192228e-10
NLD,power,2024-10-07 13:00:00,-1.4849316035325925e-10
NLD,power,2024-10-07 14:00:00,-1.427891476865053e-10
NLD,power,2024-10-07 15:00:00,-1.2719255414589855e-10
NLD,power,2024-10-07 16:00:00,-1.0956819978698518e-10
NLD,power,2024-10-07 17:00:00,1.008614687868891e-07
NLD,power,2024-10-07 18:00:00,0.022881697766466827
NLD,power,2024-10-07 19:00:00,0.007627285910045034
NLD,power,2024-10-07 20:00:00,0.049768419034603745
NLD,power,2024-10-07 21:00:00,0.04976841628825597
NLD,power,2024-10-07 22:00:00,4.434321844481325e-09
NLD,power,2024-10-07 23:00:00,2.0543021918069283e-09
NLD,power,2024-10-08 00:00:00,-1.0411555290149469e-10
NLD,power,2024-10-08 01:00:00,-1.0691506824978244e-10
NLD,power,2024-10-08 02:00:00,-1.1106254473816083e-10
NLD,power,2024-10-08 03:00:00,-1.135138147588451e-10
NLD,power,2024-10-08 04:00:00,-1.1443929020997505e-10
NLD,power,2024-10-08 05:00:00,-1.1309051715786026e-10
NLD,power,2024-10-08 06:00:00,-1.0710581497808294e-10
NLD,power,2024-10-08 07:00:00,-1.0712589814279688e-10
NLD,power,2024-10-08 08:00:00,-1.3480224105874697e-10
NLD,power,2024-10-08 09:00:00,-1.8470448989588892e-10
NLD,power,2024-10-08 10:00:00,0.0
NLD,power,2024-10-08 11:00:00,0.0
NLD,power,2024-10-08 12:00:00,0.0
NLD,power,2024-10-08 13:00:00,0.0
NLD,power,2024-10-08 14:00:00,-1.632504432261377e-10
NLD,power,2024-10-08 15:00:00,-1.3799110147063262e-10
NLD,power,2024-10-08 16:00:00,-1.1798230185872772e-10
NLD,power,2024-10-08 17:00:00,-1.0366456466292659e-10
NLD,power,2024-10-08 18:00:00,-1.0173340572293372e-10
NLD,power,2024-10-08 19:00:00,0.007627212603327559
NLD,power,2024-10-08 20:00:00,0.007627302846984461
NLD,power,2024-10-08 21:00:00,0.007627269597675374
NLD,power,2024-10-08 22:00:00,-1.0607137236243748e-10
NLD,power,2024-10-08 23:00:00,-1.1366299496038632e-10
NLD,power,2024-10-09 00:00:00,-1.1900748070963094e-10
NLD,power,2024-10-09 01:00:00,-1.236695555546389e-10
NLD,power,2024-10-09 02:00:00,-1.2683544504834687e-10
NLD,power,2024-10-09 03:00:00,-1.2714241386605154e-10
NLD,power,2024-10-09 04:00:00,-1.2691469150566014e-10
NLD,power,2024-10-09 05:00:00,-1.2677854985544792e-10
NLD,power,2024-10-09 06:00:00,-1.2238618105717422e-10
NLD,power,2024-10-09 07:00:00,-1.2135620700962272e-10
NLD,power,2024-10-09 08:00:00,-1.4389748118691695e-10
NLD,power,2024-10-09 09:00:00,-1.9491104312490325e-10
NLD,power,2024-10-09 10:00:00,0.0
NLD,power,2024-10-09 11:00:00,0.0
NLD,power,2024-10-09 12:00:00,0.0
NLD,power,2024-10-09 13:00:00,0.0
NLD,power,2024-10-09 14:00:00,0.0
NLD,power,2024-10-09 15:00:00,0.0
NLD,power,2024-10-09 16:00:00,-1.6450380382626576e-10
NLD,power,2024-10-09 17:00:00,-1.2579184241990775e-10
NLD,power,2024-10-09 18:00:00,-1.1279876942926519e-10
NLD,power,2024-10-09 19:00:00,-1.0414301664193067e-10
NLD,power,2024-10-09 20:00:00,0.015254500991963717
NLD,power,2024-10-09 21:00:00,0.015254387472672576
NLD,power,2024-10-09 22:00:00,1.5370986239225788e-07
NLD,power,2024-10-09 23:00:00,-1.0218119975009894e-10
NLD,power,2024-10-10 00:00:00,-1.0322518244911067e-10
NLD,power,2024-10-10 01:00:00,-1.0487603639266482e-10
NLD,power,2024-10-10 02:00:00,-1.055661660017956e-10
NLD,power,2024-10-10 03:00:00,-1.0513360029112553e-10
NLD,power,2024-10-10 04:00:00,-1.0311921584894215e-10
NLD,power,2024-10-10 05:00:00,-1.0281126923917049e-10
NLD,power,2024-10-10 06:00:00,3.600097695323044e-08
NLD,power,2024-10-10 07:00:00,0.03813632336186005
NLD,power,2024-10-10 08:00:00,2.1530145259403633e-09
NLD,power,2024-10-10 09:00:00,-1.1585398566354406e-10
NLD,power,2024-10-10 10:00:00,-1.3080705132164745e-10
NLD,power,2024-10-10 11:00:00,-1.4525013391289233e-10
NLD,power,2024-10-10 12:00:00,-1.485746962663746e-10
NLD,power,2024-10-10 13:00:00,-1.4243277195543018e-10
NLD,power,2024-10-10 14:00:00,-1.336120303255827e-10
NLD,power,2024-10-10 15:00:00,-1.2396161755408735e-10
NLD,power,2024-10-10 16:00:00,1.052751324558858e-09
NLD,power,2024-10-10 17:00:00,0.04976841871593814
NLD,power,2024-10-10 18:00:00,0.0497684201137076
NLD,power,2024-10-10 19:00:00,0.04976842045512355
NLD,power,2024-10-10 20:00:00,0.04976842076279544
NLD,power,2024-10-10 21:00:00,0.049768420715215325
NLD,power,2024-10-10 22:00:00,0.04976842037836611
NLD,power,2024-10-10 23:00:00,0.0497684195314
NLD,power,2024-10-11 00:00:00,0.0497684177389676
NLD,power,2024-10-11 01:00:00,0.00762738326965984
NLD,power,2024-10-11 02:00:00,0.00762727593134041
NLD,power,2024-10-11 03:00:00,0.007627275052944633
NLD,power,2024-10-11 04:00:00,0.0076272747848894614
NLD,power,2024-10-11 05:00:00,0.007627273838703662
NLD,power,2024-10-11 06:00:00,0.04976841474807156
NLD,power,2024-10-11 07:00:00,0.04976841869055725
NLD,power,2024-10-11 08:00:00,0.03050911719356968
NLD,power,2024-10-11 09:00:00,1.2689310876626996e-09
NLD,power,2024-10-11 10:00:00,-1.1971706057311892e-10
NLD,power,2024-10-11 11:00:00,-1.2772937999776047e-10
NLD,power,2024-10-11 12:00:00,-1.3254170027712325e-10
NLD,power,2024-10-11 13:00:00,-1.282971565543248e-10
NLD,power,2024-10-11 14:00:00,-1.2000507911485893e-10
NLD,power,2024-10-11 15:00:00,-1.1011909504472796e-10
NLD,power,2024-10-11 16:00:00,3.642817777299424e-09
NLD,power,2024-10-11 17:00:00,0.015254547131383429
NLD,power,2024-10-11 18:00:00,0.007627271134557623
NLD,power,2024-10-11 19:00:00,0.007627271731260352
NLD,power,2024-10-11 20:00:00,0.007627278599249903
NLD,power,2024-10-11 21:00:00,0.015254537741334624
NLD,power,2024-10-11 22:00:00,5.844735484707353e-09
NLD,power,2024-10-11 23:00:00,-1.0289303940511108e-10
NLD,power,2024-10-12 00:00:00,-1.0589943127217334e-10
NLD,power,2024-10-12 01:00:00,-1.0790201992501805e-10
NLD,power,2024-10-12 02:00:00,-1.0895354562590906e-10
NLD,power,2024-10-12 03:00:00,-1.0889083408411659e-10
NLD,power,2024-10-12 04:00:00,-1.078755777381075e-10
NLD,power,2024-10-12 05:00:00,-1.0610159606907888e-10
NLD,power,2024-10-12 06:00:00,-1.0323190041715716e-10
NLD,power,2024-10-12 07:00:00,-1.0006312313894446e-10
NLD,power,2024-10-12 08:00:00,-1.003735852878455e-10
NLD,power,2024-10-12 09:00:00,-1.0536197319172688e-10
NLD,power,2024-10-12 10:00:00,-1.1337324136392793e-10
NLD,power,2024-10-12 11:00:00,-1.201282168809389e-10
NLD,power,2024-10-12 12:00:00,-1.201926871166748e-10
NLD,power,2024-10-12 13:00:00,-1.1241754741760888e-10
NLD,power,2024-10-12 14:00:00,-1.0506428501047832e-10
NLD,power,2024-10-12 15:00:00,-1.0620518202364011e-10
NLD,power,2024-10-12 16:00:00,3.6806150919751236e-09
NLD,power,2024-10-12 17:00:00,0.02288195603862233
NLD,power,2024-10-12 18:00:00,0.007627289778454653
NLD,power,2024-10-12 19:00:00,0.049768416446883575
NLD,power,2024-10-12 20:00:00,0.04976841942106461
NLD,power,2024-10-12 21:00:00,0.04976841928083377
NLD,power,2024-10-12 22:00:00,0.04976841333603368
NLD,power,2024-10-12 23:00:00,0.007627278145263179
NLD,power,2024-10-13 00:00:00,0.0076272763835571284
NLD,power,2024-10-13 01:00:00,0.007627270999317467
NLD,power,2024-10-13 02:00:00,0.007627265957483386
NLD,power,2024-10-13 03:00:00,0.007627266394689499
NLD,power,2024-10-13 04:00:00,0.007627268092334802
NLD,power,2024-10-13 05:00:00,0.007627270038189641
NLD,power,2024-10-13 06:00:00,0.007627269922815148
NLD,power,2024-10-13 07:00:00,-1.020047453262847e-10
NLD,power,2024-10-13 08:00:00,-1.1579188225468277e-10
NLD,power,2024-10-13 09:00:00,-1.4418557080865715e-10
NLD,power,2024-10-13 10:00:00,-1.7546124923866722e-10
NLD,power,2024-10-13 11:00:00,0.0
NLD,power,2024-10-13 12:00:00,0.0
NLD,power,2024-10-13 13:00:00,0.0
NLD,power,2024-10-13 14:00:00,-1.5855561673260044e-10
NLD,power,2024-10-13 15:00:00,-1.3253833191957295e-10
NLD,power,2024-10-13 16:00:00,-1.1150027713799425e-10
NLD,power,2024-10-13 17:00:00,8.80498561314656e-09
NLD,power,2024-10-13 18:00:00,9.001837457971426e-09
NLD,power,2024-10-13 19:00:00,0.03050908652993863
NLD,power,2024-10-13 20:00:00,0.04976841958983672
NLD,power,2024-10-13 21:00:00,0.04976841983056713
NLD,power,2024-10-13 22:00:00,0.04976841899340874
NLD,power,2024-10-13 23:00:00,0.04976840691491813
NLD,power,2024-10-14 00:00:00,0.007627276795336674
NLD,power,2024-10-14 01:00:00,0.007627274831705348
NLD,power,2024-10-14 02:00:00,0.007627271751636322
NLD,power,2024-10-14 03:00:00,0.007627271204287766
NLD,power,2024-10-14 04:00:00,0.007627271002347829
NLD,power,2024-10-14 05:00:00,1.860771775611937e-06
NLD,power,2024-10-14 06:00:00,0.04976840882040354
NLD,power,2024-10-14 07:00:00,0.04976841879918679
NLD,power,2024-10-14 08:00:00,9.809443772967458e-09
NLD,power,2024-10-14 09:00:00,-1.1129085164742324e-10
NLD,power,2024-10-14 10:00:00,-1.1699895054380879e-10
NLD,power,2024-10-14 11:00:00,-1.22114125548161e-10
NLD,power,2024-10-14 12:00:00,-1.2440901449482058e-10
NLD,power,2024-10-14 13:00:00,-1.1981486712684564e-10
NLD,power,2024-10-14 14:00:00,-1.1530718182837018e-10
NLD,power,2024-10-14 15:00:00,1.271355842482262e-09
NLD,power,2024-10-14 16:00:00,0.022881818930250396
NLD,power,2024-10-14 17:00:00,0.04976841967745765
NLD,power,2024-10-14 18:00:00,0.049768419786373023
NLD,power,2024-10-14 19:00:00,0.049768420124295616
NLD,power,2024-10-14 20:00:00,0.049768420463656884
NLD,power,2024-10-14 21:00:00,0.04976842019965817
NLD,power,2024-10-14 22:00:00,0.04976841614955984
NLD,power,2024-10-14 23:00:00,0.007627235566968742
NLD,power,2024-10-15 00:00:00,0.0076272643182265926
NLD,power,2024-10-15 01:00:00,0.0076272708914305876
NLD,power,2024-10-15 02:00:00,0.007627269906405052
NLD,power,2024-10-15 03:00:00,0.007627268200425037
NLD,power,2024-10-15 04:00:00,0.007627261941210284
NLD,power,2024-10-15 05:00:00,0.0001727285780638915
NLD,power,2024-10-15 06:00:00,0.015081803959571764
NLD,power,2024-10-15 07:00:00,0.022881818118583242
NLD,power,2024-10-15 08:00:00,1.832289355398887e-09
NLD,power,2024-10-15 09:00:00,-1.2124713537231288e-10
NLD,power,2024-10-15 10:00:00,-1.3559064058558194e-10
NLD,power,2024-10-15 11:00:00,-1.4288502219740804e-10
NLD,power,2024-10-15 12:00:00,-1.3854914699114318e-10
NLD,power,2024-10-15 13:00:00,-1.2893848302968013e-10
NLD,power,2024-10-15 14:00:00,-1.1997212856483867e-10
NLD,power,2024-10-15 15:00:00,-1.1190770984299514e-10
NLD,power,2024-10-15 16:00:00,4.379731029996276e-09
NLD,power,2024-10-15 17:00:00,0.04976841662651419
NLD,power,2024-10-15 18:00:00,0.04976841817331774
NLD,power,2024-10-15 19:00:00,0.049768419421320716
NLD,power,2024-10-15 20:00:00,0.04976842003037149
NLD,power,2024-10-15 21:00:00,0.04976841874720038
NLD,power,2024-10-15 22:00:00,0.022881795671654024
NLD,power,2024-10-15 23:00:00,3.982004552568445e-09
NLD,power,2024-10-16 00:00:00,-1.0306267175466262e-10
NLD,power,2024-10-16 01:00:00,-1.0480427994122564e-10
NLD,power,2024-10-16 02:00:00,-1.0649509879007618e-10
NLD,power,2024-10-16 03:00:00,-1.0870267549102338e-10
NLD,power,2024-10-16 04:00:00,-1.120851061252845e-10
NLD,power,2024-10-16 05:00:00,-1.1319385477404404e-10
NLD,power,2024-10-16 06:00:00,-1.0652099042823598e-10
NLD,power,2024-10-16 07:00:00,-1.002476414338152e-10
NLD,power,2024-10-16 08:00:00,-1.093865599450582e-10
NLD,power,2024-10-16 09:00:00,-1.363391393190658e-10
NLD,power,2024-10-16 10:00:00,-1.6943518814247915e-10
NLD,power,2024-10-16 11:00:00,0.0
NLD,power,2024-10-16 12:00:00,0.0
NLD,power,2024-10-16 13:00:00,-1.7131639383515677e-10
NLD,power,2024-10-16 14:00:00,-1.479839341151107e-10
NLD,power,2024-10-16 15:00:00,-1.312731664508552e-10
NLD,power,2024-10-16 16:00:00,9.314524131665006e-10
NLD,power,2024-10-16 17:00:00,0.04976841468935487
NLD,power,2024-10-16 18:00:00,0.04976841859774989
NLD,power,2024-10-16 19:00:00,0.04976841979091355
NLD,power,2024-10-16 20:00:00,0.04976842032006798
NLD,power,2024-10-16 21:00:00,0.049768419995682385
NLD,power,2024-10-16 22:00:00,0.04976826179838198
NLD,power,2024-10-16 23:00:00,6.938524796793862e-09
NLD,power,2024-10-17 00:00:00,0.007627255842091633
NLD,power,2024-10-17 01:00:00,0.007627271122217321
NLD,power,2024-10-17 02:00:00,0.007627269714996616
NLD,power,2024-10-17 03:00:00,0.007627270062286628
NLD,power,2024-10-17 04:00:00,0.007627270173980964
NLD,power,2024-10-17 05:00:00,0.007627265539803507
NLD,power,2024-10-17 06:00:00,0.0076272744657658875
NLD,power,2024-10-17 07:00:00,0.015254540830810808
NLD,power,2024-10-17 08:00:00,-1.089870859281167e-10
NLD,power,2024-10-17 09:00:00,-1.390700658312888e-10
NLD,power,2024-10-17 10:00:00,-1.7777637384058918e-10
NLD,power,2024-10-17 11:00:00,0.0
NLD,power,2024-10-17 12:00:00,0.0
NLD,power,2024-10-17 13:00:00,0.0
NLD,power,2024-10-17 14:00:00,0.0
NLD,power,2024-10-17 15:00:00,-1.7344985390534592e-10
NLD,power,2024-10-17 16:00:00,-1.3270669013399953e-10
NLD,power,2024-10-17 17:00:00,-1.0479530338506506e-10
NLD,power,2024-10-17 18:00:00,3.522015886011099e-09
NLD,power,2024-10-17 19:00:00,6.306854333229013e-09
NLD,power,2024-10-17 20:00:00,0.022881814192346233
NLD,power,2024-10-17 21:00:00,0.007627294651511592
NLD,power,2024-10-17 22:00:00,0.007627288682456644
NLD,power,2024-10-17 23:00:00,0.007627238375756411
NLD,power,2024-10-18 00:00:00,0.00762725872322161
NLD,power,2024-10-18 01:00:00,-1.0116080617120426e-10
NLD,power,2024-10-18 02:00:00,-1.0241660752542978e-10
NLD,power,2024-10-18 03:00:00,-1.0289568997260043e-10
NLD,power,2024-10-18 04:00:00,-1.020670861216114e-10
NLD,power,2024-10-18 05:00:00,-1.0084000375993607e-10
NLD,power,2024-10-18 06:00:00,0.015254526944012426
NLD,power,2024-10-18 07:00:00,0.015254604244308016
NLD,power,2024-10-18 08:00:00,1.975463425378399e-09
NLD,power,2024-10-18 09:00:00,-1.2089603883756991e-10
NLD,power,2024-10-18 10:00:00,-1.361662854273805e-10
NLD,power,2024-10-18 11:00:00,-1.4684220480883037e-10
NLD,power,2024-10-18 12:00:00,0.0
NLD,power,2024-10-18 13:00:00,-1.4865064537048487e-10
NLD,power,2024-10-18 14:00:00,-1.3646226696124608e-10
NLD,power,2024-10-18 15:00:00,-1.2623915903006823e-10
NLD,power,2024-10-18 16:00:00,9.951296443252192e-10
NLD,power,2024-10-18 17:00:00,0.022881833980749024
NLD,power,2024-10-18 18:00:00,0.007627301151245222
NLD,power,2024-10-18 19:00:00,0.049768418820004615
NLD,power,2024-10-18 20:00:00,0.049768419771355626
NLD,power,2024-10-18 21:00:00,0.049768418819588905
NLD,power,2024-10-18 22:00:00,0.015254530600882837
NLD,power,2024-10-18 23:00:00,1.7518276421679637e-08
NLD,power,2024-10-19 00:00:00,0.0076272685825752124
NLD,power,2024-10-19 01:00:00,0.00762726909925017
NLD,power,2024-10-19 02:00:00,0.0
NLD,power,2024-10-19 03:00:00,-1.0021620533008915e-10
NLD,power,2024-10-19 04:00:00,0.007627264800673357
NLD,power,2024-10-19 05:00:00,0.00762727214117461
NLD,power,2024-10-19 06:00:00,0.0076272737638220095
NLD,power,2024-10-19 07:00:00,0.00762728475624471
NLD,power,2024-10-19 08:00:00,-1.0549243537932435e-10
NLD,power,2024-10-19 09:00:00,-1.2334448088272125e-10
NLD,power,2024-10-19 10:00:00,-1.3969811087914627e-10
NLD,power,2024-10-19 11:00:00,-1.5529225875776903e-10
NLD,power,2024-10-19 12:00:00,0.0
NLD,power,2024-10-19 13:00:00,-1.4767225361642378e-10
NLD,power,2024-10-19 14:00:00,-1.3516366356880824e-10
NLD,power,2024-10-19 15:00:00,-1.205033337302602e-10
NLD,power,2024-10-19 16:00:00,-1.0598827607880692e-10
NLD,power,2024-10-19 17:00:00,0.015254543194259515
NLD,power,2024-10-19 18:00:00,0.007627270343270006
NLD,power,2024-10-19 19:00:00,0.00762727039515877
NLD,power,2024-10-19 20:00:00,0.007627278080961936
NLD,power,2024-10-19 21:00:00,0.007627317083849572
NLD,power,2024-10-19 22:00:00,0.007627236529156557
NLD,power,2024-10-19 23:00:00,0.007627260809991381
NLD,power,2024-10-20 00:00:00,-1.0104199358665665e-10
NLD,power,2024-10-20 01:00:00,-1.0368853660337905e-10
NLD,power,2024-10-20 02:00:00,-1.0465699235782453e-10
NLD,power,2024-10-20 03:00:00,-1.048140911608421e-10
NLD,power,2024-10-20 04:00:00,-1.0454585551789598e-10
NLD,power,2024-10-20 05:00:00,-1.0455656367241358e-10
NLD,power,2024-10-20 06:00:00,-1.0342818768465811e-10
NLD,power,2024-10-20 07:00:00,-1.0522058721782693e-10
NLD,power,2024-10-20 08:00:00,-1.1579490509899315e-10
NLD,power,2024-10-20 09:00:00,-1.3670183382622095e-10
NLD,power,2024-10-20 10:00:00,-1.605318642306211e-10
NLD,power,2024-10-20 11:00:00,0.0
NLD,power,2024-10-20 12:00:00,0.0
NLD,power,2024-10-20 13:00:00,-1.6233919895583692e-10
NLD,power,2024-10-20 14:00:00,-1.3953664308277749e-10
NLD,power,2024-10-20 15:00:00,-1.227172329573523e-10
NLD,power,2024-10-20 16:00:00,-1.1048187585313443e-10
NLD,power,2024-10-20 17:00:00,0.02288180862849751
NLD,power,2024-10-20 18:00:00,0.007627284468301325
NLD,power,2024-10-20 19:00:00,0.049768418161848266
NLD,power,2024-10-20 20:00:00,0.04976842010808849
NLD,power,2024-10-20 21:00:00,0.04976842004985699
NLD,power,2024-10-20 22:00:00,0.049768419001193186
NLD,power,2024-10-20 23:00:00,0.007627292165047815
NLD,power,2024-10-21 00:00:00,0.007627273303822898
NLD,power,2024-10-21 01:00:00,0.0076272700356430564
NLD,power,2024-10-21 02:00:00,0.00762727117179225
NLD,power,2024-10-21 03:00:00,0.0076272716906939575
NLD,power,2024-10-21 04:00:00,0.0076272694525690524
NLD,power,2024-10-21 05:00:00,7.853085469253978e-09
NLD,power,2024-10-21 06:00:00,0.015254539472664143
NLD,power,2024-10-21 07:00:00,0.022881825836829784
NLD,power,2024-10-21 08:00:00,3.0439035548205064e-09
NLD,power,2024-10-21 09:00:00,-1.1612331151320251e-10
NLD,power,2024-10-21 10:00:00,-1.275271649879285e-10
NLD,power,2024-10-21 11:00:00,-1.3812056183557618e-10
NLD,power,2024-10-21 12:00:00,-1.3794713621404935e-10
NLD,power,2024-10-21 13:00:00,-1.2716612584457156e-10
NLD,power,2024-10-21 14:00:00,-1.1840563908328807e-10
NLD,power,2024-10-21 15:00:00,-1.0947657205086709e-10
NLD,power,2024-10-21 16:00:00,0.02288181365068191
NLD,power,2024-10-21 17:00:00,0.04976841984433361
NLD,power,2024-10-21 18:00:00,0.04976841990388343
NLD,power,2024-10-21 19:00:00,0.04976842036806833
NLD,power,2024-10-21 20:00:00,0.04976842063417954
NLD,power,2024-10-21 21:00:00,0.04976842053667138
NLD,power,2024-10-21 22:00:00,0.04976841979644205
NLD,power,2024-10-21 23:00:00,0.049768405348229364
NLD,power,2024-10-22 00:00:00,0.007627273979905444
NLD,power,2024-10-22 01:00:00,0.007627271672642666
NLD,power,2024-10-22 02:00:00,0.007627271783120813
NLD,power,2024-10-22 03:00:00,0.007627272638904787
NLD,power,2024-10-22 04:00:00,0.007627271825286545
NLD,power,2024-10-22 05:00:00,0.007627250223574726
NLD,power,2024-10-22 06:00:00,0.007627136652926818
NLD,power,2024-10-22 07:00:00,0.049768376487353924
NLD,power,2024-10-22 08:00:00,5.1732022377771245e-09
NLD,power,2024-10-22 09:00:00,-1.1433798838689397e-10
NLD,power,2024-10-22 10:00:00,-1.235162722125631e-10
NLD,power,2024-10-22 11:00:00,-1.3137677135948654e-10
NLD,power,2024-10-22 12:00:00,-1.3095172460378109e-10
NLD,power,2024-10-22 13:00:00,-1.2309714606994915e-10
NLD,power,2024-10-22 14:00:00,-1.151337268765305e-10
NLD,power,2024-10-22 15:00:00,-1.0968905798540349e-10
NLD,power,2024-10-22 16:00:00,6.252946405187858e-09
NLD,power,2024-10-22 17:00:00,0.04976841847872564
NLD,power,2024-10-22 18:00:00,0.049768418728890096
NLD,power,2024-10-22 19:00:00,0.04976841989137993
NLD,power,2024-10-22 20:00:00,0.04976842040068306
NLD,power,2024-10-22 21:00:00,0.049768420251775386
NLD,power,2024-10-22 22:00:00,0.04976841829975154
NLD,power,2024-10-22 23:00:00,0.007627281925747419
NLD,power,2024-10-23 00:00:00,0.007627272163400291
NLD,power,2024-10-23 01:00:00,0.007627271084427574
NLD,power,2024-10-23 02:00:00,0.007627271318962369
NLD,power,2024-10-23 03:00:00,0.007627271864823782
NLD,power,2024-10-23 04:00:00,0.0076272700010355295
NLD,power,2024-10-23 05:00:00,1.0088544189465036e-08
NLD,power,2024-10-23 06:00:00,0.015254541115383123
NLD,power,2024-10-23 07:00:00,0.04976841774724503
NLD,power,2024-10-23 08:00:00,5.865544384277164e-09
NLD,power,2024-10-23 09:00:00,-1.1619665815760272e-10
NLD,power,2024-10-23 10:00:00,-1.251969940718505e-10
NLD,power,2024-10-23 11:00:00,-1.3472562346908975e-10
NLD,power,2024-10-23 12:00:00,-1.3755162258788127e-10
NLD,power,2024-10-23 13:00:00,-1.3126800462193897e-10
NLD,power,2024-10-23 14:00:00,-1.2270334993695005e-10
NLD,power,2024-10-23 15:00:00,-1.146357324266726e-10
NLD,power,2024-10-23 16:00:00,3.747736716600802e-09
NLD,power,2024-10-23 17:00:00,0.04976841946993984
NLD,power,2024-10-23 18:00:00,0.04976841960079468
NLD,power,2024-10-23 19:00:00,0.04976841998993184
NLD,power,2024-10-23 20:00:00,0.0497684203138047
NLD,power,2024-10-23 21:00:00,0.04976841999980919
NLD,power,2024-10-23 22:00:00,0.04976841082640946
NLD,power,2024-10-23 23:00:00,0.007627224955563964
NLD,power,2024-10-24 00:00:00,0.00762727057480634
NLD,power,2024-10-24 01:00:00,0.007627270835081415
NLD,power,2024-10-24 02:00:00,0.0076272695018363545
NLD,power,2024-10-24 03:00:00,0.007627270230648737
NLD,power,2024-10-24 04:00:00,0.007627268891146732
NLD,power,2024-10-24 05:00:00,8.280763870699664e-09
NLD,power,2024-10-24 06:00:00,0.015252658360519712
NLD,power,2024-10-24 07:00:00,0.030510997968491462
NLD,power,2024-10-24 08:00:00,2.46580223443182e-09
NLD,power,2024-10-24 09:00:00,-1.2249492575689443e-10
NLD,power,2024-10-24 10:00:00,-1.3927207782452495e-10
NLD,power,2024-10-24 11:00:00,-1.522730580025618e-10
NLD,power,2024-10-24 12:00:00,-1.5407596572787434e-10
NLD,power,2024-10-24 13:00:00,-1.4015155075703472e-10
NLD,power,2024-10-24 14:00:00,-1.268911737179771e-10
NLD,power,2024-10-24 15:00:00,-1.168304321545178e-10
NLD,power,2024-10-24 16:00:00,2.1676977479878984e-09
NLD,power,2024-10-24 17:00:00,0.04976841209631873
NLD,power,2024-10-24 18:00:00,0.04976841277952684
NLD,power,2024-10-24 19:00:00,0.04976841875683208
NLD,power,2024-10-24 20:00:00,0.04976841974824197
NLD,power,2024-10-24 21:00:00,0.049768418139029165
NLD,power,2024-10-24 22:00:00,0.007627290025080061
NLD,power,2024-10-24 23:00:00,0.007627256349549872
NLD,power,2024-10-25 00:00:00,0.007627270433889401
NLD,power,2024-10-25 01:00:00,0.007627270407202589
NLD,power,2024-10-25 02:00:00,0.007627271030583694
NLD,power,2024-10-25 03:00:00,0.007627270282152594
NLD,power,2024-10-25 04:00:00,0.007627270292265634
NLD,power,2024-10-25 05:00:00,8.447262962394117e-09
NLD,power,2024-10-25 06:00:00,0.015254535365692289
NLD,power,2024-10-25 07:00:00,0.0497684187622795
NLD,power,2024-10-25 08:00:00,0.0497684169981851
NLD,power,2024-10-25 09:00:00,1.7695922792360554e-09
NLD,power,2024-10-25 10:00:00,-1.1325890498464532e-10
NLD,power,2024-10-25 11:00:00,-1.1486821472518852e-10
NLD,power,2024-10-25 12:00:00,-1.124749937711822e-10
NLD,power,2024-10-25 13:00:00,-1.1016898638086923e-10
NLD,power,2024-10-25 14:00:00,-1.0912529270358557e-10
NLD,power,2024-10-25 15:00:00,2.415851251570971e-09
NLD,power,2024-10-25 16:00:00,0.04976839409409286
NLD,power,2024-10-25 17:00:00,0.04976841993488368
NLD,power,2024-10-25 18:00:00,0.04976842015822726
NLD,power,2024-10-25 19:00:00,0.04976842046460754
NLD,power,2024-10-25 20:00:00,0.049768420598380776
NLD,power,2024-10-25 21:00:00,0.049768420520665706
NLD,power,2024-10-25 22:00:00,0.049768419834966146
NLD,power,2024-10-25 23:00:00,0.049768412292104096
NLD,power,2024-10-26 00:00:00,0.0076272759478217
NLD,power,2024-10-26 01:00:00,0.0076272727038261936
NLD,power,2024-10-26 02:00:00,0.007627269825824197
NLD,power,2024-10-26 03:00:00,0.007627270738875308
NLD,power,2024-10-26 04:00:00,0.007627271369257031
NLD,power,2024-10-26 05:00:00,0.007627269502451171
NLD,power,2024-10-26 06:00:00,0.007627272851177586
NLD,power,2024-10-26 07:00:00,0.0152545408003229
NLD,power,2024-10-26 08:00:00,-1.0548748310027165e-10
NLD,power,2024-10-26 09:00:00,-1.1939506870465065e-10
NLD,power,2024-10-26 10:00:00,-1.3061218450099124e-10
NLD,power,2024-10-26 11:00:00,-1.3763933671493172e-10
NLD,power,2024-10-26 12:00:00,-1.3972128138911576e-10
NLD,power,2024-10-26 13:00:00,-1.3027455904896217e-10
NLD,power,2024-10-26 14:00:00,-1.188011567722257e-10
NLD,power,2024-10-26 15:00:00,-1.1102089253860792e-10
NLD,power,2024-10-26 16:00:00,2.5539607900877475e-09
NLD,power,2024-10-26 17:00:00,0.02288181739513589
NLD,power,2024-10-26 18:00:00,0.007627274710741219
NLD,power,2024-10-26 19:00:00,0.04976841369935218
NLD,power,2024-10-26 20:00:00,0.049768419251158866
NLD,power,2024-10-26 21:00:00,0.049768419242667554
NLD,power,2024-10-26 22:00:00,0.049768408403994685
NLD,power,2024-10-26 23:00:00,0.007627277019711728
NLD,power,2024-10-27 00:00:00,0.007627272505263517
NLD,power,2024-10-27 01:00:00,0.007627272377769907
NLD,power,2024-10-27 02:00:00,0.007627272189752717
NLD,power,2024-10-27 03:00:00,0.007627270046555108
NLD,power,2024-10-27 04:00:00,0.007627271515641264
NLD,power,2024-10-27 05:00:00,0.007627269988865645
NLD,power,2024-10-27 06:00:00,0.007627274461127785
NLD,power,2024-10-27 07:00:00,0.015254531447800552
NLD,power,2024-10-27 08:00:00,-1.0209605359789142e-10
NLD,power,2024-10-27 09:00:00,-1.123547303455515e-10
NLD,power,2024-10-27 10:00:00,-1.2637626231150103e-10
NLD,power,2024-10-27 11:00:00,-1.3719249635005416e-10
NLD,power,2024-10-27 12:00:00,-1.3889110804304856e-10
NLD,power,2024-10-27 13:00:00,-1.306290940854263e-10
NLD,power,2024-10-27 14:00:00,-1.1901680634700904e-10
NLD,power,2024-10-27 15:00:00,-1.0943694045240473e-10
NLD,power,2024-10-27 16:00:00,4.900835179823939e-09
NLD,power,2024-10-27 17:00:00,0.022881806403242194
NLD,power,2024-10-27 18:00:00,0.007627276530093984
NLD,power,2024-10-27 19:00:00,0.007627281988993997
NLD,power,2024-10-27 20:00:00,0.007627287550193374
NLD,power,2024-10-27 21:00:00,0.007627284308105531
NLD,power,2024-10-27 22:00:00,0.007627274961645186
NLD,power,2024-10-27 23:00:00,0.007627256384738973
NLD,power,2024-10-28 00:00:00,0.007627251769290547
NLD,power,2024-10-28 01:00:00,-1.0096862559737029e-10
NLD,power,2024-10-28 02:00:00,-1.0212262181364844e-10
NLD,power,2024-10-28 03:00:00,-1.025908061082319e-10
NLD,power,2024-10-28 04:00:00,-1.0178115877224914e-10
NLD,power,2024-10-28 05:00:00,2.0772555416279104e-09
NLD,power,2024-10-28 06:00:00,5.121443154407835e-09
NLD,power,2024-10-28 07:00:00,0.049768357762686254
NLD,power,2024-10-28 08:00:00,3.010679088253644e-08
NLD,power,2024-10-28 09:00:00,-1.1117590031590871e-10
NLD,power,2024-10-28 10:00:00,-1.212241833707512e-10
NLD,power,2024-10-28 11:00:00,-1.3071746985238739e-10
NLD,power,2024-10-28 12:00:00,-1.326524689942741e-10
NLD,power,2024-10-28 13:00:00,-1.2820084602891008e-10
NLD,power,2024-10-28 14:00:00,-1.209067457663659e-10
NLD,power,2024-10-28 15:00:00,-1.1472166838813041e-10
NLD,power,2024-10-28 16:00:00,2.1076182728217407e-09
NLD,power,2024-10-28 17:00:00,0.030509080597384743
NLD,power,2024-10-28 18:00:00,0.04976841358618331
NLD,power,2024-10-28 19:00:00,0.049768419293341
NLD,power,2024-10-28 20:00:00,0.04976841981650647
NLD,power,2024-10-28 21:00:00,0.049768418571303624
NLD,power,2024-10-28 22:00:00,0.022881784427603177
NLD,power,2024-10-28 23:00:00,6.073581257674855e-09
NLD,power,2024-10-29 00:00:00,1.0571432996417664e-08
NLD,power,2024-10-29 01:00:00,-1.0162928662569219e-10
NLD,power,2024-10-29 02:00:00,-1.0394958599743087e-10
NLD,power,2024-10-29 03:00:00,-1.0525380773050347e-10
NLD,power,2024-10-29 04:00:00,-1.0552268139449438e-10
NLD,power,2024-10-29 05:00:00,-1.0329553303550633e-10
NLD,power,2024-10-29 06:00:00,6.328231622717546e-09
NLD,power,2024-10-29 07:00:00,0.01525455525058605
NLD,power,2024-10-29 08:00:00,0.015254543127665271
NLD,power,2024-10-29 09:00:00,-1.049173515948744e-10
NLD,power,2024-10-29 10:00:00,-1.157776913928872e-10
NLD,power,2024-10-29 11:00:00,-1.2542735484234884e-10
NLD,power,2024-10-29 12:00:00,-1.2694661296818445e-10
NLD,power,2024-10-29 13:00:00,-1.1992436153450867e-10
NLD,power,2024-10-29 14:00:00,-1.1078174149291397e-10
NLD,power,2024-10-29 15:00:00,-1.0405048965808839e-10
NLD,power,2024-10-29 16:00:00,0.007627268499572382
NLD,power,2024-10-29 17:00:00,0.007627274721094713
NLD,power,2024-10-29 18:00:00,0.007627271906402172
NLD,power,2024-10-29 19:00:00,0.007627273622188492
NLD,power,2024-10-29 20:00:00,0.00762727612213489
NLD,power,2024-10-29 21:00:00,0.015254538740093068
NLD,power,2024-10-29 22:00:00,4.647861234851798e-09
NLD,power,2024-10-29 23:00:00,-1.0546707017059776e-10
NLD,power,2024-10-30 00:00:00,-1.1003662109803243e-10
NLD,power,2024-10-30 01:00:00,-1.114268682938213e-10
NLD,power,2024-10-30 02:00:00,-1.1237949574629693e-10
NLD,power,2024-10-30 03:00:00,-1.1212797618263799e-10
NLD,power,2024-10-30 04:00:00,-1.1171296605110905e-10
NLD,power,2024-10-30 05:00:00,-1.094581774646568e-10
NLD,power,2024-10-30 06:00:00,-1.0342115494335231e-10
NLD,power,2024-10-30 07:00:00,0.007627279222906255
NLD,power,2024-10-30 08:00:00,0.007627261789488672
NLD,power,2024-10-30 09:00:00,-1.1599633217808463e-10
NLD,power,2024-10-30 10:00:00,-1.4169812885491132e-10
NLD,power,2024-10-30 11:00:00,-1.5861002051303543e-10
NLD,power,2024-10-30 12:00:00,-1.561728413988101e-10
NLD,power,2024-10-30 13:00:00,-1.400311834390529e-10
NLD,power,2024-10-30 14:00:00,-1.2273828037750633e-10
NLD,power,2024-10-30 15:00:00,-1.0825886980858082e-10
NLD,power,2024-10-30 16:00:00,0.015254425633429337
NLD,power,2024-10-30 17:00:00,0.007627397090552512
NLD,power,2024-10-30 18:00:00,0.007627282665392258
NLD,power,2024-10-30 19:00:00,0.04976841607448212
NLD,power,2024-10-30 20:00:00,0.04976841901483481
NLD,power,2024-10-30 21:00:00,0.0497684185367488
NLD,power,2024-10-30 22:00:00,0.007627384124139685
NLD,power,2024-10-30 23:00:00,0.007627165573808918
NLD,power,2024-10-31 00:00:00,0.007627270420154711
NLD,power,2024-10-31 01:00:00,0.007627270055534906
NLD,power,2024-10-31 02:00:00,0.007627268564105599
NLD,power,2024-10-31 03:00:00,0.007627269112603394
NLD,power,2024-10-31 04:00:00,0.0076272638966746395
NLD,power,2024-10-31 05:00:00,6.223640534211723e-09
NLD,power,2024-10-31 06:00:00,5.9938756376159794e-09
NLD,power,2024-10-31 07:00:00,0.0228818146537194
NLD,power,2024-10-31 08:00:00,0.02288180925117922
NLD,power,2024-10-31 09:00:00,-1.1116384453868129e-10
NLD,power,2024-10-31 10:00:00,-1.224006407387861e-10
NLD,power,2024-10-31 11:00:00,-1.3112375494598339e-10
NLD,power,2024-10-31 12:00:00,-1.299501903435407e-10
NLD,power,2024-10-31 13:00:00,-1.2223831128329349e-10
NLD,power,2024-10-31 14:00:00,-1.165321239438695e-10
NLD,power,2024-10-31 15:00:00,1.3875281622609275e-09
NLD,power,2024-10-31 16:00:00,0.049768416910078404
NLD,power,2024-10-31 17:00:00,0.04976842002940305
NLD,power,2024-10-31 18:00:00,0.04976842016426489
NLD,power,2024-10-31 19:00:00,0.049768420223310364
NLD,power,2024-10-31 20:00:00,0.049768420212676794
NLD,power,2024-10-31 21:00:00,0.049768419997724994
NLD,power,2024-10-31 22:00:00,0.04976841728844174
NLD,power,2024-10-31 23:00:00,0.007627362796191386
NLD,power,2024-11-01 00:00:00,0.0076271883916999685
NLD,power,2024-11-01 01:00:00,0.007627270881452396
NLD,power,2024-11-01 02:00:00,0.00762727086179158
NLD,power,2024-11-01 03:00:00,0.007627271214734128
NLD,power,2024-11-01 04:00:00,0.007627270648062922
NLD,power,2024-11-01 05:00:00,0.007627269326011987
NLD,power,2024-11-01 06:00:00,0.00762727125642622
NLD,power,2024-11-01 07:00:00,0.007627274876968636
NLD,power,2024-11-01 08:00:00,-1.0225415145949982e-10
NLD,power,2024-11-01 09:00:00,-1.1520083635201252e-10
NLD,power,2024-11-01 10:00:00,-1.3069204632318458e-10
NLD,power,2024-11-01 11:00:00,-1.3990918094737766e-10
NLD,power,2024-11-01 12:00:00,-1.3861464079995912e-10
NLD,power,2024-11-01 13:00:00,-1.254768759441546e-10
NLD,power,2024-11-01 14:00:00,-1.127698600897731e-10
NLD,power,2024-11-01 15:00:00,1.6120420860541485e-09
NLD,power,2024-11-01 16:00:00,1.907086744302734e-08
NLD,power,2024-11-01 17:00:00,0.049768284150225384
NLD,power,2024-11-01 18:00:00,0.049768418325944565
NLD,power,2024-11-01 19:00:00,0.04976841921659945
NLD,power,2024-11-01 20:00:00,0.04976841940258458
NLD,power,2024-11-01 21:00:00,0.049768419214106976
NLD,power,2024-11-01 22:00:00,0.04976841644041096
NLD,power,2024-11-01 23:00:00,0.007627281170391322
NLD,power,2024-11-02 00:00:00,0.007627273823576728
NLD,power,2024-11-02 01:00:00,0.0076272725306304
NLD,power,2024-11-02 02:00:00,0.007627271378386311
NLD,power,2024-11-02 03:00:00,0.007627271896756859
NLD,power,2024-11-02 04:00:00,0.007627271184351612
NLD,power,2024-11-02 05:00:00,0.007627270257677472
NLD,power,2024-11-02 06:00:00,0.007627274232805145
NLD,power,2024-11-02 07:00:00,0.01525453928537305
NLD,power,2024-11-02 08:00:00,5.3149802235953355e-09
NLD,power,2024-11-02 09:00:00,-1.0906244436130352e-10
NLD,power,2024-11-02 10:00:00,-1.2299365574077276e-10
NLD,power,2024-11-02 11:00:00,-1.3146491995558462e-10
NLD,power,2024-11-02 12:00:00,-1.296653889974889e-10
NLD,power,2024-11-02 13:00:00,-1.2037707178687114e-10
NLD,power,2024-11-02 14:00:00,-1.1151580309374395e-10
NLD,power,2024-11-02 15:00:00,-1.0754655881925767e-10
NLD,power,2024-11-02 16:00:00,6.188922142871653e-09
NLD,power,2024-11-02 17:00:00,0.04976840651773567
NLD,power,2024-11-02 18:00:00,0.04976841824500421
NLD,power,2024-11-02 19:00:00,0.049768418854453794
NLD,power,2024-11-02 20:00:00,0.04976841866191744
NLD,power,2024-11-02 21:00:00,0.04976841478118766
NLD,power,2024-11-02 22:00:00,0.01525450740184957
NLD,power,2024-11-02 23:00:00,5.3247963774631323e-08
NLD,power,2024-11-03 00:00:00,0.007627254957476067
NLD,power,2024-11-03 01:00:00,0.0
NLD,power,2024-11-03 02:00:00,-1.0219689220080348e-10
NLD,power,2024-11-03 03:00:00,-1.0372287248630856e-10
NLD,power,2024-11-03 04:00:00,-1.046879861069819e-10
NLD,power,2024-11-03 05:00:00,-1.0531433793819465e-10
NLD,power,2024-11-03 06:00:00,-1.0431590818208809e-10
NLD,power,2024-11-03 07:00:00,-1.0603587626934516e-10
NLD,power,2024-11-03 08:00:00,-1.194364936290337e-10
NLD,power,2024-11-03 09:00:00,-1.5044380666325966e-10
NLD,power,2024-11-03 10:00:00,0.0
NLD,power,2024-11-03 11:00:00,0.0
NLD,power,2024-11-03 12:00:00,0.0
NLD,power,2024-11-03 13:00:00,0.0
NLD,power,2024-11-03 14:00:00,-1.4929210133343692e-10
NLD,power,2024-11-03 15:00:00,-1.266483630466858e-10
NLD,power,2024-11-03 16:00:00,-1.0634605970270816e-10
NLD,power,2024-11-03 17:00:00,0.015254476865238413
NLD,power,2024-11-03 18:00:00,0.0076272745029202
NLD,power,2024-11-03 19:00:00,0.007627274970939368
NLD,power,2024-11-03 20:00:00,0.00762727491225377
NLD,power,2024-11-03 21:00:00,0.007627329154085903
NLD,power,2024-11-03 22:00:00,0.00762721698047764
NLD,power,2024-11-03 23:00:00,-1.0179926064740615e-10
NLD,power,2024-11-04 00:00:00,-1.0533438737469376e-10
NLD,power,2024-11-04 01:00:00,-1.0695854290373826e-10
NLD,power,2024-11-04 02:00:00,-1.0643498370843191e-10
NLD,power,2024-11-04 03:00:00,-1.050261260732044e-10
NLD,power,2024-11-04 04:00:00,-1.0328447751734e-10
NLD,power,2024-11-04 05:00:00,-1.0373828531859668e-10
NLD,power,2024-11-04 06:00:00,5.368220540868894e-09
NLD,power,2024-11-04 07:00:00,0.022881815838524635
NLD,power,2024-11-04 08:00:00,0.01525458609815061
NLD,power,2024-11-04 09:00:00,-1.0881359032553303e-10
NLD,power,2024-11-04 10:00:00,-1.189044383997823e-10
NLD,power,2024-11-04 11:00:00,-1.2750164897415928e-10
NLD,power,2024-11-04 12:00:00,-1.2664606582371712e-10
NLD,power,2024-11-04 13:00:00,-1.1926884083278946e-10
NLD,power,2024-11-04 14:00:00,-1.1412578816205696e-10
NLD,power,2024-11-04 15:00:00,1.4735632892998549e-09
NLD,power,2024-11-04 16:00:00,0.03050911248874554
NLD,power,2024-11-04 17:00:00,0.04976841851584053
NLD,power,2024-11-04 18:00:00,0.04976841914748746
NLD,power,2024-11-04 19:00:00,0.04976841971701403
NLD,power,2024-11-04 20:00:00,0.04976842004918336
NLD,power,2024-11-04 21:00:00,0.04976841959647464
NLD,power,2024-11-04 22:00:00,0.007627292577896927
NLD,power,2024-11-04 23:00:00,0.00762726686800077
NLD,power,2024-11-05 00:00:00,0.007627271047889608
NLD,power,2024-11-05 01:00:00,0.007627271503615985
NLD,power,2024-11-05 02:00:00,0.007627271311648806
NLD,power,2024-11-05 03:00:00,0.007627271369287155
NLD,power,2024-11-05 04:00:00,0.007627269760153626
NLD,power,2024-11-05 05:00:00,8.251772418069662e-09
NLD,power,2024-11-05 06:00:00,0.015254551578040421
NLD,power,2024-11-05 07:00:00,0.04976841955542385
NLD,power,2024-11-05 08:00:00,0.04976841086837487
NLD,power,2024-11-05 09:00:00,1.230685473281408e-09
NLD,power,2024-11-05 10:00:00,-1.1927707986811375e-10
NLD,power,2024-11-05 11:00:00,-1.2388835650631087e-10
NLD,power,2024-11-05 12:00:00,-1.22792688049823e-10
NLD,power,2024-11-05 13:00:00,-1.1730546822493075e-10
NLD,power,2024-11-05 14:00:00,-1.1130106440421314e-10
NLD,power,2024-11-05 15:00:00,5.983665907625699e-09
NLD,power,2024-11-05 16:00:00,0.04976841997853086
NLD,power,2024-11-05 17:00:00,0.04976842071703878
NLD,power,2024-11-05 18:00:00,0.04976842078373128
NLD,power,2024-11-05 19:00:00,0.049768420837422785
NLD,power,2024-11-05 20:00:00,0.049768420870781836
NLD,power,2024-11-05 21:00:00,0.04976842083113251
NLD,power,2024-11-05 22:00:00,0.04976842062028386
NLD,power,2024-11-05 23:00:00,0.04976842018589755
NLD,power,2024-11-06 00:00:00,0.04976841909727312
NLD,power,2024-11-06 01:00:00,0.04976840766129808
NLD,power,2024-11-06 02:00:00,0.007627277377652553
NLD,power,2024-11-06 03:00:00,0.007627274145713059
NLD,power,2024-11-06 04:00:00,0.007627273731143001
NLD,power,2024-11-06 05:00:00,0.0076272727941973486
NLD,power,2024-11-06 06:00:00,0.04976841750330809
NLD,power,2024-11-06 07:00:00,0.04976841969606545
NLD,power,2024-11-06 08:00:00,0.02288179112835775
NLD,power,2024-11-06 09:00:00,-1.1151792372747507e-10
NLD,power,2024-11-06 10:00:00,-1.2444149842901786e-10
NLD,power,2024-11-06 11:00:00,-1.3289828856506152e-10
NLD,power,2024-11-06 12:00:00,-1.3347237296889635e-10
NLD,power,2024-11-06 13:00:00,-1.2540246784548137e-10
NLD,power,2024-11-06 14:00:00,-1.190331079449117e-10
NLD,power,2024-11-06 15:00:00,1.1424846895417953e-09
NLD,power,2024-11-06 16:00:00,0.04976841616760533
NLD,power,2024-11-06 17:00:00,0.04976842053379424
NLD,power,2024-11-06 18:00:00,0.04976842052296425
NLD,power,2024-11-06 19:00:00,0.04976842057484249
NLD,power,2024-11-06 20:00:00,0.04976842062444089
NLD,power,2024-11-06 21:00:00,0.049768420408996907
NLD,power,2024-11-06 22:00:00,0.049768419184806685
NLD,power,2024-11-06 23:00:00,0.00762728225080395
NLD,power,2024-11-07 00:00:00,0.007627271651506566
NLD,power,2024-11-07 01:00:00,0.007627269778934818
NLD,power,2024-11-07 02:00:00,0.007627270884193026
NLD,power,2024-11-07 03:00:00,0.0076272726053668045
NLD,power,2024-11-07 04:00:00,0.007627270071492868
NLD,power,2024-11-07 05:00:00,2.529935021328805e-08
NLD,power,2024-11-07 06:00:00,0.015254505132104154
NLD,power,2024-11-07 07:00:00,0.04976841412720698
NLD,power,2024-11-07 08:00:00,7.505090789179719e-09
NLD,power,2024-11-07 09:00:00,-1.1494952719926847e-10
NLD,power,2024-11-07 10:00:00,-1.262137715533494e-10
NLD,power,2024-11-07 11:00:00,-1.3509484869330102e-10
NLD,power,2024-11-07 12:00:00,-1.3433950558462845e-10
NLD,power,2024-11-07 13:00:00,-1.2688654764503985e-10
NLD,power,2024-11-07 14:00:00,-1.2069624361474123e-10
NLD,power,2024-11-07 15:00:00,9.664103295389111e-10
NLD,power,2024-11-07 16:00:00,0.03050909075244034
NLD,power,2024-11-07 17:00:00,0.049768420118041654
NLD,power,2024-11-07 18:00:00,0.04976842030848119
NLD,power,2024-11-07 19:00:00,0.04976842036910885
NLD,power,2024-11-07 20:00:00,0.04976842035762604
NLD,power,2024-11-07 21:00:00,0.049768419924311774
NLD,power,2024-11-07 22:00:00,0.01525453593177428
NLD,power,2024-11-07 23:00:00,3.02252027158126e-08
NLD,power,2024-11-08 00:00:00,0.007627270474638946
NLD,power,2024-11-08 01:00:00,0.007627270915554826
NLD,power,2024-11-08 02:00:00,0.007627269891687196
NLD,power,2024-11-08 03:00:00,0.007627270513422749
NLD,power,2024-11-08 04:00:00,0.007627265760845171
NLD,power,2024-11-08 05:00:00,6.3286028505024625e-09
NLD,power,2024-11-08 06:00:00,0.015254537665951057
NLD,power,2024-11-08 07:00:00,0.049768416908476866
NLD,power,2024-11-08 08:00:00,0.03050911666902771
NLD,power,2024-11-08 09:00:00,1.6730086137747879e-09
NLD,power,2024-11-08 10:00:00,-1.1252482475661103e-10
NLD,power,2024-11-08 11:00:00,-1.119321974360986e-10
NLD,power,2024-11-08 12:00:00,-1.1006047003659649e-10
NLD,power,2024-11-08 13:00:00,-1.0764761884978931e-10
NLD,power,2024-11-08 14:00:00,2.233697310568731e-09
NLD,power,2024-11-08 15:00:00,0.022881814070934224
NLD,power,2024-11-08 16:00:00,0.04976841950248649
NLD,power,2024-11-08 17:00:00,0.04976842022775635
NLD,power,2024-11-08 18:00:00,0.04976842046685142
NLD,power,2024-11-08 19:00:00,0.04976842051190562
NLD,power,2024-11-08 20:00:00,0.049768420464077555
NLD,power,2024-11-08 21:00:00,0.0497684202340213
NLD,power,2024-11-08 22:00:00,0.04976841802618354
NLD,power,2024-11-08 23:00:00,0.007627278835109505
NLD,power,2024-11-09 00:00:00,0.007627272782571122
NLD,power,2024-11-09 01:00:00,0.007627268693880136
NLD,power,2024-11-09 02:00:00,0.007627269710719837
NLD,power,2024-11-09 03:00:00,0.007627270181836872
NLD,power,2024-11-09 04:00:00,0.007627269719127575
NLD,power,2024-11-09 05:00:00,0.007627269160567757
NLD,power,2024-11-09 06:00:00,0.007627270927651162
NLD,power,2024-11-09 07:00:00,0.007627275942164167
NLD,power,2024-11-09 08:00:00,0.007627275072450863
NLD,power,2024-11-09 09:00:00,-1.0730952448108827e-10
NLD,power,2024-11-09 10:00:00,-1.236127239901293e-10
NLD,power,2024-11-09 11:00:00,-1.3671404847660782e-10
NLD,power,2024-11-09 12:00:00,-1.4375268478256308e-10
NLD,power,2024-11-09 13:00:00,-1.3843725609475293e-10
NLD,power,2024-11-09 14:00:00,-1.2618984015594202e-10
NLD,power,2024-11-09 15:00:00,-1.1360932255686289e-10
NLD,power,2024-11-09 16:00:00,2.9741101379467925e-09
NLD,power,2024-11-09 17:00:00,0.015254543800884118
NLD,power,2024-11-09 18:00:00,0.007627274367766297
NLD,power,2024-11-09 19:00:00,0.007627275562515086
NLD,power,2024-11-09 20:00:00,0.007627279177096618
NLD,power,2024-11-09 21:00:00,0.0076272929568086765
NLD,power,2024-11-09 22:00:00,0.0076272784995413375
NLD,power,2024-11-09 23:00:00,0.007627255494201152
NLD,power,2024-11-10 00:00:00,0.007627265578057693
NLD,power,2024-11-10 01:00:00,-1.0105425886960696e-10
NLD,power,2024-11-10 02:00:00,-1.0429667328699841e-10
NLD,power,2024-11-10 03:00:00,-1.0547888570472875e-10
NLD,power,2024-11-10 04:00:00,-1.0601443701914305e-10
NLD,power,2024-11-10 05:00:00,-1.0601143879119934e-10
NLD,power,2024-11-10 06:00:00,-1.0456299635776642e-10
NLD,power,2024-11-10 07:00:00,-1.059174444673121e-10
NLD,power,2024-11-10 08:00:00,-1.1395084003424117e-10
NLD,power,2024-11-10 09:00:00,-1.2376142295318586e-10
NLD,power,2024-11-10 10:00:00,-1.386841585179987e-10
NLD,power,2024-11-10 11:00:00,-1.495183420462378e-10
NLD,power,2024-11-10 12:00:00,-1.5146785223774796e-10
NLD,power,2024-11-10 13:00:00,-1.4095080470931962e-10
NLD,power,2024-11-10 14:00:00,-1.2585340143395976e-10
NLD,power,2024-11-10 15:00:00,-1.1036778240763236e-10
NLD,power,2024-11-10 16:00:00,0.007627188370390212
NLD,power,2024-11-10 17:00:00,0.007627356617342173
NLD,power,2024-11-10 18:00:00,0.00762727357938844
NLD,power,2024-11-10 19:00:00,0.00762727298705648
NLD,power,2024-11-10 20:00:00,0.007627275878229877
NLD,power,2024-11-10 21:00:00,0.0076272969652087606
NLD,power,2024-11-10 22:00:00,0.007627418687618967
NLD,power,2024-11-10 23:00:00,0.007627098251278376
NLD,power,2024-11-11 00:00:00,-1.0217233463586086e-10
NLD,power,2024-11-11 01:00:00,-1.0547154636646681e-10
NLD,power,2024-11-11 02:00:00,-1.0794508860872426e-10
NLD,power,2024-11-11 03:00:00,-1.0813356595917277e-10
NLD,power,2024-11-11 04:00:00,-1.0738236678254794e-10
NLD,power,2024-11-11 05:00:00,-1.0511768686555457e-10
NLD,power,2024-11-11 06:00:00,4.432957968967602e-09
NLD,power,2024-11-11 07:00:00,0.022881828618549385
NLD,power,2024-11-11 08:00:00,1.5816454431427966e-08
NLD,power,2024-11-11 09:00:00,-1.1657143583986028e-10
NLD,power,2024-11-11 10:00:00,-1.4518510453568926e-10
NLD,power,2024-11-11 11:00:00,-1.680468454281718e-10
NLD,power,2024-11-11 12:00:00,0.0
NLD,power,2024-11-11 13:00:00,0.0
NLD,power,2024-11-11 14:00:00,-1.5163976853863502e-10
NLD,power,2024-11-11 15:00:00,-1.2987992141290682e-10
NLD,power,2024-11-11 16:00:00,1.1484504682642607e-09
NLD,power,2024-11-11 17:00:00,0.02288181619096121
NLD,power,2024-11-11 18:00:00,0.007627286346242987
NLD,power,2024-11-11 19:00:00,0.0497684034891122
NLD,power,2024-11-11 20:00:00,0.04976841560681584
NLD,power,2024-11-11 21:00:00,0.03050907578189259
NLD,power,2024-11-11 22:00:00,8.865632966038466e-09
NLD,power,2024-11-11 23:00:00,4.4992156038949374e-09
NLD,power,2024-11-12 00:00:00,-1.0103544357037751e-10
NLD,power,2024-11-12 01:00:00,-1.0544134744568614e-10
NLD,power,2024-11-12 02:00:00,-1.07957509492498e-10
NLD,power,2024-11-12 03:00:00,-1.0958222913763129e-10
NLD,power,2024-11-12 04:00:00,-1.1033854799153682e-10
NLD,power,2024-11-12 05:00:00,-1.09205262882034e-10
NLD,power,2024-11-12 06:00:00,-1.0456237797718291e-10
NLD,power,2024-11-12 07:00:00,0.007627271142645861
NLD,power,2024-11-12 08:00:00,-1.0766764780646154e-10
NLD,power,2024-11-12 09:00:00,-1.3619875708438403e-10
NLD,power,2024-11-12 10:00:00,-1.7373859597648455e-10
NLD,power,2024-11-12 11:00:00,0.0
NLD,power,2024-11-12 12:00:00,0.0
NLD,power,2024-11-12 13:00:00,-1.6560038151925488e-10
NLD,power,2024-11-12 14:00:00,-1.3986717163272659e-10
NLD,power,2024-11-12 15:00:00,-1.1898691784121737e-10
NLD,power,2024-11-12 16:00:00,-1.075419314421457e-10
NLD,power,2024-11-12 17:00:00,1.475599530970747e-08
NLD,power,2024-11-12 18:00:00,0.030508371775592184
NLD,power,2024-11-12 19:00:00,0.04976841672584519
NLD,power,2024-11-12 20:00:00,0.04976841976750019
NLD,power,2024-11-12 21:00:00,0.049768419983761664
NLD,power,2024-11-12 22:00:00,0.0497684178677334
NLD,power,2024-11-12 23:00:00,0.007627292146655084
NLD,power,2024-11-13 00:00:00,0.007627341079913704
NLD,power,2024-11-13 01:00:00,0.00762719387347296
NLD,power,2024-11-13 02:00:00,0.0076272622606814704
NLD,power,2024-11-13 03:00:00,0.0
NLD,power,2024-11-13 04:00:00,-1.0127780794291064e-10
NLD,power,2024-11-13 05:00:00,-1.0146710826532306e-10
NLD,power,2024-11-13 06:00:00,6.3679721300420556e-09
NLD,power,2024-11-13 07:00:00,0.01525455580789005
NLD,power,2024-11-13 08:00:00,0.015254538662836024
NLD,power,2024-11-13 09:00:00,-1.0530691681889172e-10
NLD,power,2024-11-13 10:00:00,-1.1449797040371586e-10
NLD,power,2024-11-13 11:00:00,-1.1963262763383813e-10
NLD,power,2024-11-13 12:00:00,-1.1805486475941522e-10
NLD,power,2024-11-13 13:00:00,-1.1216580393059491e-10
NLD,power,2024-11-13 14:00:00,-1.0638593269928136e-10
NLD,power,2024-11-13 15:00:00,1.0411992627639051e-08
NLD,power,2024-11-13 16:00:00,0.015254525705314369
NLD,power,2024-11-13 17:00:00,0.007627274992408613
NLD,power,2024-11-13 18:00:00,0.007627273713085346
NLD,power,2024-11-13 19:00:00,0.0076272740151143836
NLD,power,2024-11-13 20:00:00,0.007627278001036456
NLD,power,2024-11-13 21:00:00,0.022881779526040584
NLD,power,2024-11-13 22:00:00,7.977220744997767e-09
NLD,power,2024-11-13 23:00:00,-1.0072878096578182e-10
NLD,power,2024-11-14 00:00:00,-1.0256223442555619e-10
NLD,power,2024-11-14 01:00:00,-1.0297502165523404e-10
NLD,power,2024-11-14 02:00:00,-1.0292368103607882e-10
NLD,power,2024-11-14 03:00:00,-1.01353992418172e-10
NLD,power,2024-11-14 04:00:00,1.2493098598600238e-08
NLD,power,2024-11-14 05:00:00,2.8224186188171163e-09
NLD,power,2024-11-14 06:00:00,3.86674742096521e-09
NLD,power,2024-11-14 07:00:00,0.030509089294197662
NLD,power,2024-11-14 08:00:00,0.022881837232426892
NLD,power,2024-11-14 09:00:00,1.2526288125028867e-09
NLD,power,2024-11-14 10:00:00,-1.1912742808573047e-10
NLD,power,2024-11-14 11:00:00,-1.2384949347048294e-10
NLD,power,2024-11-14 12:00:00,-1.2493880735226895e-10
NLD,power,2024-11-14 13:00:00,-1.2060111345812798e-10
NLD,power,2024-11-14 14:00:00,-1.161114699697817e-10
NLD,power,2024-11-14 15:00:00,1.2224627593677017e-09
NLD,power,2024-11-14 16:00:00,0.04976839184294296
NLD,power,2024-11-14 17:00:00,0.04976841936449318
NLD,power,2024-11-14 18:00:00,0.049768420087331434
NLD,power,2024-11-14 19:00:00,0.04976842032641241
NLD,power,2024-11-14 20:00:00,0.049768420402724056
NLD,power,2024-11-14 21:00:00,0.0497684202485891
NLD,power,2024-11-14 22:00:00,0.04976841772036348
NLD,power,2024-11-14 23:00:00,0.007627278303998553
NLD,power,2024-11-15 00:00:00,0.007627270217014683
NLD,power,2024-11-15 01:00:00,0.0076272712322928435
NLD,power,2024-11-15 02:00:00,0.007627269959114725
NLD,power,2024-11-15 03:00:00,0.007627270995372702
NLD,power,2024-11-15 04:00:00,0.007627268452592882
NLD,power,2024-11-15 05:00:00,6.873280268594963e-09
NLD,power,2024-11-15 06:00:00,0.015254540986672121
NLD,power,2024-11-15 07:00:00,0.04976841894072076
NLD,power,2024-11-15 08:00:00,0.04976841589653045
NLD,power,2024-11-15 09:00:00,1.933305629785761e-09
NLD,power,2024-11-15 10:00:00,-1.1517189295039015e-10
NLD,power,2024-11-15 11:00:00,-1.2015251417748942e-10
NLD,power,2024-11-15 12:00:00,-1.211733430270206e-10
NLD,power,2024-11-15 13:00:00,-1.1791563859057436e-10
NLD,power,2024-11-15 14:00:00,-1.139930443761606e-10
NLD,power,2024-11-15 15:00:00,1.5639050062478204e-09
NLD,power,2024-11-15 16:00:00,0.04976841126468904
NLD,power,2024-11-15 17:00:00,0.049768419397126035
NLD,power,2024-11-15 18:00:00,0.049768419816061456
NLD,power,2024-11-15 19:00:00,0.04976841989508608
NLD,power,2024-11-15 20:00:00,0.04976841998634588
NLD,power,2024-11-15 21:00:00,0.049768419581102806
NLD,power,2024-11-15 22:00:00,0.015254455925971893
NLD,power,2024-11-15 23:00:00,1.0725864835901125e-07
NLD,power,2024-11-16 00:00:00,0.007627269438333976
NLD,power,2024-11-16 01:00:00,0.007627270010782153
NLD,power,2024-11-16 02:00:00,0.0076272666344841394
NLD,power,2024-11-16 03:00:00,0.007627264671071767
NLD,power,2024-11-16 04:00:00,0.007627267068826588
NLD,power,2024-11-16 05:00:00,0.0076272652697284594
NLD,power,2024-11-16 06:00:00,0.00762726822324713
NLD,power,2024-11-16 07:00:00,0.007627276765119117
NLD,power,2024-11-16 08:00:00,0.0076273541265409915
NLD,power,2024-11-16 09:00:00,-1.0082187269842087e-10
NLD,power,2024-11-16 10:00:00,-1.1115939419791868e-10
NLD,power,2024-11-16 11:00:00,-1.203779670129468e-10
NLD,power,2024-11-16 12:00:00,-1.2244301362124102e-10
NLD,power,2024-11-16 13:00:00,-1.1384556385549219e-10
NLD,power,2024-11-16 14:00:00,-1.0811093011802788e-10
NLD,power,2024-11-16 15:00:00,2.4130232537678886e-09
NLD,power,2024-11-16 16:00:00,0.030509096587964704
NLD,power,2024-11-16 17:00:00,0.04976841899423245
NLD,power,2024-11-16 18:00:00,0.049768419964235436
NLD,power,2024-11-16 19:00:00,0.04976842007534131
NLD,power,2024-11-16 20:00:00,0.04976842014928627
NLD,power,2024-11-16 21:00:00,0.04976842006608256
NLD,power,2024-11-16 22:00:00,0.04976841906521975
NLD,power,2024-11-16 23:00:00,0.04976837951390184
NLD,power,2024-11-17 00:00:00,0.007627274147444841
NLD,power,2024-11-17 01:00:00,0.007627273146214269
NLD,power,2024-11-17 02:00:00,0.007627271491589441
NLD,power,2024-11-17 03:00:00,0.007627270862148732
NLD,power,2024-11-17 04:00:00,0.007627270777608817
NLD,power,2024-11-17 05:00:00,0.007627270337533902
NLD,power,2024-11-17 06:00:00,0.007627272235922187
NLD,power,2024-11-17 07:00:00,0.007627293433255432
NLD,power,2024-11-17 08:00:00,-1.0135781075827555e-10
NLD,power,2024-11-17 09:00:00,-1.0886046223399517e-10
NLD,power,2024-11-17 10:00:00,-1.1823045707140643e-10
NLD,power,2024-11-17 11:00:00,-1.273843352005818e-10
NLD,power,2024-11-17 12:00:00,-1.337558705471851e-10
NLD,power,2024-11-17 13:00:00,-1.2638323609918404e-10
NLD,power,2024-11-17 14:00:00,-1.172907176008855e-10
NLD,power,2024-11-17 15:00:00,1.0258610865263916e-09
NLD,power,2024-11-17 16:00:00,0.022881816455433853
NLD,power,2024-11-17 17:00:00,0.04976841896880896
NLD,power,2024-11-17 18:00:00,0.049768420103868435
NLD,power,2024-11-17 19:00:00,0.0497684202983076
NLD,power,2024-11-17 20:00:00,0.04976842041887284
NLD,power,2024-11-17 21:00:00,0.049768420318208294
NLD,power,2024-11-17 22:00:00,0.049768419588018774
NLD,power,2024-11-17 23:00:00,0.049768390458012644
NLD,power,2024-11-18 00:00:00,0.007627264725758426
NLD,power,2024-11-18 01:00:00,0.007627269736138048
NLD,power,2024-11-18 02:00:00,0.007627270278752357
NLD,power,2024-11-18 03:00:00,0.0076272705011111745
NLD,power,2024-11-18 04:00:00,4.9314968541005216e-08
NLD,power,2024-11-18 05:00:00,3.4159768941835537e-09
NLD,power,2024-11-18 06:00:00,0.022881784982725757
NLD,power,2024-11-18 07:00:00,0.049768420074853915
NLD,power,2024-11-18 08:00:00,0.04976841596101922
NLD,power,2024-11-18 09:00:00,1.5415195470815378e-09
NLD,power,2024-11-18 10:00:00,-1.1545696489871624e-10
NLD,power,2024-11-18 11:00:00,-1.1988212388067704e-10
NLD,power,2024-11-18 12:00:00,-1.2046432489887588e-10
NLD,power,2024-11-18 13:00:00,-1.1604207343609571e-10
NLD,power,2024-11-18 14:00:00,-1.1023828053067918e-10
NLD,power,2024-11-18 15:00:00,0.02288177338511379
NLD,power,2024-11-18 16:00:00,0.049768420279438064
NLD,power,2024-11-18 17:00:00,0.04976842073379191
NLD,power,2024-11-18 18:00:00,0.049768420825331845
NLD,power,2024-11-18 19:00:00,0.04976842085669962
NLD,power,2024-11-18 20:00:00,0.0497684208869867
NLD,power,2024-11-18 21:00:00,0.04976842081071564
NLD,power,2024-11-18 22:00:00,0.04976842043305587
NLD,power,2024-11-18 23:00:00,0.04976841860359199
NLD,power,2024-11-19 00:00:00,0.015254519322830206
NLD,power,2024-11-19 01:00:00,4.1105207134568395e-08
NLD,power,2024-11-19 02:00:00,0.007627254314492493
NLD,power,2024-11-19 03:00:00,0.007627268358660027
NLD,power,2024-11-19 04:00:00,0.0076272628480852905
NLD,power,2024-11-19 05:00:00,4.625250470853211e-09
NLD,power,2024-11-19 06:00:00,3.4411423313271405e-08
NLD,power,2024-11-19 07:00:00,0.049768418032374445
NLD,power,2024-11-19 08:00:00,0.04976841397378873
NLD,power,2024-11-19 09:00:00,2.2404325112386113e-09
NLD,power,2024-11-19 10:00:00,-1.1878352023225892e-10
NLD,power,2024-11-19 11:00:00,-1.3204207704230493e-10
NLD,power,2024-11-19 12:00:00,-1.451787753042564e-10
NLD,power,2024-11-19 13:00:00,-1.4448331714161453e-10
NLD,power,2024-11-19 14:00:00,-1.2980345979028946e-10
NLD,power,2024-11-19 15:00:00,-1.132867801690127e-10
NLD,power,2024-11-19 16:00:00,0.01525454623378458
NLD,power,2024-11-19 17:00:00,0.007627299981036146
NLD,power,2024-11-19 18:00:00,0.007627280600611442
NLD,power,2024-11-19 19:00:00,0.007627334113727419
NLD,power,2024-11-19 20:00:00,0.049768408181932906
NLD,power,2024-11-19 21:00:00,0.02288181962982032
NLD,power,2024-11-19 22:00:00,2.581322315167108e-09
NLD,power,2024-11-19 23:00:00,-1.0660897799104249e-10
NLD,power,2024-11-20 00:00:00,-1.0767396490677621e-10
NLD,power,2024-11-20 01:00:00,-1.1102206877440434e-10
NLD,power,2024-11-20 02:00:00,-1.1420126076260749e-10
NLD,power,2024-11-20 03:00:00,-1.1554585759158573e-10
NLD,power,2024-11-20 04:00:00,-1.1649922065639511e-10
NLD,power,2024-11-20 05:00:00,-1.1594752058867974e-10
NLD,power,2024-11-20 06:00:00,-1.0791223417101616e-10
NLD,power,2024-11-20 07:00:00,0.007627267812044277
NLD,power,2024-11-20 08:00:00,-1.0310691671332108e-10
NLD,power,2024-11-20 09:00:00,-1.2766007759800636e-10
NLD,power,2024-11-20 10:00:00,-1.697890758967554e-10
NLD,power,2024-11-20 11:00:00,0.0
NLD,power,2024-11-20 12:00:00,0.0
NLD,power,2024-11-20 13:00:00,0.0
NLD,power,2024-11-20 14:00:00,-1.8593697479063743e-10
NLD,power,2024-11-20 15:00:00,-1.3987789226167356e-10
NLD,power,2024-11-20 16:00:00,-1.0772503047018578e-10
NLD,power,2024-11-20 17:00:00,2.1537013997745133e-08
NLD,power,2024-11-20 18:00:00,0.015254536358233399
NLD,power,2024-11-20 19:00:00,0.007627275485239787
NLD,power,2024-11-20 20:00:00,0.007627276524365605
NLD,power,2024-11-20 21:00:00,0.0152545846354033
NLD,power,2024-11-20 22:00:00,3.2793193107872193e-09
NLD,power,2024-11-20 23:00:00,-1.0640763390930131e-10
NLD,power,2024-11-21 00:00:00,-1.1337220606840095e-10
NLD,power,2024-11-21 01:00:00,-1.1924764153603077e-10
NLD,power,2024-11-21 02:00:00,-1.2447237539145373e-10
NLD,power,2024-11-21 03:00:00,-1.2775271838019364e-10
NLD,power,2024-11-21 04:00:00,-1.291072788564758e-10
NLD,power,2024-11-21 05:00:00,-1.279105772507384e-10
NLD,power,2024-11-21 06:00:00,-1.1980713007113945e-10
NLD,power,2024-11-21 07:00:00,-1.108273311625366e-10
NLD,power,2024-11-21 08:00:00,-1.1716384285085625e-10
NLD,power,2024-11-21 09:00:00,-1.4022286836096945e-10
NLD,power,2024-11-21 10:00:00,-1.8134621495103896e-10
NLD,power,2024-11-21 11:00:00,0.0
NLD,power,2024-11-21 12:00:00,0.0
NLD,power,2024-11-21 13:00:00,0.0
NLD,power,2024-11-21 14:00:00,0.0
NLD,power,2024-11-21 15:00:00,-1.5675358865547496e-10
NLD,power,2024-11-21 16:00:00,-1.263957753511274e-10
NLD,power,2024-11-21 17:00:00,-1.1462496291282174e-10
NLD,power,2024-11-21 18:00:00,-1.087210795772812e-10
NLD,power,2024-11-21 19:00:00,-1.0604332981984185e-10
NLD,power,2024-11-21 20:00:00,-1.0304400285181572e-10
NLD,power,2024-11-21 21:00:00,-1.0329287712758117e-10
NLD,power,2024-11-21 22:00:00,-1.1039214009304054e-10
NLD,power,2024-11-21 23:00:00,-1.1771717092396994e-10
NLD,power,2024-11-22 00:00:00,-1.2208989150984374e-10
NLD,power,2024-11-22 01:00:00,-1.2339486429504544e-10
NLD,power,2024-11-22 02:00:00,-1.248553044486688e-10
NLD,power,2024-11-22 03:00:00,-1.24337519151312e-10
NLD,power,2024-11-22 04:00:00,-1.2342126374845022e-10
NLD,power,2024-11-22 05:00:00,-1.1895311739821146e-10
NLD,power,2024-11-22 06:00:00,-1.074943106644601e-10
NLD,power,2024-11-22 07:00:00,0.007627281659348581
NLD,power,2024-11-22 08:00:00,0.007626998550078878
NLD,power,2024-11-22 09:00:00,-1.1924314648355954e-10
NLD,power,2024-11-22 10:00:00,-1.395693700116389e-10
NLD,power,2024-11-22 11:00:00,-1.5044933345395236e-10
NLD,power,2024-11-22 12:00:00,-1.4900101268398597e-10
NLD,power,2024-11-22 13:00:00,-1.3743152432189107e-10
NLD,power,2024-11-22 14:00:00,-1.248611656102023e-10
NLD,power,2024-11-22 15:00:00,1.1170516811251323e-09
NLD,power,2024-11-22 16:00:00,0.0497684195534469
NLD,power,2024-11-22 17:00:00,0.04976842047209491
NLD,power,2024-11-22 18:00:00,0.049768420694961846
NLD,power,2024-11-22 19:00:00,0.049768420729909904
NLD,power,2024-11-22 20:00:00,0.049768420752213244
NLD,power,2024-11-22 21:00:00,0.04976842064388819
NLD,power,2024-11-22 22:00:00,0.049768420055629495
NLD,power,2024-11-22 23:00:00,0.030509812351645862
NLD,power,2024-11-23 00:00:00,7.2344627484542525e-09
NLD,power,2024-11-23 01:00:00,5.551935179475771e-09
NLD,power,2024-11-23 02:00:00,1.029975325410685e-08
NLD,power,2024-11-23 03:00:00,-1.0258708354926882e-10
NLD,power,2024-11-23 04:00:00,-1.0521735880695575e-10
NLD,power,2024-11-23 05:00:00,-1.0742799349427731e-10
NLD,power,2024-11-23 06:00:00,-1.0701540898356722e-10
NLD,power,2024-11-23 07:00:00,-1.0425135676289731e-10
NLD,power,2024-11-23 08:00:00,-1.0748587574151255e-10
NLD,power,2024-11-23 09:00:00,-1.1948602995051957e-10
NLD,power,2024-11-23 10:00:00,-1.4615139166601842e-10
NLD,power,2024-11-23 11:00:00,-1.7049657084010324e-10
NLD,power,2024-11-23 12:00:00,0.0
NLD,power,2024-11-23 13:00:00,-1.6657214187418922e-10
NLD,power,2024-11-23 14:00:00,-1.4469425630594208e-10
NLD,power,2024-11-23 15:00:00,-1.2320494612543336e-10
NLD,power,2024-11-23 16:00:00,-1.0871398230276027e-10
NLD,power,2024-11-23 17:00:00,-1.0576871478996923e-10
NLD,power,2024-11-23 18:00:00,-1.0277544125832833e-10
NLD,power,2024-11-23 19:00:00,-1.026139675996317e-10
NLD,power,2024-11-23 20:00:00,-1.0218279689952711e-10
NLD,power,2024-11-23 21:00:00,-1.036749673214948e-10
NLD,power,2024-11-23 22:00:00,-1.0991752614592536e-10
NLD,power,2024-11-23 23:00:00,-1.1655476598721525e-10
NLD,power,2024-11-24 00:00:00,-1.2204109172410167e-10
NLD,power,2024-11-24 01:00:00,-1.257042465123927e-10
NLD,power,2024-11-24 02:00:00,-1.302746106690678e-10
NLD,power,2024-11-24 03:00:00,-1.3387867362878202e-10
NLD,power,2024-11-24 04:00:00,-1.3742099055290116e-10
NLD,power,2024-11-24 05:00:00,-1.3931235473760037e-10
NLD,power,2024-11-24 06:00:00,-1.387678715998293e-10
NLD,power,2024-11-24 07:00:00,-1.3657687735736258e-10
NLD,power,2024-11-24 08:00:00,-1.507832417667872e-10
NLD,power,2024-11-24 09:00:00,0.0
NLD,power,2024-11-24 10:00:00,0.0
NLD,power,2024-11-24 11:00:00,0.0
NLD,power,2024-11-24 12:00:00,0.0
NLD,power,2024-11-24 13:00:00,0.0
NLD,power,2024-11-24 14:00:00,0.0
NLD,power,2024-11-24 15:00:00,-1.6638556298965113e-10
NLD,power,2024-11-24 16:00:00,-1.378924316414176e-10
NLD,power,2024-11-24 17:00:00,-1.2966026908950794e-10
NLD,power,2024-11-24 18:00:00,-1.2130125812840648e-10
NLD,power,2024-11-24 19:00:00,-1.1827808352421567e-10
NLD,power,2024-11-24 20:00:00,-1.1322185456776922e-10
NLD,power,2024-11-24 21:00:00,-1.1101132777981057e-10
NLD,power,2024-11-24 22:00:00,-1.1469433973744899e-10
NLD,power,2024-11-24 23:00:00,-1.2117344951303212e-10
NLD,power,2024-11-25 00:00:00,-1.2762653312498822e-10
NLD,power,2024-11-25 01:00:00,-1.312535500960084e-10
NLD,power,2024-11-25 02:00:00,-1.3318571937299316e-10
NLD,power,2024-11-25 03:00:00,-1.3361857787663076e-10
NLD,power,2024-11-25 04:00:00,-1.3388921065385757e-10
NLD,power,2024-11-25 05:00:00,-1.303213882584889e-10
NLD,power,2024-11-25 06:00:00,-1.1717124136118987e-10
NLD,power,2024-11-25 07:00:00,-1.0311138101845105e-10
NLD,power,2024-11-25 08:00:00,0.007627256924601874
NLD,power,2024-11-25 09:00:00,-1.060013069988844e-10
NLD,power,2024-11-25 10:00:00,-1.2109676619617584e-10
NLD,power,2024-11-25 11:00:00,-1.4494901219056176e-10
NLD,power,2024-11-25 12:00:00,-1.5878953376252552e-10
NLD,power,2024-11-25 13:00:00,-1.5353718172531235e-10
NLD,power,2024-11-25 14:00:00,-1.4008420106085406e-10
NLD,power,2024-11-25 15:00:00,-1.2180628568425695e-10
NLD,power,2024-11-25 16:00:00,2.138170005290161e-09
NLD,power,2024-11-25 17:00:00,0.030519425029071953
NLD,power,2024-11-25 18:00:00,0.04976841948121426
NLD,power,2024-11-25 19:00:00,0.0497684200489328
NLD,power,2024-11-25 20:00:00,0.04976842023432442
NLD,power,2024-11-25 21:00:00,0.04976841995349401
NLD,power,2024-11-25 22:00:00,0.0497684150038034
NLD,power,2024-11-25 23:00:00,2.0790238598641733e-08
NLD,power,2024-11-26 00:00:00,0.007627261941418047
NLD,power,2024-11-26 01:00:00,0.007627269986905652
NLD,power,2024-11-26 02:00:00,0.00762726958902221
NLD,power,2024-11-26 03:00:00,0.007627270077446822
NLD,power,2024-11-26 04:00:00,1.4224838483651794e-08
NLD,power,2024-11-26 05:00:00,3.53155994509551e-09
NLD,power,2024-11-26 06:00:00,0.02288182258680323
NLD,power,2024-11-26 07:00:00,0.04976842029229367
NLD,power,2024-11-26 08:00:00,0.049768420399495375
NLD,power,2024-11-26 09:00:00,0.04976841994685921
NLD,power,2024-11-26 10:00:00,0.02288251851272996
NLD,power,2024-11-26 11:00:00,4.6387104552263824e-09
NLD,power,2024-11-26 12:00:00,2.7246334196358938e-08
NLD,power,2024-11-26 13:00:00,1.5071607736531935e-08
NLD,power,2024-11-26 14:00:00,0.015254533702447615
NLD,power,2024-11-26 15:00:00,0.04976841961994583
NLD,power,2024-11-26 16:00:00,0.04976842057506693
NLD,power,2024-11-26 17:00:00,0.04976842071808322
NLD,power,2024-11-26 18:00:00,0.04976842079877843
NLD,power,2024-11-26 19:00:00,0.049768420817768486
NLD,power,2024-11-26 20:00:00,0.04976842086169355
NLD,power,2024-11-26 21:00:00,0.049768420823325145
NLD,power,2024-11-26 22:00:00,0.04976842056523624
NLD,power,2024-11-26 23:00:00,0.04976841985123196
NLD,power,2024-11-27 00:00:00,0.049768415798236466
NLD,power,2024-11-27 01:00:00,0.007627277009140262
NLD,power,2024-11-27 02:00:00,0.007627271693461392
NLD,power,2024-11-27 03:00:00,0.0076272726405961794
NLD,power,2024-11-27 04:00:00,0.007627271186287917
NLD,power,2024-11-27 05:00:00,1.3651973089715007e-08
NLD,power,2024-11-27 06:00:00,0.015254619950162645
NLD,power,2024-11-27 07:00:00,0.04976842017744071
NLD,power,2024-11-27 08:00:00,0.0497684170453545
NLD,power,2024-11-27 09:00:00,1.8510986647602641e-09
NLD,power,2024-11-27 10:00:00,-1.1329108789621565e-10
NLD,power,2024-11-27 11:00:00,-1.1794460532205682e-10
NLD,power,2024-11-27 12:00:00,-1.1924622529509235e-10
NLD,power,2024-11-27 13:00:00,-1.1660581264329496e-10
NLD,power,2024-11-27 14:00:00,-1.106950094944561e-10
NLD,power,2024-11-27 15:00:00,0.022881803819133826
NLD,power,2024-11-27 16:00:00,0.0497684204975004
NLD,power,2024-11-27 17:00:00,0.049768420792752587
NLD,power,2024-11-27 18:00:00,0.04976842085264906
NLD,power,2024-11-27 19:00:00,0.04976842086076304
NLD,power,2024-11-27 20:00:00,0.049768420902327075
NLD,power,2024-11-27 21:00:00,0.04976842085294737
NLD,power,2024-11-27 22:00:00,0.04976842058316803
NLD,power,2024-11-27 23:00:00,0.04976841994800148
NLD,power,2024-11-28 00:00:00,0.04976841657443372
NLD,power,2024-11-28 01:00:00,0.007627277990585761
NLD,power,2024-11-28 02:00:00,0.00762727273916935
NLD,power,2024-11-28 03:00:00,0.007627272196254124
NLD,power,2024-11-28 04:00:00,0.007627272751837732
NLD,power,2024-11-28 05:00:00,0.007627258802791084
NLD,power,2024-11-28 06:00:00,0.04976841224702606
NLD,power,2024-11-28 07:00:00,0.04976842022826302
NLD,power,2024-11-28 08:00:00,0.04976838887229275
NLD,power,2024-11-28 09:00:00,1.079729240708344e-09
NLD,power,2024-11-28 10:00:00,-1.173772374871421e-10
NLD,power,2024-11-28 11:00:00,-1.2262769431540195e-10
NLD,power,2024-11-28 12:00:00,-1.2549320808678747e-10
NLD,power,2024-11-28 13:00:00,-1.2144037369046066e-10
NLD,power,2024-11-28 14:00:00,-1.1538711702066908e-10
NLD,power,2024-11-28 15:00:00,2.2440744506167705e-09
NLD,power,2024-11-28 16:00:00,0.0497684200389495
NLD,power,2024-11-28 17:00:00,0.04976842055638308
NLD,power,2024-11-28 18:00:00,0.049768420628528084
NLD,power,2024-11-28 19:00:00,0.04976842050847148
NLD,power,2024-11-28 20:00:00,0.04976842046326193
NLD,power,2024-11-28 21:00:00,0.0497684200964451
NLD,power,2024-11-28 22:00:00,0.0497683804352229
NLD,power,2024-11-28 23:00:00,2.9583393776887267e-09
NLD,power,2024-11-29 00:00:00,2.4054033974025075e-09
NLD,power,2024-11-29 01:00:00,-1.0327658479517836e-10
NLD,power,2024-11-29 02:00:00,-1.0510247082657969e-10
NLD,power,2024-11-29 03:00:00,-1.0651662292570784e-10
NLD,power,2024-11-29 04:00:00,-1.062138361727955e-10
NLD,power,2024-11-29 05:00:00,-1.0514182348898387e-10
NLD,power,2024-11-29 06:00:00,2.6227007539142942e-09
NLD,power,2024-11-29 07:00:00,0.022881810412160437
NLD,power,2024-11-29 08:00:00,0.022881798947744125
NLD,power,2024-11-29 09:00:00,8.23709365424133e-09
NLD,power,2024-11-29 10:00:00,-1.0465156727342391e-10
NLD,power,2024-11-29 11:00:00,-1.1928356108902274e-10
NLD,power,2024-11-29 12:00:00,-1.2670209823580598e-10
NLD,power,2024-11-29 13:00:00,-1.241168576931048e-10
NLD,power,2024-11-29 14:00:00,-1.1558923478285807e-10
NLD,power,2024-11-29 15:00:00,7.692997339154563e-09
NLD,power,2024-11-29 16:00:00,0.04976841993629155
NLD,power,2024-11-29 17:00:00,0.0497684203132123
NLD,power,2024-11-29 18:00:00,0.0497684204325326
NLD,power,2024-11-29 19:00:00,0.04976842037054367
NLD,power,2024-11-29 20:00:00,0.04976842037163377
NLD,power,2024-11-29 21:00:00,0.04976842024805878
NLD,power,2024-11-29 22:00:00,0.049768419018415874
NLD,power,2024-11-29 23:00:00,0.007627309135814083
NLD,power,2024-11-30 00:00:00,0.007627271537787273
NLD,power,2024-11-30 01:00:00,0.007627270101313509
NLD,power,2024-11-30 02:00:00,0.007627271218779564
NLD,power,2024-11-30 03:00:00,0.007627270732370254
NLD,power,2024-11-30 04:00:00,0.007627270556812233
NLD,power,2024-11-30 05:00:00,0.007627269336555067
NLD,power,2024-11-30 06:00:00,0.007627270757931483
NLD,power,2024-11-30 07:00:00,0.015254538122894474
NLD,power,2024-11-30 08:00:00,8.30621037339792e-09
NLD,power,2024-11-30 09:00:00,-1.0483916033622928e-10
NLD,power,2024-11-30 10:00:00,-1.1408938466340947e-10
NLD,power,2024-11-30 11:00:00,-1.2839750916118733e-10
NLD,power,2024-11-30 12:00:00,-1.3409009865973593e-10
NLD,power,2024-11-30 13:00:00,-1.3061786351884627e-10
NLD,power,2024-11-30 14:00:00,-1.2089431344247689e-10
NLD,power,2024-11-30 15:00:00,1.2156496760608024e-09
NLD,power,2024-11-30 16:00:00,0.04976841533276015
NLD,power,2024-11-30 17:00:00,0.049768419787009945
NLD,power,2024-11-30 18:00:00,0.04976842012012789
NLD,power,2024-11-30 19:00:00,0.04976841981035431
NLD,power,2024-11-30 20:00:00,0.049768419378390154
NLD,power,2024-11-30 21:00:00,0.049768416097794387
NLD,power,2024-11-30 22:00:00,0.007627357578610503
NLD,power,2024-11-30 23:00:00,0.015254454462085213
NLD,power,2024-12-01 00:00:00,8.977473102249116e-09
NLD,power,2024-12-01 01:00:00,0.0
NLD,power,2024-12-01 02:00:00,-1.0204952017409154e-10
NLD,power,2024-12-01 03:00:00,-1.0291557277906051e-10
NLD,power,2024-12-01 04:00:00,-1.0291573808615815e-10
NLD,power,2024-12-01 05:00:00,-1.0233808666827991e-10
NLD,power,2024-12-01 06:00:00,-1.0031636009820664e-10
NLD,power,2024-12-01 07:00:00,0.007627272006271443
NLD,power,2024-12-01 08:00:00,-1.0163427528789515e-10
NLD,power,2024-12-01 09:00:00,-1.0444484957649428e-10
NLD,power,2024-12-01 10:00:00,-1.0741381671199698e-10
NLD,power,2024-12-01 11:00:00,-1.1253242285959796e-10
NLD,power,2024-12-01 12:00:00,-1.1464132665782519e-10
NLD,power,2024-12-01 13:00:00,-1.0994022973642544e-10
NLD,power,2024-12-01 14:00:00,2.5874875560281293e-09
NLD,power,2024-12-01 15:00:00,0.022881793615139544
NLD,power,2024-12-01 16:00:00,0.04976841542324029
NLD,power,2024-12-01 17:00:00,0.04976841867572036
NLD,power,2024-12-01 18:00:00,0.04976841975155175
NLD,power,2024-12-01 19:00:00,0.049768419805269
NLD,power,2024-12-01 20:00:00,0.04976841989237656
NLD,power,2024-12-01 21:00:00,0.04976841963744572
NLD,power,2024-12-01 22:00:00,0.049768415323686574
NLD,power,2024-12-01 23:00:00,0.007627278940391512
NLD,power,2024-12-02 00:00:00,0.007627269655156944
NLD,power,2024-12-02 01:00:00,0.007627269787208897
NLD,power,2024-12-02 02:00:00,0.00762727040684749
NLD,power,2024-12-02 03:00:00,0.007627258506698668
NLD,power,2024-12-02 04:00:00,-1.0213297630282544e-10
NLD,power,2024-12-02 05:00:00,1.379588774874145e-09
NLD,power,2024-12-02 06:00:00,2.2387490379174767e-09
NLD,power,2024-12-02 07:00:00,0.0497684155242996
NLD,power,2024-12-02 08:00:00,0.04976841869667888
NLD,power,2024-12-02 09:00:00,0.022881826128363255
NLD,power,2024-12-02 10:00:00,2.8422281846010765e-09
NLD,power,2024-12-02 11:00:00,1.794119056481392e-09
NLD,power,2024-12-02 12:00:00,-1.0411833521429724e-10
NLD,power,2024-12-02 13:00:00,-1.0811617973502301e-10
NLD,power,2024-12-02 14:00:00,1.700946007170219e-09
NLD,power,2024-12-02 15:00:00,0.04976840877221571
NLD,power,2024-12-02 16:00:00,0.04976842029330673
NLD,power,2024-12-02 17:00:00,0.049768420508458915
NLD,power,2024-12-02 18:00:00,0.04976842062318419
NLD,power,2024-12-02 19:00:00,0.04976842068967949
NLD,power,2024-12-02 20:00:00,0.04976842076740205
NLD,power,2024-12-02 21:00:00,0.04976842073950208
NLD,power,2024-12-02 22:00:00,0.049768420321425526
NLD,power,2024-12-02 23:00:00,0.04976841804036206
NLD,power,2024-12-03 00:00:00,0.007627288244924732
NLD,power,2024-12-03 01:00:00,0.007627272095150377
NLD,power,2024-12-03 02:00:00,0.007627272314994873
NLD,power,2024-12-03 03:00:00,0.007627272775443356
NLD,power,2024-12-03 04:00:00,0.007627272462254745
NLD,power,2024-12-03 05:00:00,0.007627273329913678
NLD,power,2024-12-03 06:00:00,0.04976841798629531
NLD,power,2024-12-03 07:00:00,0.04976842042024317
NLD,power,2024-12-03 08:00:00,0.049768420274713614
NLD,power,2024-12-03 09:00:00,0.04976841671679565
NLD,power,2024-12-03 10:00:00,2.039410684725044e-09
NLD,power,2024-12-03 11:00:00,-1.11117592400147e-10
NLD,power,2024-12-03 12:00:00,-1.1039903862307062e-10
NLD,power,2024-12-03 13:00:00,-1.0889599841332621e-10
NLD,power,2024-12-03 14:00:00,1.4271044084000525e-09
NLD,power,2024-12-03 15:00:00,0.022881795941000184
NLD,power,2024-12-03 16:00:00,0.049768419396623256
NLD,power,2024-12-03 17:00:00,0.049768420077819016
NLD,power,2024-12-03 18:00:00,0.049768420400947484
NLD,power,2024-12-03 19:00:00,0.04976842046441876
NLD,power,2024-12-03 20:00:00,0.04976842051229022
NLD,power,2024-12-03 21:00:00,0.04976842033704705
NLD,power,2024-12-03 22:00:00,0.04976841558035488
NLD,power,2024-12-03 23:00:00,0.007627271715193974
NLD,power,2024-12-04 00:00:00,0.007627268634374485
NLD,power,2024-12-04 01:00:00,0.007627273326719248
NLD,power,2024-12-04 02:00:00,0.007627268233411297
NLD,power,2024-12-04 03:00:00,-1.0005471022552477e-10
NLD,power,2024-12-04 04:00:00,-1.0253172606112486e-10
NLD,power,2024-12-04 05:00:00,-1.0498407087399378e-10
NLD,power,2024-12-04 06:00:00,2.4485623609668065e-09
NLD,power,2024-12-04 07:00:00,0.022881849849704844
NLD,power,2024-12-04 08:00:00,0.022881790363157458
NLD,power,2024-12-04 09:00:00,-1.1637155041752123e-10
NLD,power,2024-12-04 10:00:00,-1.3814228843684926e-10
NLD,power,2024-12-04 11:00:00,-1.604441468089324e-10
NLD,power,2024-12-04 12:00:00,-1.573643157505852e-10
NLD,power,2024-12-04 13:00:00,-1.4099062753045607e-10
NLD,power,2024-12-04 14:00:00,-1.2751388794231013e-10
NLD,power,2024-12-04 15:00:00,1.0449459084153862e-09
NLD,power,2024-12-04 16:00:00,0.04976841882476545
NLD,power,2024-12-04 17:00:00,0.04976842023851922
NLD,power,2024-12-04 18:00:00,0.04976842047829961
NLD,power,2024-12-04 19:00:00,0.049768420538534454
NLD,power,2024-12-04 20:00:00,0.04976842059441185
NLD,power,2024-12-04 21:00:00,0.04976842044050827
NLD,power,2024-12-04 22:00:00,0.04976841969174136
NLD,power,2024-12-04 23:00:00,0.022881804028699052
NLD,power,2024-12-05 00:00:00,2.8120310547474745e-08
NLD,power,2024-12-05 01:00:00,1.717355326676732e-08
NLD,power,2024-12-05 02:00:00,0.007627263710370129
NLD,power,2024-12-05 03:00:00,0.00762726218752626
NLD,power,2024-12-05 04:00:00,1.85736653319773e-08
NLD,power,2024-12-05 05:00:00,3.129590866628006e-09
NLD,power,2024-12-05 06:00:00,3.741045855575286e-09
NLD,power,2024-12-05 07:00:00,0.04976822969804558
NLD,power,2024-12-05 08:00:00,0.0228818075548117
NLD,power,2024-12-05 09:00:00,-1.084896847563083e-10
NLD,power,2024-12-05 10:00:00,-1.2318683541122202e-10
NLD,power,2024-12-05 11:00:00,-1.376546870912587e-10
NLD,power,2024-12-05 12:00:00,-1.3976112869418747e-10
NLD,power,2024-12-05 13:00:00,-1.2939957195341342e-10
NLD,power,2024-12-05 14:00:00,-1.179579276709561e-10
NLD,power,2024-12-05 15:00:00,2.701703822399556e-09
NLD,power,2024-12-05 16:00:00,0.049768417991075356
NLD,power,2024-12-05 17:00:00,0.04976841950476492
NLD,power,2024-12-05 18:00:00,0.04976842003662282
NLD,power,2024-12-05 19:00:00,0.049768419565308086
NLD,power,2024-12-05 20:00:00,0.049768419182306414
NLD,power,2024-12-05 21:00:00,0.04976841660051654
NLD,power,2024-12-05 22:00:00,2.0562563262734268e-08
NLD,power,2024-12-05 23:00:00,4.126611286595238e-09
NLD,power,2024-12-06 00:00:00,-1.0240921103643772e-10
NLD,power,2024-12-06 01:00:00,-1.064677869414813e-10
NLD,power,2024-12-06 02:00:00,-1.1202049931260644e-10
NLD,power,2024-12-06 03:00:00,-1.1520549449636173e-10
NLD,power,2024-12-06 04:00:00,-1.1502904285455938e-10
NLD,power,2024-12-06 05:00:00,-1.1337124167885294e-10
NLD,power,2024-12-06 06:00:00,-1.1116784193789458e-10
NLD,power,2024-12-06 07:00:00,-1.0694699497758204e-10
NLD,power,2024-12-06 08:00:00,-1.1041661019517421e-10
NLD,power,2024-12-06 09:00:00,-1.1726017697047483e-10
NLD,power,2024-12-06 10:00:00,-1.3546022451772262e-10
NLD,power,2024-12-06 11:00:00,-1.550260058049331e-10
NLD,power,2024-12-06 12:00:00,0.0
NLD,power,2024-12-06 13:00:00,-1.5415254352453023e-10
NLD,power,2024-12-06 14:00:00,-1.337210006225617e-10
NLD,power,2024-12-06 15:00:00,-1.1281271506873989e-10
NLD,power,2024-12-06 16:00:00,0.007627262212459607
NLD,power,2024-12-06 17:00:00,0.0076272765498932435
NLD,power,2024-12-06 18:00:00,0.007627277977543732
NLD,power,2024-12-06 19:00:00,0.007627274105200749
NLD,power,2024-12-06 20:00:00,0.007627275445996402
NLD,power,2024-12-06 21:00:00,0.007627277293621671
NLD,power,2024-12-06 22:00:00,0.015254519880572496
NLD,power,2024-12-06 23:00:00,2.2878381562449842e-08
NLD,power,2024-12-07 00:00:00,-1.0153143775411444e-10
NLD,power,2024-12-07 01:00:00,-1.065825121196597e-10
NLD,power,2024-12-07 02:00:00,-1.1011274763095782e-10
NLD,power,2024-12-07 03:00:00,-1.1248226002425557e-10
NLD,power,2024-12-07 04:00:00,-1.1553407560590853e-10
NLD,power,2024-12-07 05:00:00,-1.1884925813557157e-10
NLD,power,2024-12-07 06:00:00,-1.1721327322974463e-10
NLD,power,2024-12-07 07:00:00,-1.1502466043976474e-10
NLD,power,2024-12-07 08:00:00,-1.236707809224772e-10
NLD,power,2024-12-07 09:00:00,-1.4826192044420088e-10
NLD,power,2024-12-07 10:00:00,0.0
NLD,power,2024-12-07 11:00:00,0.0
NLD,power,2024-12-07 12:00:00,0.0
NLD,power,2024-12-07 13:00:00,0.0
NLD,power,2024-12-07 14:00:00,0.0
NLD,power,2024-12-07 15:00:00,0.0
NLD,power,2024-12-07 16:00:00,-1.4904634680362945e-10
NLD,power,2024-12-07 17:00:00,-1.312724972240266e-10
NLD,power,2024-12-07 18:00:00,-1.227900282701125e-10
NLD,power,2024-12-07 19:00:00,-1.2038763083553826e-10
NLD,power,2024-12-07 20:00:00,-1.1807854762113694e-10
NLD,power,2024-12-07 21:00:00,-1.179452807226782e-10
NLD,power,2024-12-07 22:00:00,-1.238774854380439e-10
NLD,power,2024-12-07 23:00:00,-1.3097545177554804e-10
NLD,power,2024-12-08 00:00:00,-1.3941157305651301e-10
NLD,power,2024-12-08 01:00:00,-1.463047913137959e-10
NLD,power,2024-12-08 02:00:00,0.0
NLD,power,2024-12-08 03:00:00,0.0
NLD,power,2024-12-08 04:00:00,0.0
NLD,power,2024-12-08 05:00:00,0.0
NLD,power,2024-12-08 06:00:00,0.0
NLD,power,2024-12-08 07:00:00,0.0
NLD,power,2024-12-08 08:00:00,0.0
NLD,power,2024-12-08 09:00:00,0.0
NLD,power,2024-12-08 10:00:00,0.0
NLD,power,2024-12-08 11:00:00,0.0
NLD,power,2024-12-08 12:00:00,0.0
NLD,power,2024-12-08 13:00:00,0.0
NLD,power,2024-12-08 14:00:00,0.0
NLD,power,2024-12-08 15:00:00,0.0
NLD,power,2024-12-08 16:00:00,-1.467580986054031e-10
NLD,power,2024-12-08 17:00:00,-1.2753468956790492e-10
NLD,power,2024-12-08 18:00:00,-1.1663420686268548e-10
NLD,power,2024-12-08 19:00:00,-1.1246898378541126e-10
NLD,power,2024-12-08 20:00:00,-1.0854588294285824e-10
NLD,power,2024-12-08 21:00:00,-1.0831535878084197e-10
NLD,power,2024-12-08 22:00:00,-1.1461183284809138e-10
NLD,power,2024-12-08 23:00:00,-1.2265977595877326e-10
NLD,power,2024-12-09 00:00:00,-1.2918376069190635e-10
NLD,power,2024-12-09 01:00:00,-1.343243101292488e-10
NLD,power,2024-12-09 02:00:00,-1.3642950423300286e-10
NLD,power,2024-12-09 03:00:00,-1.3495916361012256e-10
NLD,power,2024-12-09 04:00:00,-1.3221908426091034e-10
NLD,power,2024-12-09 05:00:00,-1.2598324769106161e-10
NLD,power,2024-12-09 06:00:00,-1.1424972019364369e-10
NLD,power,2024-12-09 07:00:00,-1.0265911897579277e-10
NLD,power,2024-12-09 08:00:00,-1.0358489019085604e-10
NLD,power,2024-12-09 09:00:00,-1.1936926817942306e-10
NLD,power,2024-12-09 10:00:00,-1.4406269048823033e-10
NLD,power,2024-12-09 11:00:00,-1.7026441340565208e-10
NLD,power,2024-12-09 12:00:00,0.0
NLD,power,2024-12-09 13:00:00,0.0
NLD,power,2024-12-09 14:00:00,-1.4657917154421504e-10
NLD,power,2024-12-09 15:00:00,-1.2041259887964507e-10
NLD,power,2024-12-09 16:00:00,9.92286845615583e-09
NLD,power,2024-12-09 17:00:00,0.015254519156668122
NLD,power,2024-12-09 18:00:00,0.0076272789805967
NLD,power,2024-12-09 19:00:00,0.007627269001006375
NLD,power,2024-12-09 20:00:00,0.0076274052857354755
NLD,power,2024-12-09 21:00:00,0.022881834666864442
NLD,power,2024-12-09 22:00:00,1.8164703303011385e-08
NLD,power,2024-12-09 23:00:00,1.3910505959908428e-08
NLD,power,2024-12-10 00:00:00,0.007627265685934016
NLD,power,2024-12-10 01:00:00,-1.0076225606083617e-10
NLD,power,2024-12-10 02:00:00,-1.0283047391371963e-10
NLD,power,2024-12-10 03:00:00,-1.0211228655635719e-10
NLD,power,2024-12-10 04:00:00,-1.0221531204812161e-10
NLD,power,2024-12-10 05:00:00,2.2231383214087665e-09
NLD,power,2024-12-10 06:00:00,8.18325103794464e-09
NLD,power,2024-12-10 07:00:00,0.04976841954768818
NLD,power,2024-12-10 08:00:00,0.04976841886820716
NLD,power,2024-12-10 09:00:00,1.5608723223738895e-09
NLD,power,2024-12-10 10:00:00,-1.1599228137506364e-10
NLD,power,2024-12-10 11:00:00,-1.1983797509389353e-10
NLD,power,2024-12-10 12:00:00,-1.204555555943706e-10
NLD,power,2024-12-10 13:00:00,-1.187883605704255e-10
NLD,power,2024-12-10 14:00:00,-1.1216548945132676e-10
NLD,power,2024-12-10 15:00:00,0.022881816244839207
NLD,power,2024-12-10 16:00:00,0.04976842054327446
NLD,power,2024-12-10 17:00:00,0.04976842075838658
NLD,power,2024-12-10 18:00:00,0.04976842083818476
NLD,power,2024-12-10 19:00:00,0.04976842088960952
NLD,power,2024-12-10 20:00:00,0.049768420930211194
NLD,power,2024-12-10 21:00:00,0.04976842091064779
NLD,power,2024-12-10 22:00:00,0.04976842072325548
NLD,power,2024-12-10 23:00:00,0.049768420367647254
NLD,power,2024-12-11 00:00:00,0.049768419830172175
NLD,power,2024-12-11 01:00:00,0.04976841764110616
NLD,power,2024-12-11 02:00:00,0.04976840897563304
NLD,power,2024-12-11 03:00:00,0.04976841137511031
NLD,power,2024-12-11 04:00:00,0.049768415385692336
NLD,power,2024-12-11 05:00:00,0.04976841850923432
NLD,power,2024-12-11 06:00:00,0.04976842029770245
NLD,power,2024-12-11 07:00:00,0.049768420822151126
NLD,power,2024-12-11 08:00:00,0.04976842077047194
NLD,power,2024-12-11 09:00:00,0.04976842002951738
NLD,power,2024-12-11 10:00:00,0.0152544684278603
NLD,power,2024-12-11 11:00:00,7.467152094063467e-08
NLD,power,2024-12-11 12:00:00,9.121053023636851e-09
NLD,power,2024-12-11 13:00:00,0.015254544267038263
NLD,power,2024-12-11 14:00:00,0.049768419793514214
NLD,power,2024-12-11 15:00:00,0.04976842069423992
NLD,power,2024-12-11 16:00:00,0.04976842088184083
NLD,power,2024-12-11 17:00:00,0.04976842086647468
NLD,power,2024-12-11 18:00:00,0.04976842087389727
NLD,power,2024-12-11 19:00:00,0.04976842084678077
NLD,power,2024-12-11 20:00:00,0.049768420883677195
NLD,power,2024-12-11 21:00:00,0.04976842087546685
NLD,power,2024-12-11 22:00:00,0.049768420684820736
NLD,power,2024-12-11 23:00:00,0.04976842026503766
NLD,power,2024-12-12 00:00:00,0.04976841869291292
NLD,power,2024-12-12 01:00:00,0.00762730104218023
NLD,power,2024-12-12 02:00:00,0.0076272738027761055
NLD,power,2024-12-12 03:00:00,0.007627273243464236
NLD,power,2024-12-12 04:00:00,0.007627272324521694
NLD,power,2024-12-12 05:00:00,0.00762727405083458
NLD,power,2024-12-12 06:00:00,0.04976841879849916
NLD,power,2024-12-12 07:00:00,0.04976842064067461
NLD,power,2024-12-12 08:00:00,0.049768420716240644
NLD,power,2024-12-12 09:00:00,0.04976842012054333
NLD,power,2024-12-12 10:00:00,0.015254542775737399
NLD,power,2024-12-12 11:00:00,3.988928154833692e-09
NLD,power,2024-12-12 12:00:00,1.1702736735218197e-08
NLD,power,2024-12-12 13:00:00,0.015254497552267226
NLD,power,2024-12-12 14:00:00,0.04976841857199018
NLD,power,2024-12-12 15:00:00,0.049768420611990036
NLD,power,2024-12-12 16:00:00,0.049768420901499064
NLD,power,2024-12-12 17:00:00,0.049768420912017615
NLD,power,2024-12-12 18:00:00,0.04976842089590055
NLD,power,2024-12-12 19:00:00,0.049768420873382124
NLD,power,2024-12-12 20:00:00,0.04976842091479016
NLD,power,2024-12-12 21:00:00,0.049768420911061095
NLD,power,2024-12-12 22:00:00,0.04976842073331509
NLD,power,2024-12-12 23:00:00,0.04976842042831889
NLD,power,2024-12-13 00:00:00,0.04976841993164672
NLD,power,2024-12-13 01:00:00,0.04976841880038072
NLD,power,2024-12-13 02:00:00,0.04976841635130412
NLD,power,2024-12-13 03:00:00,0.049768413323274516
NLD,power,2024-12-13 04:00:00,0.04976841518195862
NLD,power,2024-12-13 05:00:00,0.04976841820496391
NLD,power,2024-12-13 06:00:00,0.049768420208480185
NLD,power,2024-12-13 07:00:00,0.04976842078919383
NLD,power,2024-12-13 08:00:00,0.04976842083919373
NLD,power,2024-12-13 09:00:00,0.049768420658584896
NLD,power,2024-12-13 10:00:00,0.04976841903069322
NLD,power,2024-12-13 11:00:00,2.9763389390811176e-09
NLD,power,2024-12-13 12:00:00,2.2978314839532877e-09
NLD,power,2024-12-13 13:00:00,2.3478157755513864e-09
NLD,power,2024-12-13 14:00:00,4.9268062198584255e-09
NLD,power,2024-12-13 15:00:00,0.04976841969654114
NLD,power,2024-12-13 16:00:00,0.049768420805268575
NLD,power,2024-12-13 17:00:00,0.049768420864909985
NLD,power,2024-12-13 18:00:00,0.049768420920555195
NLD,power,2024-12-13 19:00:00,0.04976842088592344
NLD,power,2024-12-13 20:00:00,0.0497684208529953
NLD,power,2024-12-13 21:00:00,0.049768420757229224
NLD,power,2024-12-13 22:00:00,0.04976842036481628
NLD,power,2024-12-13 23:00:00,0.04976841847662834
NLD,power,2024-12-14 00:00:00,0.007627311474867433
NLD,power,2024-12-14 01:00:00,0.007627237405531592
NLD,power,2024-12-14 02:00:00,0.00762726927200158
NLD,power,2024-12-14 03:00:00,0.007627271272037094
NLD,power,2024-12-14 04:00:00,0.00762727069117362
NLD,power,2024-12-14 05:00:00,0.0076272692692279966
NLD,power,2024-12-14 06:00:00,0.0076272681841407985
NLD,power,2024-12-14 07:00:00,0.007627281089260835
NLD,power,2024-12-14 08:00:00,0.015254534812601266
NLD,power,2024-12-14 09:00:00,9.269666756843138e-09
NLD,power,2024-12-14 10:00:00,-1.1053817229660041e-10
NLD,power,2024-12-14 11:00:00,-1.2409931220791798e-10
NLD,power,2024-12-14 12:00:00,-1.3007272710360486e-10
NLD,power,2024-12-14 13:00:00,-1.272782631655258e-10
NLD,power,2024-12-14 14:00:00,-1.204724993725811e-10
NLD,power,2024-12-14 15:00:00,1.2362813081701396e-09
NLD,power,2024-12-14 16:00:00,0.04976841230442234
NLD,power,2024-12-14 17:00:00,0.049768418646906266
NLD,power,2024-12-14 18:00:00,0.049768419540401766
NLD,power,2024-12-14 19:00:00,0.04976841957845705
NLD,power,2024-12-14 20:00:00,0.04976841954776633
NLD,power,2024-12-14 21:00:00,0.049768418781262994
NLD,power,2024-12-14 22:00:00,0.03050908280138717
NLD,power,2024-12-14 23:00:00,7.293961457155093e-09
NLD,power,2024-12-15 00:00:00,5.232638934434454e-09
NLD,power,2024-12-15 01:00:00,-1.0105191808788707e-10
NLD,power,2024-12-15 02:00:00,-1.0340484291815209e-10
NLD,power,2024-12-15 03:00:00,-1.0631925553916066e-10
NLD,power,2024-12-15 04:00:00,-1.0814633278965883e-10
NLD,power,2024-12-15 05:00:00,-1.0825292178426714e-10
NLD,power,2024-12-15 06:00:00,-1.0728123767772394e-10
NLD,power,2024-12-15 07:00:00,-1.0462598136458203e-10
NLD,power,2024-12-15 08:00:00,-1.1222856464051439e-10
NLD,power,2024-12-15 09:00:00,-1.2523133815270672e-10
NLD,power,2024-12-15 10:00:00,-1.495955468893656e-10
NLD,power,2024-12-15 11:00:00,0.0
NLD,power,2024-12-15 12:00:00,0.0
NLD,power,2024-12-15 13:00:00,-1.5683317033597266e-10
NLD,power,2024-12-15 14:00:00,-1.3256583006755948e-10
NLD,power,2024-12-15 15:00:00,-1.1458274169862887e-10
NLD,power,2024-12-15 16:00:00,0.0152545128333502
NLD,power,2024-12-15 17:00:00,0.007627315634246539
NLD,power,2024-12-15 18:00:00,0.04976841499455617
NLD,power,2024-12-15 19:00:00,0.049768418376106925
NLD,power,2024-12-15 20:00:00,0.049768419309090185
NLD,power,2024-12-15 21:00:00,0.04976841936246895
NLD,power,2024-12-15 22:00:00,0.04976841643632472
NLD,power,2024-12-15 23:00:00,0.007627279097878927
NLD,power,2024-12-16 00:00:00,0.007627272275178172
NLD,power,2024-12-16 01:00:00,0.0076272704248232836
NLD,power,2024-12-16 02:00:00,0.00762727181302351
NLD,power,2024-12-16 03:00:00,0.007627271058311872
NLD,power,2024-12-16 04:00:00,0.007627263779571532
NLD,power,2024-12-16 05:00:00,2.4722847852353773e-09
NLD,power,2024-12-16 06:00:00,4.087290320664805e-09
NLD,power,2024-12-16 07:00:00,0.0497684183804127
NLD,power,2024-12-16 08:00:00,0.030509060861285683
NLD,power,2024-12-16 09:00:00,1.052668970077006e-09
NLD,power,2024-12-16 10:00:00,-1.2181202319617659e-10
NLD,power,2024-12-16 11:00:00,-1.3046750236222237e-10
NLD,power,2024-12-16 12:00:00,-1.3438259503870315e-10
NLD,power,2024-12-16 13:00:00,-1.284595603066889e-10
NLD,power,2024-12-16 14:00:00,-1.2109018194058517e-10
NLD,power,2024-12-16 15:00:00,1.277514414776454e-09
NLD,power,2024-12-16 16:00:00,0.04976841898096506
NLD,power,2024-12-16 17:00:00,0.04976842015241697
NLD,power,2024-12-16 18:00:00,0.0497684204355366
NLD,power,2024-12-16 19:00:00,0.04976842052186864
NLD,power,2024-12-16 20:00:00,0.04976842060586589
NLD,power,2024-12-16 21:00:00,0.04976842051748521
NLD,power,2024-12-16 22:00:00,0.049768419149397974
NLD,power,2024-12-16 23:00:00,0.015254569460610042
NLD,power,2024-12-17 00:00:00,1.1665526299963134e-08
NLD,power,2024-12-17 01:00:00,0.007627233572062295
NLD,power,2024-12-17 02:00:00,0.007627265105989917
NLD,power,2024-12-17 03:00:00,0.007627264025159898
NLD,power,2024-12-17 04:00:00,3.2796767332934507e-08
NLD,power,2024-12-17 05:00:00,2.6437059960986383e-09
NLD,power,2024-12-17 06:00:00,4.972071426639641e-08
NLD,power,2024-12-17 07:00:00,0.04976841971311291
NLD,power,2024-12-17 08:00:00,0.04976841998598422
NLD,power,2024-12-17 09:00:00,0.03050902748864509
NLD,power,2024-12-17 10:00:00,1.6302728971938308e-09
NLD,power,2024-12-17 11:00:00,-1.1076129325771115e-10
NLD,power,2024-12-17 12:00:00,-1.1036302976832602e-10
NLD,power,2024-12-17 13:00:00,-1.1350794036812296e-10
NLD,power,2024-12-17 14:00:00,1.196418769312715e-09
NLD,power,2024-12-17 15:00:00,0.022881887644046077
NLD,power,2024-12-17 16:00:00,0.049768420271906956
NLD,power,2024-12-17 17:00:00,0.04976842042003794
NLD,power,2024-12-17 18:00:00,0.04976842046301828
NLD,power,2024-12-17 19:00:00,0.04976842047301029
NLD,power,2024-12-17 20:00:00,0.0497684205194922
NLD,power,2024-12-17 21:00:00,0.04976842042048317
NLD,power,2024-12-17 22:00:00,0.04976841848560742
NLD,power,2024-12-17 23:00:00,1.2833846879043367e-07
NLD,power,2024-12-18 00:00:00,6.085900379516262e-09
NLD,power,2024-12-18 01:00:00,7.001948129930482e-09
NLD,power,2024-12-18 02:00:00,-1.0227440468951339e-10
NLD,power,2024-12-18 03:00:00,-1.0318739886319672e-10
NLD,power,2024-12-18 04:00:00,-1.0466565124296343e-10
NLD,power,2024-12-18 05:00:00,-1.0855571444988987e-10
NLD,power,2024-12-18 06:00:00,1.7883625035225526e-09
NLD,power,2024-12-18 07:00:00,0.04976840999032329
NLD,power,2024-12-18 08:00:00,0.04976841150503606
NLD,power,2024-12-18 09:00:00,6.175713494927287e-09
NLD,power,2024-12-18 10:00:00,-1.0773660782207902e-10
NLD,power,2024-12-18 11:00:00,-1.1599257790658603e-10
NLD,power,2024-12-18 12:00:00,-1.2220508124585367e-10
NLD,power,2024-12-18 13:00:00,-1.1924426644181093e-10
NLD,power,2024-12-18 14:00:00,-1.1373075365991853e-10
NLD,power,2024-12-18 15:00:00,2.076525350471221e-09
NLD,power,2024-12-18 16:00:00,0.022881823099791566
NLD,power,2024-12-18 17:00:00,0.007627277701704585
NLD,power,2024-12-18 18:00:00,0.04976838297140751
NLD,power,2024-12-18 19:00:00,0.007627871552941651
NLD,power,2024-12-18 20:00:00,0.04976839585577291
NLD,power,2024-12-18 21:00:00,0.022881837999789916
NLD,power,2024-12-18 22:00:00,3.0386245402755756e-09
NLD,power,2024-12-18 23:00:00,-1.0760043948619161e-10
NLD,power,2024-12-19 00:00:00,-1.1031645142896608e-10
NLD,power,2024-12-19 01:00:00,-1.1722810141914687e-10
NLD,power,2024-12-19 02:00:00,-1.22391360379007e-10
NLD,power,2024-12-19 03:00:00,-1.234930857618279e-10
NLD,power,2024-12-19 04:00:00,-1.2237841961167607e-10
NLD,power,2024-12-19 05:00:00,-1.2040582812287928e-10
NLD,power,2024-12-19 06:00:00,-1.1110451527835156e-10
NLD,power,2024-12-19 07:00:00,0.0
NLD,power,2024-12-19 08:00:00,0.0076272743594443596
NLD,power,2024-12-19 09:00:00,-1.0388416094413338e-10
NLD,power,2024-12-19 10:00:00,-1.2441374228599065e-10
NLD,power,2024-12-19 11:00:00,-1.5283822393460162e-10
NLD,power,2024-12-19 12:00:00,0.0
NLD,power,2024-12-19 13:00:00,0.0
NLD,power,2024-12-19 14:00:00,-1.4712681770008344e-10
NLD,power,2024-12-19 15:00:00,-1.1958250438690904e-10
NLD,power,2024-12-19 16:00:00,8.467697483122903e-09
NLD,power,2024-12-19 17:00:00,1.5632913616676587e-08
NLD,power,2024-12-19 18:00:00,0.022881791929441442
NLD,power,2024-12-19 19:00:00,0.0076272988791301725
NLD,power,2024-12-19 20:00:00,0.049768417435389865
NLD,power,2024-12-19 21:00:00,0.049768417161560476
NLD,power,2024-12-19 22:00:00,0.022881799304591048
NLD,power,2024-12-19 23:00:00,5.17192267185761e-09
NLD,power,2024-12-20 00:00:00,4.9561086056155635e-09
NLD,power,2024-12-20 01:00:00,-1.0317271530723924e-10
NLD,power,2024-12-20 02:00:00,-1.0583411090485364e-10
NLD,power,2024-12-20 03:00:00,-1.0591208982986229e-10
NLD,power,2024-12-20 04:00:00,-1.0540669874425229e-10
NLD,power,2024-12-20 05:00:00,-1.0935146244317485e-10
NLD,power,2024-12-20 06:00:00,1.4510588691421941e-09
NLD,power,2024-12-20 07:00:00,0.030509027877429533
NLD,power,2024-12-20 08:00:00,0.02288182231900761
NLD,power,2024-12-20 09:00:00,1.0042030210410748e-09
NLD,power,2024-12-20 10:00:00,-1.274379768466316e-10
NLD,power,2024-12-20 11:00:00,-1.3991855596103037e-10
NLD,power,2024-12-20 12:00:00,-1.4703822067708277e-10
NLD,power,2024-12-20 13:00:00,-1.428523145787606e-10
NLD,power,2024-12-20 14:00:00,-1.368717575606648e-10
NLD,power,2024-12-20 15:00:00,-1.1754389039916712e-10
NLD,power,2024-12-20 16:00:00,0.049768198250006154
NLD,power,2024-12-20 17:00:00,0.049768419864918555
NLD,power,2024-12-20 18:00:00,0.049768420380719505
NLD,power,2024-12-20 19:00:00,0.0497684204385713
NLD,power,2024-12-20 20:00:00,0.04976842046954195
NLD,power,2024-12-20 21:00:00,0.04976842039170938
NLD,power,2024-12-20 22:00:00,0.04976841983342203
NLD,power,2024-12-20 23:00:00,0.04976841480717703
NLD,power,2024-12-21 00:00:00,0.015254530136075953
NLD,power,2024-12-21 01:00:00,2.1901164266066222e-08
NLD,power,2024-12-21 02:00:00,0.007627262436618375
NLD,power,2024-12-21 03:00:00,0.007627268275388242
NLD,power,2024-12-21 04:00:00,0.007627265507173041
NLD,power,2024-12-21 05:00:00,0.007627260953441032
NLD,power,2024-12-21 06:00:00,0.007627266541221682
NLD,power,2024-12-21 07:00:00,0.0076272807726713516
NLD,power,2024-12-21 08:00:00,0.007627270312352863
NLD,power,2024-12-21 09:00:00,-1.0645470081748112e-10
NLD,power,2024-12-21 10:00:00,-1.2218836107153835e-10
NLD,power,2024-12-21 11:00:00,-1.3722709245938044e-10
NLD,power,2024-12-21 12:00:00,-1.4383210206491677e-10
NLD,power,2024-12-21 13:00:00,-1.3779627960544483e-10
NLD,power,2024-12-21 14:00:00,-1.2900560612490682e-10
NLD,power,2024-12-21 15:00:00,-1.1359301275585353e-10
NLD,power,2024-12-21 16:00:00,0.02288184912789913
NLD,power,2024-12-21 17:00:00,0.04976841720690216
NLD,power,2024-12-21 18:00:00,0.049768419521459474
NLD,power,2024-12-21 19:00:00,0.04976841947552827
NLD,power,2024-12-21 20:00:00,0.04976841933560603
NLD,power,2024-12-21 21:00:00,0.04976841806907522
NLD,power,2024-12-21 22:00:00,0.022881727446001643
NLD,power,2024-12-21 23:00:00,4.407712983481288e-08
NLD,power,2024-12-22 00:00:00,5.205089296962662e-08
NLD,power,2024-12-22 01:00:00,-1.0045607601495627e-10
NLD,power,2024-12-22 02:00:00,-1.0473917110335514e-10
NLD,power,2024-12-22 03:00:00,-1.0728447970145973e-10
NLD,power,2024-12-22 04:00:00,-1.0876818719718538e-10
NLD,power,2024-12-22 05:00:00,-1.0957347717676087e-10
NLD,power,2024-12-22 06:00:00,-1.0858081817083109e-10
NLD,power,2024-12-22 07:00:00,-1.076474352988227e-10
NLD,power,2024-12-22 08:00:00,-1.1385686620845385e-10
NLD,power,2024-12-22 09:00:00,-1.1924225314931315e-10
NLD,power,2024-12-22 10:00:00,-1.3938746914492083e-10
NLD,power,2024-12-22 11:00:00,-1.7643944816086782e-10
NLD,power,2024-12-22 12:00:00,0.0
NLD,power,2024-12-22 13:00:00,0.0
NLD,power,2024-12-22 14:00:00,-1.6775627687541273e-10
NLD,power,2024-12-22 15:00:00,-1.416071942198596e-10
NLD,power,2024-12-22 16:00:00,-1.1996059929915618e-10
NLD,power,2024-12-22 17:00:00,-1.1434903718188084e-10
NLD,power,2024-12-22 18:00:00,-1.0882330524642805e-10
NLD,power,2024-12-22 19:00:00,-1.0614265712164749e-10
NLD,power,2024-12-22 20:00:00,-1.0412779986049501e-10
NLD,power,2024-12-22 21:00:00,-1.0338821143265891e-10
NLD,power,2024-12-22 22:00:00,-1.0714259302870203e-10
NLD,power,2024-12-22 23:00:00,-1.140525649579788e-10
NLD,power,2024-12-23 00:00:00,-1.2221069462771147e-10
NLD,power,2024-12-23 01:00:00,-1.2903688860390938e-10
NLD,power,2024-12-23 02:00:00,-1.327448273413926e-10
NLD,power,2024-12-23 03:00:00,-1.3701430992294822e-10
NLD,power,2024-12-23 04:00:00,-1.3928729190557387e-10
NLD,power,2024-12-23 05:00:00,-1.3769363018797887e-10
NLD,power,2024-12-23 06:00:00,-1.2774470477571865e-10
NLD,power,2024-12-23 07:00:00,-1.1595576281295611e-10
NLD,power,2024-12-23 08:00:00,-1.1878344224176048e-10
NLD,power,2024-12-23 09:00:00,-1.447933770596296e-10
NLD,power,2024-12-23 10:00:00,-2.0774099234963963e-10
NLD,power,2024-12-23 11:00:00,0.0
NLD,power,2024-12-23 12:00:00,0.0
NLD,power,2024-12-23 13:00:00,0.0
NLD,power,2024-12-23 14:00:00,0.0
NLD,power,2024-12-23 15:00:00,-1.4953728699582023e-10
NLD,power,2024-12-23 16:00:00,-1.0935320093344977e-10
NLD,power,2024-12-23 17:00:00,0.007627200071073684
NLD,power,2024-12-23 18:00:00,0.0076273281994748915
NLD,power,2024-12-23 19:00:00,0.007627270524487835
NLD,power,2024-12-23 20:00:00,0.007627277510387348
NLD,power,2024-12-23 21:00:00,0.007627286384130355
NLD,power,2024-12-23 22:00:00,0.015254509792803149
NLD,power,2024-12-23 23:00:00,2.708999219785084e-08
NLD,power,2024-12-24 00:00:00,-1.0158550636234557e-10
NLD,power,2024-12-24 01:00:00,-1.0667017389155819e-10
NLD,power,2024-12-24 02:00:00,-1.100084603240026e-10
NLD,power,2024-12-24 03:00:00,-1.1146644776063445e-10
NLD,power,2024-12-24 04:00:00,-1.1192295476994059e-10
NLD,power,2024-12-24 05:00:00,-1.1102641183760315e-10
NLD,power,2024-12-24 06:00:00,-1.0588076383440206e-10
NLD,power,2024-12-24 07:00:00,0.007627258881141727
NLD,power,2024-12-24 08:00:00,-1.011295337754341e-10
NLD,power,2024-12-24 09:00:00,-1.1026009017508785e-10
NLD,power,2024-12-24 10:00:00,-1.287695825899676e-10
NLD,power,2024-12-24 11:00:00,-1.4561881384609396e-10
NLD,power,2024-12-24 12:00:00,-1.546268934146809e-10
NLD,power,2024-12-24 13:00:00,-1.4901392119129577e-10
NLD,power,2024-12-24 14:00:00,-1.330591295193481e-10
NLD,power,2024-12-24 15:00:00,-1.1301111536068333e-10
NLD,power,2024-12-24 16:00:00,0.007627261979596581
NLD,power,2024-12-24 17:00:00,0.0076272759624461265
NLD,power,2024-12-24 18:00:00,0.007627280059538288
NLD,power,2024-12-24 19:00:00,0.007627274483756355
NLD,power,2024-12-24 20:00:00,0.007627275859092376
NLD,power,2024-12-24 21:00:00,0.015254423369044316
NLD,power,2024-12-24 22:00:00,-1.0016356840518396e-10
NLD,power,2024-12-24 23:00:00,-1.0275347634658712e-10
NLD,power,2024-12-25 00:00:00,-1.0341410443295336e-10
NLD,power,2024-12-25 01:00:00,-1.0496812910010571e-10
NLD,power,2024-12-25 02:00:00,-1.0733134555199352e-10
NLD,power,2024-12-25 03:00:00,-1.0854063009924744e-10
NLD,power,2024-12-25 04:00:00,-1.0820770211911955e-10
NLD,power,2024-12-25 05:00:00,-1.0714677014583553e-10
NLD,power,2024-12-25 06:00:00,-1.0498080440687712e-10
NLD,power,2024-12-25 07:00:00,-1.0244300617017287e-10
NLD,power,2024-12-25 08:00:00,-1.0857393529680794e-10
NLD,power,2024-12-25 09:00:00,-1.2138302625470228e-10
NLD,power,2024-12-25 10:00:00,-1.3799933317699503e-10
NLD,power,2024-12-25 11:00:00,-1.5196944848143296e-10
NLD,power,2024-12-25 12:00:00,0.0
NLD,power,2024-12-25 13:00:00,-1.470920401311302e-10
NLD,power,2024-12-25 14:00:00,-1.3150347056357693e-10
NLD,power,2024-12-25 15:00:00,-1.1301133450537252e-10
NLD,power,2024-12-25 16:00:00,1.7709424103602975e-08
NLD,power,2024-12-25 17:00:00,0.015254561186874871
NLD,power,2024-12-25 18:00:00,0.007627294487351697
NLD,power,2024-12-25 19:00:00,0.007627536907372925
NLD,power,2024-12-25 20:00:00,0.04976841616775954
NLD,power,2024-12-25 21:00:00,0.049768417467992994
NLD,power,2024-12-25 22:00:00,0.007627390670320092
NLD,power,2024-12-25 23:00:00,0.007627187505623897
NLD,power,2024-12-26 00:00:00,0.007627266820096303
NLD,power,2024-12-26 01:00:00,0.007627269260564286
NLD,power,2024-12-26 02:00:00,0.0076272688442972
NLD,power,2024-12-26 03:00:00,0.007627268784944038
NLD,power,2024-12-26 04:00:00,0.007627266836603059
NLD,power,2024-12-26 05:00:00,8.004342285967925e-09
NLD,power,2024-12-26 06:00:00,7.278150446031756e-09
NLD,power,2024-12-26 07:00:00,0.02288185915220812
NLD,power,2024-12-26 08:00:00,0.022881747510527368
NLD,power,2024-12-26 09:00:00,2.35670669711757e-09
NLD,power,2024-12-26 10:00:00,-1.0988899932909553e-10
NLD,power,2024-12-26 11:00:00,-1.1846453419298032e-10
NLD,power,2024-12-26 12:00:00,-1.2114391606874964e-10
NLD,power,2024-12-26 13:00:00,-1.1797489603390126e-10
NLD,power,2024-12-26 14:00:00,-1.1401081947063919e-10
NLD,power,2024-12-26 15:00:00,1.4472096960361194e-09
NLD,power,2024-12-26 16:00:00,0.04976841796720834
NLD,power,2024-12-26 17:00:00,0.04976841996696988
NLD,power,2024-12-26 18:00:00,0.04976842027762949
NLD,power,2024-12-26 19:00:00,0.0497684203160854
NLD,power,2024-12-26 20:00:00,0.04976842039583545
NLD,power,2024-12-26 21:00:00,0.0497684203871572
NLD,power,2024-12-26 22:00:00,0.04976841987102038
NLD,power,2024-12-26 23:00:00,0.04976841447069669
NLD,power,2024-12-27 00:00:00,0.007627282995898729
NLD,power,2024-12-27 01:00:00,0.007627264454436744
NLD,power,2024-12-27 02:00:00,0.007627269833862212
NLD,power,2024-12-27 03:00:00,0.0076272705529464415
NLD,power,2024-12-27 04:00:00,0.0076272692488945654
NLD,power,2024-12-27 05:00:00,1.7711498857146784e-08
NLD,power,2024-12-27 06:00:00,7.575717352282638e-09
NLD,power,2024-12-27 07:00:00,0.022881802597751504
NLD,power,2024-12-27 08:00:00,0.02288182046582936
NLD,power,2024-12-27 09:00:00,2.3930158985982436e-09
NLD,power,2024-12-27 10:00:00,-1.1512762281148634e-10
NLD,power,2024-12-27 11:00:00,-1.2592334251290553e-10
NLD,power,2024-12-27 12:00:00,-1.3398810270385333e-10
NLD,power,2024-12-27 13:00:00,-1.3167721488697032e-10
NLD,power,2024-12-27 14:00:00,-1.2566755869281364e-10
NLD,power,2024-12-27 15:00:00,7.296042873729525e-10
NLD,power,2024-12-27 16:00:00,0.04976840807860343
NLD,power,2024-12-27 17:00:00,0.04976842002307901
NLD,power,2024-12-27 18:00:00,0.049768420433267666
NLD,power,2024-12-27 19:00:00,0.049768420462016634
NLD,power,2024-12-27 20:00:00,0.04976842044381041
NLD,power,2024-12-27 21:00:00,0.04976842032409918
NLD,power,2024-12-27 22:00:00,0.04976841939407491
NLD,power,2024-12-27 23:00:00,0.0076273194025777554
NLD,power,2024-12-28 00:00:00,0.007627254230501334
NLD,power,2024-12-28 01:00:00,0.007627266996096348
NLD,power,2024-12-28 02:00:00,0.007627268650110587
NLD,power,2024-12-28 03:00:00,0.007627269906894042
NLD,power,2024-12-28 04:00:00,0.007627268864044712
NLD,power,2024-12-28 05:00:00,0.007627268540904928
NLD,power,2024-12-28 06:00:00,0.0076272715592164446
NLD,power,2024-12-28 07:00:00,0.015254540677238162
NLD,power,2024-12-28 08:00:00,9.072719283841513e-09
NLD,power,2024-12-28 09:00:00,-1.0629416005667756e-10
NLD,power,2024-12-28 10:00:00,-1.2016526092354838e-10
NLD,power,2024-12-28 11:00:00,-1.352253258105912e-10
NLD,power,2024-12-28 12:00:00,-1.4041138704172536e-10
NLD,power,2024-12-28 13:00:00,-1.3445612899526083e-10
NLD,power,2024-12-28 14:00:00,-1.2492738591693212e-10
NLD,power,2024-12-28 15:00:00,8.932323455617646e-10
NLD,power,2024-12-28 16:00:00,0.04976841880402122
NLD,power,2024-12-28 17:00:00,0.049768420360540945
NLD,power,2024-12-28 18:00:00,0.0497684206407745
NLD,power,2024-12-28 19:00:00,0.04976842068195508
NLD,power,2024-12-28 20:00:00,0.04976842071279478
NLD,power,2024-12-28 21:00:00,0.049768420691702876
NLD,power,2024-12-28 22:00:00,0.04976842042607866
NLD,power,2024-12-28 23:00:00,0.049768419532976026
NLD,power,2024-12-29 00:00:00,0.015254548048334869
NLD,power,2024-12-29 01:00:00,2.771503960445456e-08
NLD,power,2024-12-29 02:00:00,0.007627266783626554
NLD,power,2024-12-29 03:00:00,0.007627270594302173
NLD,power,2024-12-29 04:00:00,0.0076272704737359535
NLD,power,2024-12-29 05:00:00,0.007627270502553605
NLD,power,2024-12-29 06:00:00,0.007627271595711716
NLD,power,2024-12-29 07:00:00,0.015254541878913222
NLD,power,2024-12-29 08:00:00,-1.060377174873948e-10
NLD,power,2024-12-29 09:00:00,-1.164950904642121e-10
NLD,power,2024-12-29 10:00:00,-1.3011034967417582e-10
NLD,power,2024-12-29 11:00:00,-1.4219121612218965e-10
NLD,power,2024-12-29 12:00:00,-1.4374724915651359e-10
NLD,power,2024-12-29 13:00:00,-1.3612952573017495e-10
NLD,power,2024-12-29 14:00:00,-1.2658895150368381e-10
NLD,power,2024-12-29 15:00:00,7.273299723708472e-10
NLD,power,2024-12-29 16:00:00,0.049768413620361655
NLD,power,2024-12-29 17:00:00,0.04976842001563004
NLD,power,2024-12-29 18:00:00,0.049768420478787656
NLD,power,2024-12-29 19:00:00,0.049768420549210504
NLD,power,2024-12-29 20:00:00,0.049768420601006017
NLD,power,2024-12-29 21:00:00,0.049768420583782357
NLD,power,2024-12-29 22:00:00,0.04976842018752789
NLD,power,2024-12-29 23:00:00,0.049768417404599696
NLD,power,2024-12-30 00:00:00,0.007627293646750414
NLD,power,2024-12-30 01:00:00,0.007627253072559675
NLD,power,2024-12-30 02:00:00,0.007627270758888447
NLD,power,2024-12-30 03:00:00,0.007627270697525955
NLD,power,2024-12-30 04:00:00,0.007627267851877234
NLD,power,2024-12-30 05:00:00,6.619367988829832e-09
NLD,power,2024-12-30 06:00:00,5.566786083232598e-09
NLD,power,2024-12-30 07:00:00,0.045763708674947244
NLD,power,2024-12-30 08:00:00,2.0514796352340715e-08
NLD,power,2024-12-30 09:00:00,2.856723570058095e-09
NLD,power,2024-12-30 10:00:00,-1.106271543959707e-10
NLD,power,2024-12-30 11:00:00,-1.2142528202457741e-10
NLD,power,2024-12-30 12:00:00,-1.262124054238072e-10
NLD,power,2024-12-30 13:00:00,-1.210405762556397e-10
NLD,power,2024-12-30 14:00:00,-1.1362584212823007e-10
NLD,power,2024-12-30 15:00:00,5.376252892632948e-09
NLD,power,2024-12-30 16:00:00,0.04976842038601114
NLD,power,2024-12-30 17:00:00,0.049768420737869974
NLD,power,2024-12-30 18:00:00,0.04976842081997636
NLD,power,2024-12-30 19:00:00,0.049768420820439474
NLD,power,2024-12-30 20:00:00,0.04976842082223343
NLD,power,2024-12-30 21:00:00,0.049768420797106465
NLD,power,2024-12-30 22:00:00,0.049768420621229506
NLD,power,2024-12-30 23:00:00,0.049768420094000385
